--
-- PostgreSQL database dump
--

\restrict B95m7AKNAcWuVEK62M7Y3HF6D5TDcaDvQbkBzVbeKloH0pVfwmIchuSIR1pcFt1

-- Dumped from database version 18.3
-- Dumped by pg_dump version 18.3

SET statement_timeout = 0;
SET lock_timeout = 0;
SET idle_in_transaction_session_timeout = 0;
SET transaction_timeout = 0;
SET client_encoding = 'UTF8';
SET standard_conforming_strings = on;
SELECT pg_catalog.set_config('search_path', '', false);
SET check_function_bodies = false;
SET xmloption = content;
SET client_min_messages = warning;
SET row_security = off;

--
-- Data for Name: autor; Type: TABLE DATA; Schema: public; Owner: postgres
--

SET session_replication_role = 'replica';

INSERT INTO public.autor (id_autor, nombre, nacionalidad) OVERRIDING SYSTEM VALUE VALUES (1, 'Thorndike Chung', 'China');
INSERT INTO public.autor (id_autor, nombre, nacionalidad) OVERRIDING SYSTEM VALUE VALUES (2, 'Kendall Winterton', 'Indonesia');
INSERT INTO public.autor (id_autor, nombre, nacionalidad) OVERRIDING SYSTEM VALUE VALUES (3, 'Rebe Maryan', 'Philippines');
INSERT INTO public.autor (id_autor, nombre, nacionalidad) OVERRIDING SYSTEM VALUE VALUES (4, 'Lynna Rudd', 'Italy');
INSERT INTO public.autor (id_autor, nombre, nacionalidad) OVERRIDING SYSTEM VALUE VALUES (5, 'Roanne Gayter', 'Indonesia');
INSERT INTO public.autor (id_autor, nombre, nacionalidad) OVERRIDING SYSTEM VALUE VALUES (6, 'Sula Gourlay', 'Luxembourg');
INSERT INTO public.autor (id_autor, nombre, nacionalidad) OVERRIDING SYSTEM VALUE VALUES (7, 'Ezri Mingardi', 'Poland');
INSERT INTO public.autor (id_autor, nombre, nacionalidad) OVERRIDING SYSTEM VALUE VALUES (8, 'Hamlin Zolini', 'Ukraine');
INSERT INTO public.autor (id_autor, nombre, nacionalidad) OVERRIDING SYSTEM VALUE VALUES (9, 'Lydon Loghan', 'Mauritius');
INSERT INTO public.autor (id_autor, nombre, nacionalidad) OVERRIDING SYSTEM VALUE VALUES (10, 'Craggy Corselles', 'Tunisia');
INSERT INTO public.autor (id_autor, nombre, nacionalidad) OVERRIDING SYSTEM VALUE VALUES (11, 'Danita Francescoccio', 'Panama');
INSERT INTO public.autor (id_autor, nombre, nacionalidad) OVERRIDING SYSTEM VALUE VALUES (12, 'Roley Weald', 'China');
INSERT INTO public.autor (id_autor, nombre, nacionalidad) OVERRIDING SYSTEM VALUE VALUES (13, 'Adlai Wallington', 'China');
INSERT INTO public.autor (id_autor, nombre, nacionalidad) OVERRIDING SYSTEM VALUE VALUES (14, 'Diarmid Kinnoch', 'China');
INSERT INTO public.autor (id_autor, nombre, nacionalidad) OVERRIDING SYSTEM VALUE VALUES (15, 'Cordula Grix', 'Samoa');
INSERT INTO public.autor (id_autor, nombre, nacionalidad) OVERRIDING SYSTEM VALUE VALUES (16, 'Evan Syne', 'Indonesia');
INSERT INTO public.autor (id_autor, nombre, nacionalidad) OVERRIDING SYSTEM VALUE VALUES (17, 'Ysabel Hollibone', 'Indonesia');
INSERT INTO public.autor (id_autor, nombre, nacionalidad) OVERRIDING SYSTEM VALUE VALUES (18, 'Delano White', 'Ghana');
INSERT INTO public.autor (id_autor, nombre, nacionalidad) OVERRIDING SYSTEM VALUE VALUES (19, 'Bennie Lowten', 'China');
INSERT INTO public.autor (id_autor, nombre, nacionalidad) OVERRIDING SYSTEM VALUE VALUES (20, 'Gal Gorey', 'Indonesia');
INSERT INTO public.autor (id_autor, nombre, nacionalidad) OVERRIDING SYSTEM VALUE VALUES (21, 'Corny Laborde', 'Indonesia');
INSERT INTO public.autor (id_autor, nombre, nacionalidad) OVERRIDING SYSTEM VALUE VALUES (22, 'Robbie Pabel', 'China');
INSERT INTO public.autor (id_autor, nombre, nacionalidad) OVERRIDING SYSTEM VALUE VALUES (23, 'Madelena Hamel', 'United States');
INSERT INTO public.autor (id_autor, nombre, nacionalidad) OVERRIDING SYSTEM VALUE VALUES (24, 'Meridel Colebourne', 'Croatia');
INSERT INTO public.autor (id_autor, nombre, nacionalidad) OVERRIDING SYSTEM VALUE VALUES (25, 'Baillie Stoffler', 'Philippines');
INSERT INTO public.autor (id_autor, nombre, nacionalidad) OVERRIDING SYSTEM VALUE VALUES (26, 'Sylas Willcot', 'Philippines');
INSERT INTO public.autor (id_autor, nombre, nacionalidad) OVERRIDING SYSTEM VALUE VALUES (27, 'Teddie Farbrother', 'Russia');
INSERT INTO public.autor (id_autor, nombre, nacionalidad) OVERRIDING SYSTEM VALUE VALUES (28, 'Carlynne Allsworth', 'China');
INSERT INTO public.autor (id_autor, nombre, nacionalidad) OVERRIDING SYSTEM VALUE VALUES (29, 'Estelle Lamplugh', 'Vietnam');
INSERT INTO public.autor (id_autor, nombre, nacionalidad) OVERRIDING SYSTEM VALUE VALUES (30, 'Tiertza Shury', 'Czech Republic');
INSERT INTO public.autor (id_autor, nombre, nacionalidad) OVERRIDING SYSTEM VALUE VALUES (31, 'Doro Byer', 'China');
INSERT INTO public.autor (id_autor, nombre, nacionalidad) OVERRIDING SYSTEM VALUE VALUES (32, 'Amelita Dono', 'Japan');
INSERT INTO public.autor (id_autor, nombre, nacionalidad) OVERRIDING SYSTEM VALUE VALUES (33, 'Candie Ricci', 'Indonesia');
INSERT INTO public.autor (id_autor, nombre, nacionalidad) OVERRIDING SYSTEM VALUE VALUES (34, 'Mateo Breinl', 'Benin');
INSERT INTO public.autor (id_autor, nombre, nacionalidad) OVERRIDING SYSTEM VALUE VALUES (35, 'Flint Scarfe', 'Philippines');
INSERT INTO public.autor (id_autor, nombre, nacionalidad) OVERRIDING SYSTEM VALUE VALUES (36, 'Delcine Mignot', 'China');
INSERT INTO public.autor (id_autor, nombre, nacionalidad) OVERRIDING SYSTEM VALUE VALUES (37, 'Isidoro Crosi', 'Colombia');
INSERT INTO public.autor (id_autor, nombre, nacionalidad) OVERRIDING SYSTEM VALUE VALUES (38, 'Cayla Ashment', 'Portugal');
INSERT INTO public.autor (id_autor, nombre, nacionalidad) OVERRIDING SYSTEM VALUE VALUES (39, 'Tailor Nern', 'Portugal');
INSERT INTO public.autor (id_autor, nombre, nacionalidad) OVERRIDING SYSTEM VALUE VALUES (40, 'Ronny Gabbett', 'Thailand');
INSERT INTO public.autor (id_autor, nombre, nacionalidad) OVERRIDING SYSTEM VALUE VALUES (41, 'Karly Grover', 'Poland');
INSERT INTO public.autor (id_autor, nombre, nacionalidad) OVERRIDING SYSTEM VALUE VALUES (42, 'Blancha Piggott', 'Brazil');
INSERT INTO public.autor (id_autor, nombre, nacionalidad) OVERRIDING SYSTEM VALUE VALUES (43, 'Devina Nockles', 'Philippines');
INSERT INTO public.autor (id_autor, nombre, nacionalidad) OVERRIDING SYSTEM VALUE VALUES (44, 'Marysa Loveard', 'Saudi Arabia');
INSERT INTO public.autor (id_autor, nombre, nacionalidad) OVERRIDING SYSTEM VALUE VALUES (45, 'Renae Costar', 'China');
INSERT INTO public.autor (id_autor, nombre, nacionalidad) OVERRIDING SYSTEM VALUE VALUES (46, 'Teodorico Rowlings', 'Sweden');
INSERT INTO public.autor (id_autor, nombre, nacionalidad) OVERRIDING SYSTEM VALUE VALUES (47, 'Rikki Cackett', 'Russia');
INSERT INTO public.autor (id_autor, nombre, nacionalidad) OVERRIDING SYSTEM VALUE VALUES (48, 'Galven Colcutt', 'Philippines');
INSERT INTO public.autor (id_autor, nombre, nacionalidad) OVERRIDING SYSTEM VALUE VALUES (49, 'Oralie Cathersides', 'New Zealand');
INSERT INTO public.autor (id_autor, nombre, nacionalidad) OVERRIDING SYSTEM VALUE VALUES (50, 'Camellia Caird', 'Colombia');
INSERT INTO public.autor (id_autor, nombre, nacionalidad) OVERRIDING SYSTEM VALUE VALUES (51, 'Beatriz Gudde', 'Canada');
INSERT INTO public.autor (id_autor, nombre, nacionalidad) OVERRIDING SYSTEM VALUE VALUES (52, 'Birgitta Pleavin', 'Iran');
INSERT INTO public.autor (id_autor, nombre, nacionalidad) OVERRIDING SYSTEM VALUE VALUES (53, 'Marwin Summerson', 'Portugal');
INSERT INTO public.autor (id_autor, nombre, nacionalidad) OVERRIDING SYSTEM VALUE VALUES (54, 'Blancha Woodrow', 'Peru');
INSERT INTO public.autor (id_autor, nombre, nacionalidad) OVERRIDING SYSTEM VALUE VALUES (55, 'Tally Dempsey', 'China');
INSERT INTO public.autor (id_autor, nombre, nacionalidad) OVERRIDING SYSTEM VALUE VALUES (56, 'Nannette Slaght', 'Argentina');
INSERT INTO public.autor (id_autor, nombre, nacionalidad) OVERRIDING SYSTEM VALUE VALUES (57, 'Kippie Deek', 'Colombia');
INSERT INTO public.autor (id_autor, nombre, nacionalidad) OVERRIDING SYSTEM VALUE VALUES (58, 'Halette Treadgall', 'Indonesia');
INSERT INTO public.autor (id_autor, nombre, nacionalidad) OVERRIDING SYSTEM VALUE VALUES (59, 'Deny Thoma', 'China');
INSERT INTO public.autor (id_autor, nombre, nacionalidad) OVERRIDING SYSTEM VALUE VALUES (60, 'Leta Keable', 'Sweden');
INSERT INTO public.autor (id_autor, nombre, nacionalidad) OVERRIDING SYSTEM VALUE VALUES (61, 'Pamelina Turmell', 'United States');
INSERT INTO public.autor (id_autor, nombre, nacionalidad) OVERRIDING SYSTEM VALUE VALUES (62, 'Gustav Cough', 'China');
INSERT INTO public.autor (id_autor, nombre, nacionalidad) OVERRIDING SYSTEM VALUE VALUES (63, 'Bren Connerly', 'Philippines');
INSERT INTO public.autor (id_autor, nombre, nacionalidad) OVERRIDING SYSTEM VALUE VALUES (64, 'Doralyn Upwood', 'Portugal');
INSERT INTO public.autor (id_autor, nombre, nacionalidad) OVERRIDING SYSTEM VALUE VALUES (65, 'Olav Allred', 'Ireland');
INSERT INTO public.autor (id_autor, nombre, nacionalidad) OVERRIDING SYSTEM VALUE VALUES (66, 'Gideon Bryers', 'China');
INSERT INTO public.autor (id_autor, nombre, nacionalidad) OVERRIDING SYSTEM VALUE VALUES (67, 'Patrice Southouse', 'Philippines');
INSERT INTO public.autor (id_autor, nombre, nacionalidad) OVERRIDING SYSTEM VALUE VALUES (68, 'Angelo Kindleysides', 'Poland');
INSERT INTO public.autor (id_autor, nombre, nacionalidad) OVERRIDING SYSTEM VALUE VALUES (69, 'Didi McIlhagga', 'China');
INSERT INTO public.autor (id_autor, nombre, nacionalidad) OVERRIDING SYSTEM VALUE VALUES (70, 'Gerrie Lockier', 'Kyrgyzstan');
INSERT INTO public.autor (id_autor, nombre, nacionalidad) OVERRIDING SYSTEM VALUE VALUES (71, 'Glad Roots', 'Saudi Arabia');
INSERT INTO public.autor (id_autor, nombre, nacionalidad) OVERRIDING SYSTEM VALUE VALUES (72, 'Ronda Nitto', 'Kosovo');
INSERT INTO public.autor (id_autor, nombre, nacionalidad) OVERRIDING SYSTEM VALUE VALUES (73, 'Corbett Surby', 'Norway');
INSERT INTO public.autor (id_autor, nombre, nacionalidad) OVERRIDING SYSTEM VALUE VALUES (74, 'Donny Bonnaire', 'Brazil');
INSERT INTO public.autor (id_autor, nombre, nacionalidad) OVERRIDING SYSTEM VALUE VALUES (75, 'Gussy Sebyer', 'Ukraine');
INSERT INTO public.autor (id_autor, nombre, nacionalidad) OVERRIDING SYSTEM VALUE VALUES (76, 'Alyosha Badman', 'Japan');
INSERT INTO public.autor (id_autor, nombre, nacionalidad) OVERRIDING SYSTEM VALUE VALUES (77, 'Viviana Ellacombe', 'China');
INSERT INTO public.autor (id_autor, nombre, nacionalidad) OVERRIDING SYSTEM VALUE VALUES (78, 'Roma Gayther', 'Russia');
INSERT INTO public.autor (id_autor, nombre, nacionalidad) OVERRIDING SYSTEM VALUE VALUES (79, 'Florry Mathie', 'Sweden');
INSERT INTO public.autor (id_autor, nombre, nacionalidad) OVERRIDING SYSTEM VALUE VALUES (80, 'Gerrilee Housbie', 'Venezuela');
INSERT INTO public.autor (id_autor, nombre, nacionalidad) OVERRIDING SYSTEM VALUE VALUES (81, 'Danica Demangel', 'Poland');
INSERT INTO public.autor (id_autor, nombre, nacionalidad) OVERRIDING SYSTEM VALUE VALUES (82, 'Jenifer Mattiuzzi', 'Poland');
INSERT INTO public.autor (id_autor, nombre, nacionalidad) OVERRIDING SYSTEM VALUE VALUES (83, 'Nicholas Kuhlmey', 'Indonesia');
INSERT INTO public.autor (id_autor, nombre, nacionalidad) OVERRIDING SYSTEM VALUE VALUES (84, 'Crichton Ilieve', 'Indonesia');
INSERT INTO public.autor (id_autor, nombre, nacionalidad) OVERRIDING SYSTEM VALUE VALUES (85, 'Riccardo Milne', 'Portugal');
INSERT INTO public.autor (id_autor, nombre, nacionalidad) OVERRIDING SYSTEM VALUE VALUES (86, 'Othelia Pollen', 'Sweden');
INSERT INTO public.autor (id_autor, nombre, nacionalidad) OVERRIDING SYSTEM VALUE VALUES (87, 'Minne Gibbs', 'Cuba');
INSERT INTO public.autor (id_autor, nombre, nacionalidad) OVERRIDING SYSTEM VALUE VALUES (88, 'Truman Penk', 'Armenia');
INSERT INTO public.autor (id_autor, nombre, nacionalidad) OVERRIDING SYSTEM VALUE VALUES (89, 'Reine Sanja', 'Thailand');
INSERT INTO public.autor (id_autor, nombre, nacionalidad) OVERRIDING SYSTEM VALUE VALUES (90, 'Dottie Marmyon', 'Colombia');
INSERT INTO public.autor (id_autor, nombre, nacionalidad) OVERRIDING SYSTEM VALUE VALUES (91, 'Matelda Housecraft', 'Philippines');
INSERT INTO public.autor (id_autor, nombre, nacionalidad) OVERRIDING SYSTEM VALUE VALUES (92, 'Loy Horley', 'Indonesia');
INSERT INTO public.autor (id_autor, nombre, nacionalidad) OVERRIDING SYSTEM VALUE VALUES (93, 'Andrei Ollet', 'France');
INSERT INTO public.autor (id_autor, nombre, nacionalidad) OVERRIDING SYSTEM VALUE VALUES (94, 'Melitta De Zuani', 'Tanzania');
INSERT INTO public.autor (id_autor, nombre, nacionalidad) OVERRIDING SYSTEM VALUE VALUES (95, 'Naomi Larwood', 'Brazil');
INSERT INTO public.autor (id_autor, nombre, nacionalidad) OVERRIDING SYSTEM VALUE VALUES (96, 'Alfy Riddock', 'Germany');
INSERT INTO public.autor (id_autor, nombre, nacionalidad) OVERRIDING SYSTEM VALUE VALUES (97, 'Elayne Mainds', 'Philippines');
INSERT INTO public.autor (id_autor, nombre, nacionalidad) OVERRIDING SYSTEM VALUE VALUES (98, 'Masha Medgewick', 'Ukraine');
INSERT INTO public.autor (id_autor, nombre, nacionalidad) OVERRIDING SYSTEM VALUE VALUES (99, 'Suzy Tapply', 'Canada');
INSERT INTO public.autor (id_autor, nombre, nacionalidad) OVERRIDING SYSTEM VALUE VALUES (100, 'Ertha Beames', 'China');


--
-- Data for Name: categoria; Type: TABLE DATA; Schema: public; Owner: postgres
--

INSERT INTO public.categoria (id_categoria, nombre_categoria) OVERRIDING SYSTEM VALUE VALUES (1, 'Tecnologia');
INSERT INTO public.categoria (id_categoria, nombre_categoria) OVERRIDING SYSTEM VALUE VALUES (2, 'Fantasia');
INSERT INTO public.categoria (id_categoria, nombre_categoria) OVERRIDING SYSTEM VALUE VALUES (3, 'Drama');
INSERT INTO public.categoria (id_categoria, nombre_categoria) OVERRIDING SYSTEM VALUE VALUES (4, 'Infantil');
INSERT INTO public.categoria (id_categoria, nombre_categoria) OVERRIDING SYSTEM VALUE VALUES (5, 'Matematicas');
INSERT INTO public.categoria (id_categoria, nombre_categoria) OVERRIDING SYSTEM VALUE VALUES (6, 'Aventura');
INSERT INTO public.categoria (id_categoria, nombre_categoria) OVERRIDING SYSTEM VALUE VALUES (7, 'Medicina');
INSERT INTO public.categoria (id_categoria, nombre_categoria) OVERRIDING SYSTEM VALUE VALUES (8, 'Misterio');
INSERT INTO public.categoria (id_categoria, nombre_categoria) OVERRIDING SYSTEM VALUE VALUES (9, 'Historia');
INSERT INTO public.categoria (id_categoria, nombre_categoria) OVERRIDING SYSTEM VALUE VALUES (10, 'Terror');
INSERT INTO public.categoria (id_categoria, nombre_categoria) OVERRIDING SYSTEM VALUE VALUES (11, 'Biografia');
INSERT INTO public.categoria (id_categoria, nombre_categoria) OVERRIDING SYSTEM VALUE VALUES (12, 'Educacion');
INSERT INTO public.categoria (id_categoria, nombre_categoria) OVERRIDING SYSTEM VALUE VALUES (13, 'Cuentos');
INSERT INTO public.categoria (id_categoria, nombre_categoria) OVERRIDING SYSTEM VALUE VALUES (14, 'Programacion');
INSERT INTO public.categoria (id_categoria, nombre_categoria) OVERRIDING SYSTEM VALUE VALUES (15, 'Ciencia Ficcion');
INSERT INTO public.categoria (id_categoria, nombre_categoria) OVERRIDING SYSTEM VALUE VALUES (16, 'Poesia');
INSERT INTO public.categoria (id_categoria, nombre_categoria) OVERRIDING SYSTEM VALUE VALUES (17, 'Juvenil');
INSERT INTO public.categoria (id_categoria, nombre_categoria) OVERRIDING SYSTEM VALUE VALUES (18, 'Fisica');
INSERT INTO public.categoria (id_categoria, nombre_categoria) OVERRIDING SYSTEM VALUE VALUES (19, 'Economia');
INSERT INTO public.categoria (id_categoria, nombre_categoria) OVERRIDING SYSTEM VALUE VALUES (20, 'Filosofia');


--
-- Data for Name: editorial; Type: TABLE DATA; Schema: public; Owner: postgres
--

INSERT INTO public.editorial (id_editorial, nombre, pais) OVERRIDING SYSTEM VALUE VALUES (1, 'Planeta', 'España');
INSERT INTO public.editorial (id_editorial, nombre, pais) OVERRIDING SYSTEM VALUE VALUES (2, 'Alfaguara', 'Estados Unidos');
INSERT INTO public.editorial (id_editorial, nombre, pais) OVERRIDING SYSTEM VALUE VALUES (3, 'Penguin Random House', 'España');
INSERT INTO public.editorial (id_editorial, nombre, pais) OVERRIDING SYSTEM VALUE VALUES (4, 'Anagrama', 'El Salvador');
INSERT INTO public.editorial (id_editorial, nombre, pais) OVERRIDING SYSTEM VALUE VALUES (5, 'Santillana', 'México');
INSERT INTO public.editorial (id_editorial, nombre, pais) OVERRIDING SYSTEM VALUE VALUES (6, 'Salamandra', 'Estados Unidos');
INSERT INTO public.editorial (id_editorial, nombre, pais) OVERRIDING SYSTEM VALUE VALUES (7, 'Debolsillo', 'Chile');
INSERT INTO public.editorial (id_editorial, nombre, pais) OVERRIDING SYSTEM VALUE VALUES (8, 'Norma Editorial', 'Argentina');
INSERT INTO public.editorial (id_editorial, nombre, pais) OVERRIDING SYSTEM VALUE VALUES (9, 'Tusquets', 'Colombia');
INSERT INTO public.editorial (id_editorial, nombre, pais) OVERRIDING SYSTEM VALUE VALUES (10, 'Océano', 'Colombia');
INSERT INTO public.editorial (id_editorial, nombre, pais) OVERRIDING SYSTEM VALUE VALUES (11, 'Siglo XXI', 'Argentina');
INSERT INTO public.editorial (id_editorial, nombre, pais) OVERRIDING SYSTEM VALUE VALUES (12, 'Akal', 'Estados Unidos');
INSERT INTO public.editorial (id_editorial, nombre, pais) OVERRIDING SYSTEM VALUE VALUES (13, 'Espasa', 'Estados Unidos');
INSERT INTO public.editorial (id_editorial, nombre, pais) OVERRIDING SYSTEM VALUE VALUES (14, 'Paidós', 'Perú');
INSERT INTO public.editorial (id_editorial, nombre, pais) OVERRIDING SYSTEM VALUE VALUES (15, 'Seix Barral', 'El Salvador');
INSERT INTO public.editorial (id_editorial, nombre, pais) OVERRIDING SYSTEM VALUE VALUES (16, 'Destino', 'México');
INSERT INTO public.editorial (id_editorial, nombre, pais) OVERRIDING SYSTEM VALUE VALUES (17, 'Ediciones B', 'Chile');
INSERT INTO public.editorial (id_editorial, nombre, pais) OVERRIDING SYSTEM VALUE VALUES (18, 'Pearson', 'El Salvador');
INSERT INTO public.editorial (id_editorial, nombre, pais) OVERRIDING SYSTEM VALUE VALUES (19, 'McGraw Hill', 'Argentina');
INSERT INTO public.editorial (id_editorial, nombre, pais) OVERRIDING SYSTEM VALUE VALUES (20, 'Cengage', 'Argentina');


--
-- Data for Name: libro; Type: TABLE DATA; Schema: public; Owner: postgres
--

INSERT INTO public.libro (isbn, titulo, anio_publicacion, id_editorial, id_categoria) VALUES ('651298545-1', 'non ligula pellentesque ultrices', 1621, 1, 12);
INSERT INTO public.libro (isbn, titulo, anio_publicacion, id_editorial, id_categoria) VALUES ('786932782-4', 'cubilia curae nulla', 2009, 17, 2);
INSERT INTO public.libro (isbn, titulo, anio_publicacion, id_editorial, id_categoria) VALUES ('541633113-5', 'justo aliquam quis turpis eget', 1946, 12, 10);
INSERT INTO public.libro (isbn, titulo, anio_publicacion, id_editorial, id_categoria) VALUES ('604524007-3', 'lacus morbi quis tortor id', 1914, 16, 1);
INSERT INTO public.libro (isbn, titulo, anio_publicacion, id_editorial, id_categoria) VALUES ('497137316-0', 'porttitor lorem id', 1980, 20, 13);
INSERT INTO public.libro (isbn, titulo, anio_publicacion, id_editorial, id_categoria) VALUES ('930958331-2', 'lobortis vel dapibus at', 1887, 10, 11);
INSERT INTO public.libro (isbn, titulo, anio_publicacion, id_editorial, id_categoria) VALUES ('325775102-8', 'suspendisse potenti cras', 1403, 2, 10);
INSERT INTO public.libro (isbn, titulo, anio_publicacion, id_editorial, id_categoria) VALUES ('457433970-5', 'nunc viverra dapibus nulla', 1700, 4, 4);
INSERT INTO public.libro (isbn, titulo, anio_publicacion, id_editorial, id_categoria) VALUES ('328092195-3', 'mattis odio', 1413, 6, 11);
INSERT INTO public.libro (isbn, titulo, anio_publicacion, id_editorial, id_categoria) VALUES ('807164314-9', 'morbi quis tortor', 1589, 15, 6);
INSERT INTO public.libro (isbn, titulo, anio_publicacion, id_editorial, id_categoria) VALUES ('178659730-6', 'non sodales sed tincidunt eu', 1655, 10, 6);
INSERT INTO public.libro (isbn, titulo, anio_publicacion, id_editorial, id_categoria) VALUES ('133183878-9', 'suspendisse potenti nullam', 2020, 5, 1);
INSERT INTO public.libro (isbn, titulo, anio_publicacion, id_editorial, id_categoria) VALUES ('231595323-5', 'lectus suspendisse potenti', 1800, 5, 20);
INSERT INTO public.libro (isbn, titulo, anio_publicacion, id_editorial, id_categoria) VALUES ('319135884-6', 'pellentesque volutpat', 1615, 9, 17);
INSERT INTO public.libro (isbn, titulo, anio_publicacion, id_editorial, id_categoria) VALUES ('823737875-X', 'nunc commodo', 1560, 14, 1);
INSERT INTO public.libro (isbn, titulo, anio_publicacion, id_editorial, id_categoria) VALUES ('576225842-4', 'ligula vehicula', 1509, 15, 14);
INSERT INTO public.libro (isbn, titulo, anio_publicacion, id_editorial, id_categoria) VALUES ('487322723-2', 'nisl duis ac nibh fusce', 1470, 4, 13);
INSERT INTO public.libro (isbn, titulo, anio_publicacion, id_editorial, id_categoria) VALUES ('504639956-3', 'praesent blandit lacinia erat', 1640, 18, 1);
INSERT INTO public.libro (isbn, titulo, anio_publicacion, id_editorial, id_categoria) VALUES ('644400322-9', 'rhoncus mauris enim leo rhoncus', 1675, 5, 5);
INSERT INTO public.libro (isbn, titulo, anio_publicacion, id_editorial, id_categoria) VALUES ('697924950-9', 'in quam', 1986, 5, 12);
INSERT INTO public.libro (isbn, titulo, anio_publicacion, id_editorial, id_categoria) VALUES ('300926110-1', 'a libero nam dui', 1679, 12, 7);
INSERT INTO public.libro (isbn, titulo, anio_publicacion, id_editorial, id_categoria) VALUES ('936653860-6', 'feugiat non pretium quis', 1548, 5, 19);
INSERT INTO public.libro (isbn, titulo, anio_publicacion, id_editorial, id_categoria) VALUES ('654124691-2', 'arcu libero rutrum ac lobortis', 1621, 10, 20);
INSERT INTO public.libro (isbn, titulo, anio_publicacion, id_editorial, id_categoria) VALUES ('118777909-1', 'lobortis convallis tortor', 1567, 15, 11);
INSERT INTO public.libro (isbn, titulo, anio_publicacion, id_editorial, id_categoria) VALUES ('055096233-6', 'fusce consequat nulla', 1886, 20, 4);
INSERT INTO public.libro (isbn, titulo, anio_publicacion, id_editorial, id_categoria) VALUES ('386207716-0', 'ridiculus mus vivamus', 1638, 2, 15);
INSERT INTO public.libro (isbn, titulo, anio_publicacion, id_editorial, id_categoria) VALUES ('175720772-4', 'vel nisl duis', 1436, 13, 4);
INSERT INTO public.libro (isbn, titulo, anio_publicacion, id_editorial, id_categoria) VALUES ('646444013-6', 'bibendum imperdiet nullam', 1688, 20, 2);
INSERT INTO public.libro (isbn, titulo, anio_publicacion, id_editorial, id_categoria) VALUES ('275523982-4', 'faucibus cursus urna ut', 1529, 9, 15);
INSERT INTO public.libro (isbn, titulo, anio_publicacion, id_editorial, id_categoria) VALUES ('887850566-8', 'fermentum justo nec', 1629, 8, 15);
INSERT INTO public.libro (isbn, titulo, anio_publicacion, id_editorial, id_categoria) VALUES ('127399357-8', 'pretium iaculis diam', 1632, 16, 3);
INSERT INTO public.libro (isbn, titulo, anio_publicacion, id_editorial, id_categoria) VALUES ('579205436-3', 'mauris ullamcorper purus sit', 1400, 15, 4);
INSERT INTO public.libro (isbn, titulo, anio_publicacion, id_editorial, id_categoria) VALUES ('456999284-6', 'venenatis lacinia', 1904, 20, 16);
INSERT INTO public.libro (isbn, titulo, anio_publicacion, id_editorial, id_categoria) VALUES ('586979065-4', 'dictumst morbi vestibulum velit id', 1890, 3, 9);
INSERT INTO public.libro (isbn, titulo, anio_publicacion, id_editorial, id_categoria) VALUES ('662720338-3', 'ornare imperdiet sapien urna pretium', 2021, 5, 7);
INSERT INTO public.libro (isbn, titulo, anio_publicacion, id_editorial, id_categoria) VALUES ('822263806-8', 'bibendum morbi non', 1779, 6, 17);
INSERT INTO public.libro (isbn, titulo, anio_publicacion, id_editorial, id_categoria) VALUES ('621685977-3', 'faucibus orci luctus et ultrices', 1661, 19, 18);
INSERT INTO public.libro (isbn, titulo, anio_publicacion, id_editorial, id_categoria) VALUES ('617193816-5', 'rutrum at lorem integer', 1426, 19, 4);
INSERT INTO public.libro (isbn, titulo, anio_publicacion, id_editorial, id_categoria) VALUES ('441319017-3', 'vel augue', 1736, 20, 9);
INSERT INTO public.libro (isbn, titulo, anio_publicacion, id_editorial, id_categoria) VALUES ('986497855-1', 'ligula nec sem duis', 1907, 20, 2);
INSERT INTO public.libro (isbn, titulo, anio_publicacion, id_editorial, id_categoria) VALUES ('887339504-X', 'varius nulla', 1438, 5, 16);
INSERT INTO public.libro (isbn, titulo, anio_publicacion, id_editorial, id_categoria) VALUES ('783534982-5', 'curabitur at ipsum ac', 1496, 15, 19);
INSERT INTO public.libro (isbn, titulo, anio_publicacion, id_editorial, id_categoria) VALUES ('911016461-8', 'quam nec', 1810, 4, 2);
INSERT INTO public.libro (isbn, titulo, anio_publicacion, id_editorial, id_categoria) VALUES ('216783088-2', 'morbi porttitor lorem id', 1716, 14, 19);
INSERT INTO public.libro (isbn, titulo, anio_publicacion, id_editorial, id_categoria) VALUES ('570664292-3', 'vestibulum ac est lacinia', 1443, 11, 11);
INSERT INTO public.libro (isbn, titulo, anio_publicacion, id_editorial, id_categoria) VALUES ('383530645-6', 'et magnis dis', 1792, 8, 11);
INSERT INTO public.libro (isbn, titulo, anio_publicacion, id_editorial, id_categoria) VALUES ('152502580-5', 'sagittis sapien cum', 1508, 13, 11);
INSERT INTO public.libro (isbn, titulo, anio_publicacion, id_editorial, id_categoria) VALUES ('830592632-X', 'elit proin', 1648, 15, 13);
INSERT INTO public.libro (isbn, titulo, anio_publicacion, id_editorial, id_categoria) VALUES ('759302938-7', 'auctor sed tristique in', 1558, 19, 20);
INSERT INTO public.libro (isbn, titulo, anio_publicacion, id_editorial, id_categoria) VALUES ('180426615-9', 'praesent blandit', 1680, 12, 11);
INSERT INTO public.libro (isbn, titulo, anio_publicacion, id_editorial, id_categoria) VALUES ('847054549-3', 'convallis tortor risus', 1800, 4, 12);
INSERT INTO public.libro (isbn, titulo, anio_publicacion, id_editorial, id_categoria) VALUES ('464430496-4', 'eu tincidunt in leo maecenas', 1438, 11, 13);
INSERT INTO public.libro (isbn, titulo, anio_publicacion, id_editorial, id_categoria) VALUES ('515547607-0', 'vivamus vel nulla', 1767, 7, 15);
INSERT INTO public.libro (isbn, titulo, anio_publicacion, id_editorial, id_categoria) VALUES ('539503604-0', 'pede ac diam cras', 1694, 15, 3);
INSERT INTO public.libro (isbn, titulo, anio_publicacion, id_editorial, id_categoria) VALUES ('065516694-7', 'enim leo', 1730, 15, 2);
INSERT INTO public.libro (isbn, titulo, anio_publicacion, id_editorial, id_categoria) VALUES ('012062114-2', 'vestibulum rutrum rutrum neque', 1750, 1, 11);
INSERT INTO public.libro (isbn, titulo, anio_publicacion, id_editorial, id_categoria) VALUES ('852581615-9', 'eget congue eget', 1541, 3, 20);
INSERT INTO public.libro (isbn, titulo, anio_publicacion, id_editorial, id_categoria) VALUES ('460754038-2', 'duis at velit', 2012, 3, 11);
INSERT INTO public.libro (isbn, titulo, anio_publicacion, id_editorial, id_categoria) VALUES ('189552424-5', 'eget eros elementum pellentesque', 1745, 12, 9);
INSERT INTO public.libro (isbn, titulo, anio_publicacion, id_editorial, id_categoria) VALUES ('119715874-X', 'lectus pellentesque at nulla', 1562, 12, 20);
INSERT INTO public.libro (isbn, titulo, anio_publicacion, id_editorial, id_categoria) VALUES ('753154234-X', 'dapibus at diam', 1460, 16, 13);
INSERT INTO public.libro (isbn, titulo, anio_publicacion, id_editorial, id_categoria) VALUES ('470363986-6', 'luctus nec', 2015, 15, 7);
INSERT INTO public.libro (isbn, titulo, anio_publicacion, id_editorial, id_categoria) VALUES ('107784152-3', 'odio donec vitae', 1772, 13, 4);
INSERT INTO public.libro (isbn, titulo, anio_publicacion, id_editorial, id_categoria) VALUES ('698929951-7', 'ut nunc vestibulum ante ipsum', 1699, 19, 8);
INSERT INTO public.libro (isbn, titulo, anio_publicacion, id_editorial, id_categoria) VALUES ('958104696-8', 'magna ac', 1663, 9, 6);
INSERT INTO public.libro (isbn, titulo, anio_publicacion, id_editorial, id_categoria) VALUES ('679885521-0', 'ac nulla sed', 1660, 2, 19);
INSERT INTO public.libro (isbn, titulo, anio_publicacion, id_editorial, id_categoria) VALUES ('332264511-8', 'proin at turpis', 1448, 5, 1);
INSERT INTO public.libro (isbn, titulo, anio_publicacion, id_editorial, id_categoria) VALUES ('298274866-5', 'ac nibh fusce', 1549, 12, 7);
INSERT INTO public.libro (isbn, titulo, anio_publicacion, id_editorial, id_categoria) VALUES ('712857777-7', 'sociis natoque penatibus et', 1599, 9, 12);
INSERT INTO public.libro (isbn, titulo, anio_publicacion, id_editorial, id_categoria) VALUES ('558492268-4', 'quam sapien varius ut blandit', 1427, 5, 19);
INSERT INTO public.libro (isbn, titulo, anio_publicacion, id_editorial, id_categoria) VALUES ('276065821-X', 'elementum nullam varius nulla facilisi', 1494, 18, 12);
INSERT INTO public.libro (isbn, titulo, anio_publicacion, id_editorial, id_categoria) VALUES ('870204065-4', 'eleifend pede libero quis orci', 2024, 12, 20);
INSERT INTO public.libro (isbn, titulo, anio_publicacion, id_editorial, id_categoria) VALUES ('381356446-0', 'porttitor lorem id ligula suspendisse', 1686, 5, 16);
INSERT INTO public.libro (isbn, titulo, anio_publicacion, id_editorial, id_categoria) VALUES ('716144767-4', 'eu felis', 1808, 16, 13);
INSERT INTO public.libro (isbn, titulo, anio_publicacion, id_editorial, id_categoria) VALUES ('892816223-8', 'aliquam augue quam sollicitudin vitae', 1454, 20, 14);
INSERT INTO public.libro (isbn, titulo, anio_publicacion, id_editorial, id_categoria) VALUES ('324648477-5', 'morbi quis tortor id', 1558, 12, 14);
INSERT INTO public.libro (isbn, titulo, anio_publicacion, id_editorial, id_categoria) VALUES ('419054324-1', 'morbi vel lectus in quam', 1632, 20, 19);
INSERT INTO public.libro (isbn, titulo, anio_publicacion, id_editorial, id_categoria) VALUES ('616617052-1', 'donec dapibus duis at', 1462, 1, 12);
INSERT INTO public.libro (isbn, titulo, anio_publicacion, id_editorial, id_categoria) VALUES ('635241812-0', 'amet eros suspendisse accumsan', 1547, 3, 17);
INSERT INTO public.libro (isbn, titulo, anio_publicacion, id_editorial, id_categoria) VALUES ('361020834-1', 'vivamus tortor duis mattis', 1591, 9, 10);
INSERT INTO public.libro (isbn, titulo, anio_publicacion, id_editorial, id_categoria) VALUES ('615533947-3', 'lectus suspendisse potenti in', 1875, 19, 20);
INSERT INTO public.libro (isbn, titulo, anio_publicacion, id_editorial, id_categoria) VALUES ('531397162-X', 'amet cursus id turpis integer', 1850, 14, 6);
INSERT INTO public.libro (isbn, titulo, anio_publicacion, id_editorial, id_categoria) VALUES ('246553054-2', 'faucibus orci luctus', 1630, 3, 20);
INSERT INTO public.libro (isbn, titulo, anio_publicacion, id_editorial, id_categoria) VALUES ('070569805-X', 'nulla nunc', 1917, 15, 4);
INSERT INTO public.libro (isbn, titulo, anio_publicacion, id_editorial, id_categoria) VALUES ('422352273-6', 'et ultrices posuere', 1489, 13, 17);
INSERT INTO public.libro (isbn, titulo, anio_publicacion, id_editorial, id_categoria) VALUES ('234463188-7', 'purus eu magna', 2002, 20, 12);
INSERT INTO public.libro (isbn, titulo, anio_publicacion, id_editorial, id_categoria) VALUES ('300531852-4', 'integer aliquet massa', 1814, 14, 4);
INSERT INTO public.libro (isbn, titulo, anio_publicacion, id_editorial, id_categoria) VALUES ('525929881-0', 'sed nisl nunc rhoncus', 1796, 2, 5);
INSERT INTO public.libro (isbn, titulo, anio_publicacion, id_editorial, id_categoria) VALUES ('939475230-7', 'ante nulla justo aliquam', 1575, 16, 17);
INSERT INTO public.libro (isbn, titulo, anio_publicacion, id_editorial, id_categoria) VALUES ('226409642-6', 'in hac', 1406, 15, 1);
INSERT INTO public.libro (isbn, titulo, anio_publicacion, id_editorial, id_categoria) VALUES ('242842569-2', 'eget tincidunt eget tempus', 1513, 13, 10);
INSERT INTO public.libro (isbn, titulo, anio_publicacion, id_editorial, id_categoria) VALUES ('797008749-3', 'congue vivamus metus', 1643, 2, 17);
INSERT INTO public.libro (isbn, titulo, anio_publicacion, id_editorial, id_categoria) VALUES ('235976956-1', 'aliquam augue', 1419, 9, 20);
INSERT INTO public.libro (isbn, titulo, anio_publicacion, id_editorial, id_categoria) VALUES ('285211921-8', 'odio elementum', 1812, 18, 6);
INSERT INTO public.libro (isbn, titulo, anio_publicacion, id_editorial, id_categoria) VALUES ('566951940-X', 'quisque ut erat', 1807, 20, 9);
INSERT INTO public.libro (isbn, titulo, anio_publicacion, id_editorial, id_categoria) VALUES ('178932913-2', 'tincidunt nulla', 1412, 14, 16);
INSERT INTO public.libro (isbn, titulo, anio_publicacion, id_editorial, id_categoria) VALUES ('755563985-8', 'accumsan tellus nisi', 1465, 11, 13);
INSERT INTO public.libro (isbn, titulo, anio_publicacion, id_editorial, id_categoria) VALUES ('050647082-2', 'pellentesque at nulla', 1786, 7, 16);
INSERT INTO public.libro (isbn, titulo, anio_publicacion, id_editorial, id_categoria) VALUES ('764687351-9', 'nec nisi volutpat', 1401, 9, 12);
INSERT INTO public.libro (isbn, titulo, anio_publicacion, id_editorial, id_categoria) VALUES ('621483444-7', 'lectus suspendisse', 1926, 14, 1);


--
-- Data for Name: ejemplar; Type: TABLE DATA; Schema: public; Owner: postgres
--

INSERT INTO public.ejemplar (id_ejemplar, isbn, estado) OVERRIDING SYSTEM VALUE VALUES (2, '651298545-1', 'Reservado');
INSERT INTO public.ejemplar (id_ejemplar, isbn, estado) OVERRIDING SYSTEM VALUE VALUES (3, '786932782-4', 'Disponible');
INSERT INTO public.ejemplar (id_ejemplar, isbn, estado) OVERRIDING SYSTEM VALUE VALUES (4, '541633113-5', 'Disponible');
INSERT INTO public.ejemplar (id_ejemplar, isbn, estado) OVERRIDING SYSTEM VALUE VALUES (5, '604524007-3', 'Disponible');
INSERT INTO public.ejemplar (id_ejemplar, isbn, estado) OVERRIDING SYSTEM VALUE VALUES (6, '497137316-0', 'Disponible');
INSERT INTO public.ejemplar (id_ejemplar, isbn, estado) OVERRIDING SYSTEM VALUE VALUES (7, '930958331-2', 'Reservado');
INSERT INTO public.ejemplar (id_ejemplar, isbn, estado) OVERRIDING SYSTEM VALUE VALUES (8, '325775102-8', 'Disponible');
INSERT INTO public.ejemplar (id_ejemplar, isbn, estado) OVERRIDING SYSTEM VALUE VALUES (9, '457433970-5', 'Disponible');
INSERT INTO public.ejemplar (id_ejemplar, isbn, estado) OVERRIDING SYSTEM VALUE VALUES (10, '328092195-3', 'Disponible');
INSERT INTO public.ejemplar (id_ejemplar, isbn, estado) OVERRIDING SYSTEM VALUE VALUES (11, '807164314-9', 'Disponible');
INSERT INTO public.ejemplar (id_ejemplar, isbn, estado) OVERRIDING SYSTEM VALUE VALUES (12, '178659730-6', 'Reservado');
INSERT INTO public.ejemplar (id_ejemplar, isbn, estado) OVERRIDING SYSTEM VALUE VALUES (13, '133183878-9', 'Disponible');
INSERT INTO public.ejemplar (id_ejemplar, isbn, estado) OVERRIDING SYSTEM VALUE VALUES (14, '231595323-5', 'Disponible');
INSERT INTO public.ejemplar (id_ejemplar, isbn, estado) OVERRIDING SYSTEM VALUE VALUES (15, '319135884-6', 'Disponible');
INSERT INTO public.ejemplar (id_ejemplar, isbn, estado) OVERRIDING SYSTEM VALUE VALUES (16, '823737875-X', 'Disponible');
INSERT INTO public.ejemplar (id_ejemplar, isbn, estado) OVERRIDING SYSTEM VALUE VALUES (17, '576225842-4', 'Reservado');
INSERT INTO public.ejemplar (id_ejemplar, isbn, estado) OVERRIDING SYSTEM VALUE VALUES (18, '487322723-2', 'Disponible');
INSERT INTO public.ejemplar (id_ejemplar, isbn, estado) OVERRIDING SYSTEM VALUE VALUES (19, '504639956-3', 'Disponible');
INSERT INTO public.ejemplar (id_ejemplar, isbn, estado) OVERRIDING SYSTEM VALUE VALUES (20, '644400322-9', 'Disponible');
INSERT INTO public.ejemplar (id_ejemplar, isbn, estado) OVERRIDING SYSTEM VALUE VALUES (21, '697924950-9', 'Disponible');
INSERT INTO public.ejemplar (id_ejemplar, isbn, estado) OVERRIDING SYSTEM VALUE VALUES (22, '300926110-1', 'Reservado');
INSERT INTO public.ejemplar (id_ejemplar, isbn, estado) OVERRIDING SYSTEM VALUE VALUES (23, '936653860-6', 'Disponible');
INSERT INTO public.ejemplar (id_ejemplar, isbn, estado) OVERRIDING SYSTEM VALUE VALUES (24, '654124691-2', 'Disponible');
INSERT INTO public.ejemplar (id_ejemplar, isbn, estado) OVERRIDING SYSTEM VALUE VALUES (25, '118777909-1', 'Disponible');
INSERT INTO public.ejemplar (id_ejemplar, isbn, estado) OVERRIDING SYSTEM VALUE VALUES (26, '055096233-6', 'Disponible');
INSERT INTO public.ejemplar (id_ejemplar, isbn, estado) OVERRIDING SYSTEM VALUE VALUES (27, '386207716-0', 'Reservado');
INSERT INTO public.ejemplar (id_ejemplar, isbn, estado) OVERRIDING SYSTEM VALUE VALUES (28, '175720772-4', 'Disponible');
INSERT INTO public.ejemplar (id_ejemplar, isbn, estado) OVERRIDING SYSTEM VALUE VALUES (29, '646444013-6', 'Disponible');
INSERT INTO public.ejemplar (id_ejemplar, isbn, estado) OVERRIDING SYSTEM VALUE VALUES (30, '275523982-4', 'Disponible');
INSERT INTO public.ejemplar (id_ejemplar, isbn, estado) OVERRIDING SYSTEM VALUE VALUES (31, '887850566-8', 'Disponible');
INSERT INTO public.ejemplar (id_ejemplar, isbn, estado) OVERRIDING SYSTEM VALUE VALUES (32, '127399357-8', 'Reservado');
INSERT INTO public.ejemplar (id_ejemplar, isbn, estado) OVERRIDING SYSTEM VALUE VALUES (33, '579205436-3', 'Disponible');
INSERT INTO public.ejemplar (id_ejemplar, isbn, estado) OVERRIDING SYSTEM VALUE VALUES (34, '456999284-6', 'Disponible');
INSERT INTO public.ejemplar (id_ejemplar, isbn, estado) OVERRIDING SYSTEM VALUE VALUES (35, '586979065-4', 'Disponible');
INSERT INTO public.ejemplar (id_ejemplar, isbn, estado) OVERRIDING SYSTEM VALUE VALUES (36, '662720338-3', 'Disponible');
INSERT INTO public.ejemplar (id_ejemplar, isbn, estado) OVERRIDING SYSTEM VALUE VALUES (37, '822263806-8', 'Reservado');
INSERT INTO public.ejemplar (id_ejemplar, isbn, estado) OVERRIDING SYSTEM VALUE VALUES (38, '621685977-3', 'Disponible');
INSERT INTO public.ejemplar (id_ejemplar, isbn, estado) OVERRIDING SYSTEM VALUE VALUES (39, '617193816-5', 'Disponible');
INSERT INTO public.ejemplar (id_ejemplar, isbn, estado) OVERRIDING SYSTEM VALUE VALUES (40, '441319017-3', 'Disponible');
INSERT INTO public.ejemplar (id_ejemplar, isbn, estado) OVERRIDING SYSTEM VALUE VALUES (41, '986497855-1', 'Disponible');
INSERT INTO public.ejemplar (id_ejemplar, isbn, estado) OVERRIDING SYSTEM VALUE VALUES (42, '887339504-X', 'Reservado');
INSERT INTO public.ejemplar (id_ejemplar, isbn, estado) OVERRIDING SYSTEM VALUE VALUES (43, '783534982-5', 'Disponible');
INSERT INTO public.ejemplar (id_ejemplar, isbn, estado) OVERRIDING SYSTEM VALUE VALUES (44, '911016461-8', 'Disponible');
INSERT INTO public.ejemplar (id_ejemplar, isbn, estado) OVERRIDING SYSTEM VALUE VALUES (45, '216783088-2', 'Disponible');
INSERT INTO public.ejemplar (id_ejemplar, isbn, estado) OVERRIDING SYSTEM VALUE VALUES (46, '570664292-3', 'Disponible');
INSERT INTO public.ejemplar (id_ejemplar, isbn, estado) OVERRIDING SYSTEM VALUE VALUES (47, '383530645-6', 'Reservado');
INSERT INTO public.ejemplar (id_ejemplar, isbn, estado) OVERRIDING SYSTEM VALUE VALUES (48, '152502580-5', 'Disponible');
INSERT INTO public.ejemplar (id_ejemplar, isbn, estado) OVERRIDING SYSTEM VALUE VALUES (49, '830592632-X', 'Disponible');
INSERT INTO public.ejemplar (id_ejemplar, isbn, estado) OVERRIDING SYSTEM VALUE VALUES (50, '759302938-7', 'Disponible');
INSERT INTO public.ejemplar (id_ejemplar, isbn, estado) OVERRIDING SYSTEM VALUE VALUES (51, '180426615-9', 'Disponible');
INSERT INTO public.ejemplar (id_ejemplar, isbn, estado) OVERRIDING SYSTEM VALUE VALUES (52, '847054549-3', 'Reservado');
INSERT INTO public.ejemplar (id_ejemplar, isbn, estado) OVERRIDING SYSTEM VALUE VALUES (53, '464430496-4', 'Disponible');
INSERT INTO public.ejemplar (id_ejemplar, isbn, estado) OVERRIDING SYSTEM VALUE VALUES (54, '515547607-0', 'Disponible');
INSERT INTO public.ejemplar (id_ejemplar, isbn, estado) OVERRIDING SYSTEM VALUE VALUES (55, '539503604-0', 'Disponible');
INSERT INTO public.ejemplar (id_ejemplar, isbn, estado) OVERRIDING SYSTEM VALUE VALUES (56, '065516694-7', 'Disponible');
INSERT INTO public.ejemplar (id_ejemplar, isbn, estado) OVERRIDING SYSTEM VALUE VALUES (57, '012062114-2', 'Reservado');
INSERT INTO public.ejemplar (id_ejemplar, isbn, estado) OVERRIDING SYSTEM VALUE VALUES (58, '852581615-9', 'Disponible');
INSERT INTO public.ejemplar (id_ejemplar, isbn, estado) OVERRIDING SYSTEM VALUE VALUES (59, '460754038-2', 'Disponible');
INSERT INTO public.ejemplar (id_ejemplar, isbn, estado) OVERRIDING SYSTEM VALUE VALUES (60, '189552424-5', 'Disponible');
INSERT INTO public.ejemplar (id_ejemplar, isbn, estado) OVERRIDING SYSTEM VALUE VALUES (61, '119715874-X', 'Disponible');
INSERT INTO public.ejemplar (id_ejemplar, isbn, estado) OVERRIDING SYSTEM VALUE VALUES (62, '753154234-X', 'Reservado');
INSERT INTO public.ejemplar (id_ejemplar, isbn, estado) OVERRIDING SYSTEM VALUE VALUES (63, '470363986-6', 'Disponible');
INSERT INTO public.ejemplar (id_ejemplar, isbn, estado) OVERRIDING SYSTEM VALUE VALUES (64, '107784152-3', 'Disponible');
INSERT INTO public.ejemplar (id_ejemplar, isbn, estado) OVERRIDING SYSTEM VALUE VALUES (65, '698929951-7', 'Disponible');
INSERT INTO public.ejemplar (id_ejemplar, isbn, estado) OVERRIDING SYSTEM VALUE VALUES (66, '958104696-8', 'Disponible');
INSERT INTO public.ejemplar (id_ejemplar, isbn, estado) OVERRIDING SYSTEM VALUE VALUES (67, '679885521-0', 'Reservado');
INSERT INTO public.ejemplar (id_ejemplar, isbn, estado) OVERRIDING SYSTEM VALUE VALUES (68, '332264511-8', 'Disponible');
INSERT INTO public.ejemplar (id_ejemplar, isbn, estado) OVERRIDING SYSTEM VALUE VALUES (69, '298274866-5', 'Disponible');
INSERT INTO public.ejemplar (id_ejemplar, isbn, estado) OVERRIDING SYSTEM VALUE VALUES (70, '712857777-7', 'Disponible');
INSERT INTO public.ejemplar (id_ejemplar, isbn, estado) OVERRIDING SYSTEM VALUE VALUES (71, '558492268-4', 'Disponible');
INSERT INTO public.ejemplar (id_ejemplar, isbn, estado) OVERRIDING SYSTEM VALUE VALUES (72, '276065821-X', 'Reservado');
INSERT INTO public.ejemplar (id_ejemplar, isbn, estado) OVERRIDING SYSTEM VALUE VALUES (73, '870204065-4', 'Disponible');
INSERT INTO public.ejemplar (id_ejemplar, isbn, estado) OVERRIDING SYSTEM VALUE VALUES (74, '381356446-0', 'Disponible');
INSERT INTO public.ejemplar (id_ejemplar, isbn, estado) OVERRIDING SYSTEM VALUE VALUES (75, '716144767-4', 'Disponible');
INSERT INTO public.ejemplar (id_ejemplar, isbn, estado) OVERRIDING SYSTEM VALUE VALUES (76, '892816223-8', 'Disponible');
INSERT INTO public.ejemplar (id_ejemplar, isbn, estado) OVERRIDING SYSTEM VALUE VALUES (77, '324648477-5', 'Reservado');
INSERT INTO public.ejemplar (id_ejemplar, isbn, estado) OVERRIDING SYSTEM VALUE VALUES (78, '419054324-1', 'Disponible');
INSERT INTO public.ejemplar (id_ejemplar, isbn, estado) OVERRIDING SYSTEM VALUE VALUES (79, '616617052-1', 'Disponible');
INSERT INTO public.ejemplar (id_ejemplar, isbn, estado) OVERRIDING SYSTEM VALUE VALUES (80, '635241812-0', 'Disponible');
INSERT INTO public.ejemplar (id_ejemplar, isbn, estado) OVERRIDING SYSTEM VALUE VALUES (81, '361020834-1', 'Disponible');
INSERT INTO public.ejemplar (id_ejemplar, isbn, estado) OVERRIDING SYSTEM VALUE VALUES (82, '615533947-3', 'Reservado');
INSERT INTO public.ejemplar (id_ejemplar, isbn, estado) OVERRIDING SYSTEM VALUE VALUES (83, '531397162-X', 'Disponible');
INSERT INTO public.ejemplar (id_ejemplar, isbn, estado) OVERRIDING SYSTEM VALUE VALUES (84, '246553054-2', 'Disponible');
INSERT INTO public.ejemplar (id_ejemplar, isbn, estado) OVERRIDING SYSTEM VALUE VALUES (85, '070569805-X', 'Disponible');
INSERT INTO public.ejemplar (id_ejemplar, isbn, estado) OVERRIDING SYSTEM VALUE VALUES (86, '422352273-6', 'Disponible');
INSERT INTO public.ejemplar (id_ejemplar, isbn, estado) OVERRIDING SYSTEM VALUE VALUES (87, '234463188-7', 'Reservado');
INSERT INTO public.ejemplar (id_ejemplar, isbn, estado) OVERRIDING SYSTEM VALUE VALUES (88, '300531852-4', 'Disponible');
INSERT INTO public.ejemplar (id_ejemplar, isbn, estado) OVERRIDING SYSTEM VALUE VALUES (89, '525929881-0', 'Disponible');
INSERT INTO public.ejemplar (id_ejemplar, isbn, estado) OVERRIDING SYSTEM VALUE VALUES (90, '939475230-7', 'Disponible');
INSERT INTO public.ejemplar (id_ejemplar, isbn, estado) OVERRIDING SYSTEM VALUE VALUES (91, '226409642-6', 'Disponible');
INSERT INTO public.ejemplar (id_ejemplar, isbn, estado) OVERRIDING SYSTEM VALUE VALUES (92, '242842569-2', 'Reservado');
INSERT INTO public.ejemplar (id_ejemplar, isbn, estado) OVERRIDING SYSTEM VALUE VALUES (93, '797008749-3', 'Disponible');
INSERT INTO public.ejemplar (id_ejemplar, isbn, estado) OVERRIDING SYSTEM VALUE VALUES (94, '235976956-1', 'Disponible');
INSERT INTO public.ejemplar (id_ejemplar, isbn, estado) OVERRIDING SYSTEM VALUE VALUES (95, '285211921-8', 'Disponible');
INSERT INTO public.ejemplar (id_ejemplar, isbn, estado) OVERRIDING SYSTEM VALUE VALUES (96, '566951940-X', 'Disponible');
INSERT INTO public.ejemplar (id_ejemplar, isbn, estado) OVERRIDING SYSTEM VALUE VALUES (97, '178932913-2', 'Reservado');
INSERT INTO public.ejemplar (id_ejemplar, isbn, estado) OVERRIDING SYSTEM VALUE VALUES (98, '755563985-8', 'Disponible');
INSERT INTO public.ejemplar (id_ejemplar, isbn, estado) OVERRIDING SYSTEM VALUE VALUES (99, '050647082-2', 'Disponible');
INSERT INTO public.ejemplar (id_ejemplar, isbn, estado) OVERRIDING SYSTEM VALUE VALUES (100, '764687351-9', 'Disponible');
INSERT INTO public.ejemplar (id_ejemplar, isbn, estado) OVERRIDING SYSTEM VALUE VALUES (101, '621483444-7', 'Disponible');
INSERT INTO public.ejemplar (id_ejemplar, isbn, estado) OVERRIDING SYSTEM VALUE VALUES (102, '651298545-1', 'Reservado');
INSERT INTO public.ejemplar (id_ejemplar, isbn, estado) OVERRIDING SYSTEM VALUE VALUES (103, '786932782-4', 'Disponible');
INSERT INTO public.ejemplar (id_ejemplar, isbn, estado) OVERRIDING SYSTEM VALUE VALUES (104, '541633113-5', 'Disponible');
INSERT INTO public.ejemplar (id_ejemplar, isbn, estado) OVERRIDING SYSTEM VALUE VALUES (105, '604524007-3', 'Disponible');
INSERT INTO public.ejemplar (id_ejemplar, isbn, estado) OVERRIDING SYSTEM VALUE VALUES (106, '497137316-0', 'Disponible');
INSERT INTO public.ejemplar (id_ejemplar, isbn, estado) OVERRIDING SYSTEM VALUE VALUES (107, '930958331-2', 'Reservado');
INSERT INTO public.ejemplar (id_ejemplar, isbn, estado) OVERRIDING SYSTEM VALUE VALUES (108, '325775102-8', 'Disponible');
INSERT INTO public.ejemplar (id_ejemplar, isbn, estado) OVERRIDING SYSTEM VALUE VALUES (109, '457433970-5', 'Disponible');
INSERT INTO public.ejemplar (id_ejemplar, isbn, estado) OVERRIDING SYSTEM VALUE VALUES (110, '328092195-3', 'Disponible');
INSERT INTO public.ejemplar (id_ejemplar, isbn, estado) OVERRIDING SYSTEM VALUE VALUES (111, '807164314-9', 'Disponible');
INSERT INTO public.ejemplar (id_ejemplar, isbn, estado) OVERRIDING SYSTEM VALUE VALUES (112, '178659730-6', 'Reservado');
INSERT INTO public.ejemplar (id_ejemplar, isbn, estado) OVERRIDING SYSTEM VALUE VALUES (113, '133183878-9', 'Disponible');
INSERT INTO public.ejemplar (id_ejemplar, isbn, estado) OVERRIDING SYSTEM VALUE VALUES (114, '231595323-5', 'Disponible');
INSERT INTO public.ejemplar (id_ejemplar, isbn, estado) OVERRIDING SYSTEM VALUE VALUES (115, '319135884-6', 'Disponible');
INSERT INTO public.ejemplar (id_ejemplar, isbn, estado) OVERRIDING SYSTEM VALUE VALUES (116, '823737875-X', 'Disponible');
INSERT INTO public.ejemplar (id_ejemplar, isbn, estado) OVERRIDING SYSTEM VALUE VALUES (117, '576225842-4', 'Reservado');
INSERT INTO public.ejemplar (id_ejemplar, isbn, estado) OVERRIDING SYSTEM VALUE VALUES (118, '487322723-2', 'Disponible');
INSERT INTO public.ejemplar (id_ejemplar, isbn, estado) OVERRIDING SYSTEM VALUE VALUES (119, '504639956-3', 'Disponible');
INSERT INTO public.ejemplar (id_ejemplar, isbn, estado) OVERRIDING SYSTEM VALUE VALUES (120, '644400322-9', 'Disponible');
INSERT INTO public.ejemplar (id_ejemplar, isbn, estado) OVERRIDING SYSTEM VALUE VALUES (121, '697924950-9', 'Disponible');
INSERT INTO public.ejemplar (id_ejemplar, isbn, estado) OVERRIDING SYSTEM VALUE VALUES (122, '300926110-1', 'Reservado');
INSERT INTO public.ejemplar (id_ejemplar, isbn, estado) OVERRIDING SYSTEM VALUE VALUES (123, '936653860-6', 'Disponible');
INSERT INTO public.ejemplar (id_ejemplar, isbn, estado) OVERRIDING SYSTEM VALUE VALUES (124, '654124691-2', 'Disponible');
INSERT INTO public.ejemplar (id_ejemplar, isbn, estado) OVERRIDING SYSTEM VALUE VALUES (125, '118777909-1', 'Disponible');
INSERT INTO public.ejemplar (id_ejemplar, isbn, estado) OVERRIDING SYSTEM VALUE VALUES (126, '055096233-6', 'Disponible');
INSERT INTO public.ejemplar (id_ejemplar, isbn, estado) OVERRIDING SYSTEM VALUE VALUES (127, '386207716-0', 'Reservado');
INSERT INTO public.ejemplar (id_ejemplar, isbn, estado) OVERRIDING SYSTEM VALUE VALUES (128, '175720772-4', 'Disponible');
INSERT INTO public.ejemplar (id_ejemplar, isbn, estado) OVERRIDING SYSTEM VALUE VALUES (129, '646444013-6', 'Disponible');
INSERT INTO public.ejemplar (id_ejemplar, isbn, estado) OVERRIDING SYSTEM VALUE VALUES (130, '275523982-4', 'Disponible');
INSERT INTO public.ejemplar (id_ejemplar, isbn, estado) OVERRIDING SYSTEM VALUE VALUES (131, '887850566-8', 'Disponible');
INSERT INTO public.ejemplar (id_ejemplar, isbn, estado) OVERRIDING SYSTEM VALUE VALUES (132, '127399357-8', 'Reservado');
INSERT INTO public.ejemplar (id_ejemplar, isbn, estado) OVERRIDING SYSTEM VALUE VALUES (133, '579205436-3', 'Disponible');
INSERT INTO public.ejemplar (id_ejemplar, isbn, estado) OVERRIDING SYSTEM VALUE VALUES (134, '456999284-6', 'Disponible');
INSERT INTO public.ejemplar (id_ejemplar, isbn, estado) OVERRIDING SYSTEM VALUE VALUES (135, '586979065-4', 'Disponible');
INSERT INTO public.ejemplar (id_ejemplar, isbn, estado) OVERRIDING SYSTEM VALUE VALUES (136, '662720338-3', 'Disponible');
INSERT INTO public.ejemplar (id_ejemplar, isbn, estado) OVERRIDING SYSTEM VALUE VALUES (137, '822263806-8', 'Reservado');
INSERT INTO public.ejemplar (id_ejemplar, isbn, estado) OVERRIDING SYSTEM VALUE VALUES (138, '621685977-3', 'Disponible');
INSERT INTO public.ejemplar (id_ejemplar, isbn, estado) OVERRIDING SYSTEM VALUE VALUES (139, '617193816-5', 'Disponible');
INSERT INTO public.ejemplar (id_ejemplar, isbn, estado) OVERRIDING SYSTEM VALUE VALUES (140, '441319017-3', 'Disponible');
INSERT INTO public.ejemplar (id_ejemplar, isbn, estado) OVERRIDING SYSTEM VALUE VALUES (141, '986497855-1', 'Disponible');
INSERT INTO public.ejemplar (id_ejemplar, isbn, estado) OVERRIDING SYSTEM VALUE VALUES (142, '887339504-X', 'Reservado');
INSERT INTO public.ejemplar (id_ejemplar, isbn, estado) OVERRIDING SYSTEM VALUE VALUES (143, '783534982-5', 'Disponible');
INSERT INTO public.ejemplar (id_ejemplar, isbn, estado) OVERRIDING SYSTEM VALUE VALUES (144, '911016461-8', 'Disponible');
INSERT INTO public.ejemplar (id_ejemplar, isbn, estado) OVERRIDING SYSTEM VALUE VALUES (145, '216783088-2', 'Disponible');
INSERT INTO public.ejemplar (id_ejemplar, isbn, estado) OVERRIDING SYSTEM VALUE VALUES (146, '570664292-3', 'Disponible');
INSERT INTO public.ejemplar (id_ejemplar, isbn, estado) OVERRIDING SYSTEM VALUE VALUES (147, '383530645-6', 'Reservado');
INSERT INTO public.ejemplar (id_ejemplar, isbn, estado) OVERRIDING SYSTEM VALUE VALUES (148, '152502580-5', 'Disponible');
INSERT INTO public.ejemplar (id_ejemplar, isbn, estado) OVERRIDING SYSTEM VALUE VALUES (149, '830592632-X', 'Disponible');
INSERT INTO public.ejemplar (id_ejemplar, isbn, estado) OVERRIDING SYSTEM VALUE VALUES (150, '759302938-7', 'Disponible');
INSERT INTO public.ejemplar (id_ejemplar, isbn, estado) OVERRIDING SYSTEM VALUE VALUES (151, '180426615-9', 'Disponible');
INSERT INTO public.ejemplar (id_ejemplar, isbn, estado) OVERRIDING SYSTEM VALUE VALUES (152, '847054549-3', 'Reservado');
INSERT INTO public.ejemplar (id_ejemplar, isbn, estado) OVERRIDING SYSTEM VALUE VALUES (153, '464430496-4', 'Disponible');
INSERT INTO public.ejemplar (id_ejemplar, isbn, estado) OVERRIDING SYSTEM VALUE VALUES (154, '515547607-0', 'Disponible');
INSERT INTO public.ejemplar (id_ejemplar, isbn, estado) OVERRIDING SYSTEM VALUE VALUES (155, '539503604-0', 'Disponible');
INSERT INTO public.ejemplar (id_ejemplar, isbn, estado) OVERRIDING SYSTEM VALUE VALUES (156, '065516694-7', 'Disponible');
INSERT INTO public.ejemplar (id_ejemplar, isbn, estado) OVERRIDING SYSTEM VALUE VALUES (157, '012062114-2', 'Reservado');
INSERT INTO public.ejemplar (id_ejemplar, isbn, estado) OVERRIDING SYSTEM VALUE VALUES (158, '852581615-9', 'Disponible');
INSERT INTO public.ejemplar (id_ejemplar, isbn, estado) OVERRIDING SYSTEM VALUE VALUES (159, '460754038-2', 'Disponible');
INSERT INTO public.ejemplar (id_ejemplar, isbn, estado) OVERRIDING SYSTEM VALUE VALUES (160, '189552424-5', 'Disponible');
INSERT INTO public.ejemplar (id_ejemplar, isbn, estado) OVERRIDING SYSTEM VALUE VALUES (161, '119715874-X', 'Disponible');
INSERT INTO public.ejemplar (id_ejemplar, isbn, estado) OVERRIDING SYSTEM VALUE VALUES (162, '753154234-X', 'Reservado');
INSERT INTO public.ejemplar (id_ejemplar, isbn, estado) OVERRIDING SYSTEM VALUE VALUES (163, '470363986-6', 'Disponible');
INSERT INTO public.ejemplar (id_ejemplar, isbn, estado) OVERRIDING SYSTEM VALUE VALUES (164, '107784152-3', 'Disponible');
INSERT INTO public.ejemplar (id_ejemplar, isbn, estado) OVERRIDING SYSTEM VALUE VALUES (165, '698929951-7', 'Disponible');
INSERT INTO public.ejemplar (id_ejemplar, isbn, estado) OVERRIDING SYSTEM VALUE VALUES (166, '958104696-8', 'Disponible');
INSERT INTO public.ejemplar (id_ejemplar, isbn, estado) OVERRIDING SYSTEM VALUE VALUES (167, '679885521-0', 'Reservado');
INSERT INTO public.ejemplar (id_ejemplar, isbn, estado) OVERRIDING SYSTEM VALUE VALUES (168, '332264511-8', 'Disponible');
INSERT INTO public.ejemplar (id_ejemplar, isbn, estado) OVERRIDING SYSTEM VALUE VALUES (169, '298274866-5', 'Disponible');
INSERT INTO public.ejemplar (id_ejemplar, isbn, estado) OVERRIDING SYSTEM VALUE VALUES (170, '712857777-7', 'Disponible');
INSERT INTO public.ejemplar (id_ejemplar, isbn, estado) OVERRIDING SYSTEM VALUE VALUES (171, '558492268-4', 'Disponible');
INSERT INTO public.ejemplar (id_ejemplar, isbn, estado) OVERRIDING SYSTEM VALUE VALUES (172, '276065821-X', 'Reservado');
INSERT INTO public.ejemplar (id_ejemplar, isbn, estado) OVERRIDING SYSTEM VALUE VALUES (173, '870204065-4', 'Disponible');
INSERT INTO public.ejemplar (id_ejemplar, isbn, estado) OVERRIDING SYSTEM VALUE VALUES (174, '381356446-0', 'Disponible');
INSERT INTO public.ejemplar (id_ejemplar, isbn, estado) OVERRIDING SYSTEM VALUE VALUES (175, '716144767-4', 'Disponible');
INSERT INTO public.ejemplar (id_ejemplar, isbn, estado) OVERRIDING SYSTEM VALUE VALUES (176, '892816223-8', 'Disponible');
INSERT INTO public.ejemplar (id_ejemplar, isbn, estado) OVERRIDING SYSTEM VALUE VALUES (177, '324648477-5', 'Reservado');
INSERT INTO public.ejemplar (id_ejemplar, isbn, estado) OVERRIDING SYSTEM VALUE VALUES (178, '419054324-1', 'Disponible');
INSERT INTO public.ejemplar (id_ejemplar, isbn, estado) OVERRIDING SYSTEM VALUE VALUES (179, '616617052-1', 'Disponible');
INSERT INTO public.ejemplar (id_ejemplar, isbn, estado) OVERRIDING SYSTEM VALUE VALUES (180, '635241812-0', 'Disponible');
INSERT INTO public.ejemplar (id_ejemplar, isbn, estado) OVERRIDING SYSTEM VALUE VALUES (181, '361020834-1', 'Disponible');
INSERT INTO public.ejemplar (id_ejemplar, isbn, estado) OVERRIDING SYSTEM VALUE VALUES (182, '615533947-3', 'Reservado');
INSERT INTO public.ejemplar (id_ejemplar, isbn, estado) OVERRIDING SYSTEM VALUE VALUES (183, '531397162-X', 'Disponible');
INSERT INTO public.ejemplar (id_ejemplar, isbn, estado) OVERRIDING SYSTEM VALUE VALUES (184, '246553054-2', 'Disponible');
INSERT INTO public.ejemplar (id_ejemplar, isbn, estado) OVERRIDING SYSTEM VALUE VALUES (185, '070569805-X', 'Disponible');
INSERT INTO public.ejemplar (id_ejemplar, isbn, estado) OVERRIDING SYSTEM VALUE VALUES (186, '422352273-6', 'Disponible');
INSERT INTO public.ejemplar (id_ejemplar, isbn, estado) OVERRIDING SYSTEM VALUE VALUES (187, '234463188-7', 'Reservado');
INSERT INTO public.ejemplar (id_ejemplar, isbn, estado) OVERRIDING SYSTEM VALUE VALUES (188, '300531852-4', 'Disponible');
INSERT INTO public.ejemplar (id_ejemplar, isbn, estado) OVERRIDING SYSTEM VALUE VALUES (189, '525929881-0', 'Disponible');
INSERT INTO public.ejemplar (id_ejemplar, isbn, estado) OVERRIDING SYSTEM VALUE VALUES (190, '939475230-7', 'Disponible');
INSERT INTO public.ejemplar (id_ejemplar, isbn, estado) OVERRIDING SYSTEM VALUE VALUES (191, '226409642-6', 'Disponible');
INSERT INTO public.ejemplar (id_ejemplar, isbn, estado) OVERRIDING SYSTEM VALUE VALUES (192, '242842569-2', 'Reservado');
INSERT INTO public.ejemplar (id_ejemplar, isbn, estado) OVERRIDING SYSTEM VALUE VALUES (193, '797008749-3', 'Disponible');
INSERT INTO public.ejemplar (id_ejemplar, isbn, estado) OVERRIDING SYSTEM VALUE VALUES (194, '235976956-1', 'Disponible');
INSERT INTO public.ejemplar (id_ejemplar, isbn, estado) OVERRIDING SYSTEM VALUE VALUES (195, '285211921-8', 'Disponible');
INSERT INTO public.ejemplar (id_ejemplar, isbn, estado) OVERRIDING SYSTEM VALUE VALUES (196, '566951940-X', 'Disponible');
INSERT INTO public.ejemplar (id_ejemplar, isbn, estado) OVERRIDING SYSTEM VALUE VALUES (197, '178932913-2', 'Reservado');
INSERT INTO public.ejemplar (id_ejemplar, isbn, estado) OVERRIDING SYSTEM VALUE VALUES (198, '755563985-8', 'Disponible');
INSERT INTO public.ejemplar (id_ejemplar, isbn, estado) OVERRIDING SYSTEM VALUE VALUES (199, '050647082-2', 'Disponible');
INSERT INTO public.ejemplar (id_ejemplar, isbn, estado) OVERRIDING SYSTEM VALUE VALUES (200, '764687351-9', 'Disponible');
INSERT INTO public.ejemplar (id_ejemplar, isbn, estado) OVERRIDING SYSTEM VALUE VALUES (201, '621483444-7', 'Disponible');
INSERT INTO public.ejemplar (id_ejemplar, isbn, estado) OVERRIDING SYSTEM VALUE VALUES (202, '651298545-1', 'Reservado');
INSERT INTO public.ejemplar (id_ejemplar, isbn, estado) OVERRIDING SYSTEM VALUE VALUES (203, '786932782-4', 'Disponible');
INSERT INTO public.ejemplar (id_ejemplar, isbn, estado) OVERRIDING SYSTEM VALUE VALUES (204, '541633113-5', 'Disponible');
INSERT INTO public.ejemplar (id_ejemplar, isbn, estado) OVERRIDING SYSTEM VALUE VALUES (205, '604524007-3', 'Disponible');
INSERT INTO public.ejemplar (id_ejemplar, isbn, estado) OVERRIDING SYSTEM VALUE VALUES (206, '497137316-0', 'Disponible');
INSERT INTO public.ejemplar (id_ejemplar, isbn, estado) OVERRIDING SYSTEM VALUE VALUES (207, '930958331-2', 'Reservado');
INSERT INTO public.ejemplar (id_ejemplar, isbn, estado) OVERRIDING SYSTEM VALUE VALUES (208, '325775102-8', 'Disponible');
INSERT INTO public.ejemplar (id_ejemplar, isbn, estado) OVERRIDING SYSTEM VALUE VALUES (209, '457433970-5', 'Disponible');
INSERT INTO public.ejemplar (id_ejemplar, isbn, estado) OVERRIDING SYSTEM VALUE VALUES (210, '328092195-3', 'Disponible');
INSERT INTO public.ejemplar (id_ejemplar, isbn, estado) OVERRIDING SYSTEM VALUE VALUES (211, '807164314-9', 'Disponible');
INSERT INTO public.ejemplar (id_ejemplar, isbn, estado) OVERRIDING SYSTEM VALUE VALUES (212, '178659730-6', 'Reservado');
INSERT INTO public.ejemplar (id_ejemplar, isbn, estado) OVERRIDING SYSTEM VALUE VALUES (213, '133183878-9', 'Disponible');
INSERT INTO public.ejemplar (id_ejemplar, isbn, estado) OVERRIDING SYSTEM VALUE VALUES (214, '231595323-5', 'Disponible');
INSERT INTO public.ejemplar (id_ejemplar, isbn, estado) OVERRIDING SYSTEM VALUE VALUES (215, '319135884-6', 'Disponible');
INSERT INTO public.ejemplar (id_ejemplar, isbn, estado) OVERRIDING SYSTEM VALUE VALUES (216, '823737875-X', 'Disponible');
INSERT INTO public.ejemplar (id_ejemplar, isbn, estado) OVERRIDING SYSTEM VALUE VALUES (217, '576225842-4', 'Reservado');
INSERT INTO public.ejemplar (id_ejemplar, isbn, estado) OVERRIDING SYSTEM VALUE VALUES (218, '487322723-2', 'Disponible');
INSERT INTO public.ejemplar (id_ejemplar, isbn, estado) OVERRIDING SYSTEM VALUE VALUES (219, '504639956-3', 'Disponible');
INSERT INTO public.ejemplar (id_ejemplar, isbn, estado) OVERRIDING SYSTEM VALUE VALUES (220, '644400322-9', 'Disponible');
INSERT INTO public.ejemplar (id_ejemplar, isbn, estado) OVERRIDING SYSTEM VALUE VALUES (221, '697924950-9', 'Disponible');
INSERT INTO public.ejemplar (id_ejemplar, isbn, estado) OVERRIDING SYSTEM VALUE VALUES (222, '300926110-1', 'Reservado');
INSERT INTO public.ejemplar (id_ejemplar, isbn, estado) OVERRIDING SYSTEM VALUE VALUES (223, '936653860-6', 'Disponible');
INSERT INTO public.ejemplar (id_ejemplar, isbn, estado) OVERRIDING SYSTEM VALUE VALUES (224, '654124691-2', 'Disponible');
INSERT INTO public.ejemplar (id_ejemplar, isbn, estado) OVERRIDING SYSTEM VALUE VALUES (225, '118777909-1', 'Disponible');
INSERT INTO public.ejemplar (id_ejemplar, isbn, estado) OVERRIDING SYSTEM VALUE VALUES (226, '055096233-6', 'Disponible');
INSERT INTO public.ejemplar (id_ejemplar, isbn, estado) OVERRIDING SYSTEM VALUE VALUES (227, '386207716-0', 'Reservado');
INSERT INTO public.ejemplar (id_ejemplar, isbn, estado) OVERRIDING SYSTEM VALUE VALUES (228, '175720772-4', 'Disponible');
INSERT INTO public.ejemplar (id_ejemplar, isbn, estado) OVERRIDING SYSTEM VALUE VALUES (229, '646444013-6', 'Disponible');
INSERT INTO public.ejemplar (id_ejemplar, isbn, estado) OVERRIDING SYSTEM VALUE VALUES (230, '275523982-4', 'Disponible');
INSERT INTO public.ejemplar (id_ejemplar, isbn, estado) OVERRIDING SYSTEM VALUE VALUES (231, '887850566-8', 'Disponible');
INSERT INTO public.ejemplar (id_ejemplar, isbn, estado) OVERRIDING SYSTEM VALUE VALUES (232, '127399357-8', 'Reservado');
INSERT INTO public.ejemplar (id_ejemplar, isbn, estado) OVERRIDING SYSTEM VALUE VALUES (233, '579205436-3', 'Disponible');
INSERT INTO public.ejemplar (id_ejemplar, isbn, estado) OVERRIDING SYSTEM VALUE VALUES (234, '456999284-6', 'Disponible');
INSERT INTO public.ejemplar (id_ejemplar, isbn, estado) OVERRIDING SYSTEM VALUE VALUES (235, '586979065-4', 'Disponible');
INSERT INTO public.ejemplar (id_ejemplar, isbn, estado) OVERRIDING SYSTEM VALUE VALUES (236, '662720338-3', 'Disponible');
INSERT INTO public.ejemplar (id_ejemplar, isbn, estado) OVERRIDING SYSTEM VALUE VALUES (237, '822263806-8', 'Reservado');
INSERT INTO public.ejemplar (id_ejemplar, isbn, estado) OVERRIDING SYSTEM VALUE VALUES (238, '621685977-3', 'Disponible');
INSERT INTO public.ejemplar (id_ejemplar, isbn, estado) OVERRIDING SYSTEM VALUE VALUES (239, '617193816-5', 'Disponible');
INSERT INTO public.ejemplar (id_ejemplar, isbn, estado) OVERRIDING SYSTEM VALUE VALUES (240, '441319017-3', 'Disponible');
INSERT INTO public.ejemplar (id_ejemplar, isbn, estado) OVERRIDING SYSTEM VALUE VALUES (241, '986497855-1', 'Disponible');
INSERT INTO public.ejemplar (id_ejemplar, isbn, estado) OVERRIDING SYSTEM VALUE VALUES (242, '887339504-X', 'Reservado');
INSERT INTO public.ejemplar (id_ejemplar, isbn, estado) OVERRIDING SYSTEM VALUE VALUES (243, '783534982-5', 'Disponible');
INSERT INTO public.ejemplar (id_ejemplar, isbn, estado) OVERRIDING SYSTEM VALUE VALUES (244, '911016461-8', 'Disponible');
INSERT INTO public.ejemplar (id_ejemplar, isbn, estado) OVERRIDING SYSTEM VALUE VALUES (245, '216783088-2', 'Disponible');
INSERT INTO public.ejemplar (id_ejemplar, isbn, estado) OVERRIDING SYSTEM VALUE VALUES (246, '570664292-3', 'Disponible');
INSERT INTO public.ejemplar (id_ejemplar, isbn, estado) OVERRIDING SYSTEM VALUE VALUES (247, '383530645-6', 'Reservado');
INSERT INTO public.ejemplar (id_ejemplar, isbn, estado) OVERRIDING SYSTEM VALUE VALUES (248, '152502580-5', 'Disponible');
INSERT INTO public.ejemplar (id_ejemplar, isbn, estado) OVERRIDING SYSTEM VALUE VALUES (249, '830592632-X', 'Disponible');
INSERT INTO public.ejemplar (id_ejemplar, isbn, estado) OVERRIDING SYSTEM VALUE VALUES (250, '759302938-7', 'Disponible');
INSERT INTO public.ejemplar (id_ejemplar, isbn, estado) OVERRIDING SYSTEM VALUE VALUES (251, '180426615-9', 'Disponible');
INSERT INTO public.ejemplar (id_ejemplar, isbn, estado) OVERRIDING SYSTEM VALUE VALUES (252, '847054549-3', 'Reservado');
INSERT INTO public.ejemplar (id_ejemplar, isbn, estado) OVERRIDING SYSTEM VALUE VALUES (253, '464430496-4', 'Disponible');
INSERT INTO public.ejemplar (id_ejemplar, isbn, estado) OVERRIDING SYSTEM VALUE VALUES (254, '515547607-0', 'Disponible');
INSERT INTO public.ejemplar (id_ejemplar, isbn, estado) OVERRIDING SYSTEM VALUE VALUES (255, '539503604-0', 'Disponible');
INSERT INTO public.ejemplar (id_ejemplar, isbn, estado) OVERRIDING SYSTEM VALUE VALUES (256, '065516694-7', 'Disponible');
INSERT INTO public.ejemplar (id_ejemplar, isbn, estado) OVERRIDING SYSTEM VALUE VALUES (257, '012062114-2', 'Reservado');
INSERT INTO public.ejemplar (id_ejemplar, isbn, estado) OVERRIDING SYSTEM VALUE VALUES (258, '852581615-9', 'Disponible');
INSERT INTO public.ejemplar (id_ejemplar, isbn, estado) OVERRIDING SYSTEM VALUE VALUES (259, '460754038-2', 'Disponible');
INSERT INTO public.ejemplar (id_ejemplar, isbn, estado) OVERRIDING SYSTEM VALUE VALUES (260, '189552424-5', 'Disponible');
INSERT INTO public.ejemplar (id_ejemplar, isbn, estado) OVERRIDING SYSTEM VALUE VALUES (261, '119715874-X', 'Disponible');
INSERT INTO public.ejemplar (id_ejemplar, isbn, estado) OVERRIDING SYSTEM VALUE VALUES (262, '753154234-X', 'Reservado');
INSERT INTO public.ejemplar (id_ejemplar, isbn, estado) OVERRIDING SYSTEM VALUE VALUES (263, '470363986-6', 'Disponible');
INSERT INTO public.ejemplar (id_ejemplar, isbn, estado) OVERRIDING SYSTEM VALUE VALUES (264, '107784152-3', 'Disponible');
INSERT INTO public.ejemplar (id_ejemplar, isbn, estado) OVERRIDING SYSTEM VALUE VALUES (265, '698929951-7', 'Disponible');
INSERT INTO public.ejemplar (id_ejemplar, isbn, estado) OVERRIDING SYSTEM VALUE VALUES (266, '958104696-8', 'Disponible');
INSERT INTO public.ejemplar (id_ejemplar, isbn, estado) OVERRIDING SYSTEM VALUE VALUES (267, '679885521-0', 'Reservado');
INSERT INTO public.ejemplar (id_ejemplar, isbn, estado) OVERRIDING SYSTEM VALUE VALUES (268, '332264511-8', 'Disponible');
INSERT INTO public.ejemplar (id_ejemplar, isbn, estado) OVERRIDING SYSTEM VALUE VALUES (269, '298274866-5', 'Disponible');
INSERT INTO public.ejemplar (id_ejemplar, isbn, estado) OVERRIDING SYSTEM VALUE VALUES (270, '712857777-7', 'Disponible');
INSERT INTO public.ejemplar (id_ejemplar, isbn, estado) OVERRIDING SYSTEM VALUE VALUES (271, '558492268-4', 'Disponible');
INSERT INTO public.ejemplar (id_ejemplar, isbn, estado) OVERRIDING SYSTEM VALUE VALUES (272, '276065821-X', 'Reservado');
INSERT INTO public.ejemplar (id_ejemplar, isbn, estado) OVERRIDING SYSTEM VALUE VALUES (273, '870204065-4', 'Disponible');
INSERT INTO public.ejemplar (id_ejemplar, isbn, estado) OVERRIDING SYSTEM VALUE VALUES (274, '381356446-0', 'Disponible');
INSERT INTO public.ejemplar (id_ejemplar, isbn, estado) OVERRIDING SYSTEM VALUE VALUES (275, '716144767-4', 'Disponible');
INSERT INTO public.ejemplar (id_ejemplar, isbn, estado) OVERRIDING SYSTEM VALUE VALUES (276, '892816223-8', 'Disponible');
INSERT INTO public.ejemplar (id_ejemplar, isbn, estado) OVERRIDING SYSTEM VALUE VALUES (277, '324648477-5', 'Reservado');
INSERT INTO public.ejemplar (id_ejemplar, isbn, estado) OVERRIDING SYSTEM VALUE VALUES (278, '419054324-1', 'Disponible');
INSERT INTO public.ejemplar (id_ejemplar, isbn, estado) OVERRIDING SYSTEM VALUE VALUES (279, '616617052-1', 'Disponible');
INSERT INTO public.ejemplar (id_ejemplar, isbn, estado) OVERRIDING SYSTEM VALUE VALUES (280, '635241812-0', 'Disponible');
INSERT INTO public.ejemplar (id_ejemplar, isbn, estado) OVERRIDING SYSTEM VALUE VALUES (281, '361020834-1', 'Disponible');
INSERT INTO public.ejemplar (id_ejemplar, isbn, estado) OVERRIDING SYSTEM VALUE VALUES (282, '615533947-3', 'Reservado');
INSERT INTO public.ejemplar (id_ejemplar, isbn, estado) OVERRIDING SYSTEM VALUE VALUES (283, '531397162-X', 'Disponible');
INSERT INTO public.ejemplar (id_ejemplar, isbn, estado) OVERRIDING SYSTEM VALUE VALUES (284, '246553054-2', 'Disponible');
INSERT INTO public.ejemplar (id_ejemplar, isbn, estado) OVERRIDING SYSTEM VALUE VALUES (285, '070569805-X', 'Disponible');
INSERT INTO public.ejemplar (id_ejemplar, isbn, estado) OVERRIDING SYSTEM VALUE VALUES (286, '422352273-6', 'Disponible');
INSERT INTO public.ejemplar (id_ejemplar, isbn, estado) OVERRIDING SYSTEM VALUE VALUES (287, '234463188-7', 'Reservado');
INSERT INTO public.ejemplar (id_ejemplar, isbn, estado) OVERRIDING SYSTEM VALUE VALUES (288, '300531852-4', 'Disponible');
INSERT INTO public.ejemplar (id_ejemplar, isbn, estado) OVERRIDING SYSTEM VALUE VALUES (289, '525929881-0', 'Disponible');
INSERT INTO public.ejemplar (id_ejemplar, isbn, estado) OVERRIDING SYSTEM VALUE VALUES (290, '939475230-7', 'Disponible');
INSERT INTO public.ejemplar (id_ejemplar, isbn, estado) OVERRIDING SYSTEM VALUE VALUES (291, '226409642-6', 'Disponible');
INSERT INTO public.ejemplar (id_ejemplar, isbn, estado) OVERRIDING SYSTEM VALUE VALUES (292, '242842569-2', 'Reservado');
INSERT INTO public.ejemplar (id_ejemplar, isbn, estado) OVERRIDING SYSTEM VALUE VALUES (293, '797008749-3', 'Disponible');
INSERT INTO public.ejemplar (id_ejemplar, isbn, estado) OVERRIDING SYSTEM VALUE VALUES (294, '235976956-1', 'Disponible');
INSERT INTO public.ejemplar (id_ejemplar, isbn, estado) OVERRIDING SYSTEM VALUE VALUES (295, '285211921-8', 'Disponible');
INSERT INTO public.ejemplar (id_ejemplar, isbn, estado) OVERRIDING SYSTEM VALUE VALUES (296, '566951940-X', 'Disponible');
INSERT INTO public.ejemplar (id_ejemplar, isbn, estado) OVERRIDING SYSTEM VALUE VALUES (297, '178932913-2', 'Reservado');
INSERT INTO public.ejemplar (id_ejemplar, isbn, estado) OVERRIDING SYSTEM VALUE VALUES (298, '755563985-8', 'Disponible');
INSERT INTO public.ejemplar (id_ejemplar, isbn, estado) OVERRIDING SYSTEM VALUE VALUES (299, '050647082-2', 'Disponible');
INSERT INTO public.ejemplar (id_ejemplar, isbn, estado) OVERRIDING SYSTEM VALUE VALUES (300, '764687351-9', 'Disponible');
INSERT INTO public.ejemplar (id_ejemplar, isbn, estado) OVERRIDING SYSTEM VALUE VALUES (301, '621483444-7', 'Disponible');


--
-- Data for Name: empleado; Type: TABLE DATA; Schema: public; Owner: postgres
--

INSERT INTO public.empleado (id_empleado, nombre, cargo) OVERRIDING SYSTEM VALUE VALUES (1, 'Rossie', 'Coordinator');
INSERT INTO public.empleado (id_empleado, nombre, cargo) OVERRIDING SYSTEM VALUE VALUES (2, 'Winnie', 'Assistant Librarian');
INSERT INTO public.empleado (id_empleado, nombre, cargo) OVERRIDING SYSTEM VALUE VALUES (3, 'Nealon', 'Archivist');
INSERT INTO public.empleado (id_empleado, nombre, cargo) OVERRIDING SYSTEM VALUE VALUES (4, 'Veradis', 'Administrator');
INSERT INTO public.empleado (id_empleado, nombre, cargo) OVERRIDING SYSTEM VALUE VALUES (5, 'Flinn', 'Supervisor');
INSERT INTO public.empleado (id_empleado, nombre, cargo) OVERRIDING SYSTEM VALUE VALUES (6, 'Edi', 'Administrator');
INSERT INTO public.empleado (id_empleado, nombre, cargo) OVERRIDING SYSTEM VALUE VALUES (7, 'Hamlin', 'Administrative Assistant');
INSERT INTO public.empleado (id_empleado, nombre, cargo) OVERRIDING SYSTEM VALUE VALUES (8, 'Hyatt', 'Archivist');
INSERT INTO public.empleado (id_empleado, nombre, cargo) OVERRIDING SYSTEM VALUE VALUES (9, 'Martynne', 'Coordinator');
INSERT INTO public.empleado (id_empleado, nombre, cargo) OVERRIDING SYSTEM VALUE VALUES (10, 'Mabelle', 'Supervisor');
INSERT INTO public.empleado (id_empleado, nombre, cargo) OVERRIDING SYSTEM VALUE VALUES (11, 'Juan', 'Loan Manager');
INSERT INTO public.empleado (id_empleado, nombre, cargo) OVERRIDING SYSTEM VALUE VALUES (12, 'Maynord', 'Receptionist');
INSERT INTO public.empleado (id_empleado, nombre, cargo) OVERRIDING SYSTEM VALUE VALUES (13, 'Stace', 'Receptionist');
INSERT INTO public.empleado (id_empleado, nombre, cargo) OVERRIDING SYSTEM VALUE VALUES (14, 'Christye', 'Loan Manager');
INSERT INTO public.empleado (id_empleado, nombre, cargo) OVERRIDING SYSTEM VALUE VALUES (15, 'Regen', 'Assistant Librarian');


--
-- Data for Name: libro_autor; Type: TABLE DATA; Schema: public; Owner: postgres
--

INSERT INTO public.libro_autor (id_autor, isbn) VALUES (82, '823737875-X');
INSERT INTO public.libro_autor (id_autor, isbn) VALUES (4, '566951940-X');
INSERT INTO public.libro_autor (id_autor, isbn) VALUES (36, '579205436-3');
INSERT INTO public.libro_autor (id_autor, isbn) VALUES (29, '504639956-3');
INSERT INTO public.libro_autor (id_autor, isbn) VALUES (95, '319135884-6');
INSERT INTO public.libro_autor (id_autor, isbn) VALUES (87, '566951940-X');
INSERT INTO public.libro_autor (id_autor, isbn) VALUES (70, '133183878-9');
INSERT INTO public.libro_autor (id_autor, isbn) VALUES (76, '065516694-7');
INSERT INTO public.libro_autor (id_autor, isbn) VALUES (5, '604524007-3');
INSERT INTO public.libro_autor (id_autor, isbn) VALUES (12, '646444013-6');
INSERT INTO public.libro_autor (id_autor, isbn) VALUES (30, '958104696-8');
INSERT INTO public.libro_autor (id_autor, isbn) VALUES (78, '604524007-3');
INSERT INTO public.libro_autor (id_autor, isbn) VALUES (72, '386207716-0');
INSERT INTO public.libro_autor (id_autor, isbn) VALUES (92, '070569805-X');
INSERT INTO public.libro_autor (id_autor, isbn) VALUES (90, '558492268-4');
INSERT INTO public.libro_autor (id_autor, isbn) VALUES (54, '275523982-4');
INSERT INTO public.libro_autor (id_autor, isbn) VALUES (58, '324648477-5');
INSERT INTO public.libro_autor (id_autor, isbn) VALUES (36, '651298545-1');
INSERT INTO public.libro_autor (id_autor, isbn) VALUES (98, '300926110-1');
INSERT INTO public.libro_autor (id_autor, isbn) VALUES (90, '065516694-7');
INSERT INTO public.libro_autor (id_autor, isbn) VALUES (44, '822263806-8');
INSERT INTO public.libro_autor (id_autor, isbn) VALUES (20, '646444013-6');
INSERT INTO public.libro_autor (id_autor, isbn) VALUES (98, '216783088-2');
INSERT INTO public.libro_autor (id_autor, isbn) VALUES (14, '133183878-9');
INSERT INTO public.libro_autor (id_autor, isbn) VALUES (49, '231595323-5');
INSERT INTO public.libro_autor (id_autor, isbn) VALUES (46, '570664292-3');
INSERT INTO public.libro_autor (id_autor, isbn) VALUES (78, '586979065-4');
INSERT INTO public.libro_autor (id_autor, isbn) VALUES (6, '285211921-8');
INSERT INTO public.libro_autor (id_autor, isbn) VALUES (59, '712857777-7');
INSERT INTO public.libro_autor (id_autor, isbn) VALUES (16, '759302938-7');
INSERT INTO public.libro_autor (id_autor, isbn) VALUES (11, '276065821-X');
INSERT INTO public.libro_autor (id_autor, isbn) VALUES (38, '615533947-3');
INSERT INTO public.libro_autor (id_autor, isbn) VALUES (80, '152502580-5');
INSERT INTO public.libro_autor (id_autor, isbn) VALUES (74, '055096233-6');
INSERT INTO public.libro_autor (id_autor, isbn) VALUES (91, '328092195-3');
INSERT INTO public.libro_autor (id_autor, isbn) VALUES (6, '422352273-6');
INSERT INTO public.libro_autor (id_autor, isbn) VALUES (30, '764687351-9');
INSERT INTO public.libro_autor (id_autor, isbn) VALUES (38, '178659730-6');
INSERT INTO public.libro_autor (id_autor, isbn) VALUES (30, '231595323-5');
INSERT INTO public.libro_autor (id_autor, isbn) VALUES (49, '822263806-8');
INSERT INTO public.libro_autor (id_autor, isbn) VALUES (59, '531397162-X');
INSERT INTO public.libro_autor (id_autor, isbn) VALUES (47, '300926110-1');
INSERT INTO public.libro_autor (id_autor, isbn) VALUES (48, '383530645-6');
INSERT INTO public.libro_autor (id_autor, isbn) VALUES (27, '234463188-7');
INSERT INTO public.libro_autor (id_autor, isbn) VALUES (35, '226409642-6');
INSERT INTO public.libro_autor (id_autor, isbn) VALUES (88, '246553054-2');
INSERT INTO public.libro_autor (id_autor, isbn) VALUES (10, '616617052-1');
INSERT INTO public.libro_autor (id_autor, isbn) VALUES (82, '936653860-6');
INSERT INTO public.libro_autor (id_autor, isbn) VALUES (69, '285211921-8');
INSERT INTO public.libro_autor (id_autor, isbn) VALUES (32, '300926110-1');
INSERT INTO public.libro_autor (id_autor, isbn) VALUES (60, '759302938-7');
INSERT INTO public.libro_autor (id_autor, isbn) VALUES (35, '531397162-X');
INSERT INTO public.libro_autor (id_autor, isbn) VALUES (89, '870204065-4');
INSERT INTO public.libro_autor (id_autor, isbn) VALUES (29, '525929881-0');
INSERT INTO public.libro_autor (id_autor, isbn) VALUES (42, '764687351-9');
INSERT INTO public.libro_autor (id_autor, isbn) VALUES (100, '457433970-5');
INSERT INTO public.libro_autor (id_autor, isbn) VALUES (30, '497137316-0');
INSERT INTO public.libro_autor (id_autor, isbn) VALUES (41, '464430496-4');
INSERT INTO public.libro_autor (id_autor, isbn) VALUES (35, '328092195-3');
INSERT INTO public.libro_autor (id_autor, isbn) VALUES (28, '381356446-0');
INSERT INTO public.libro_autor (id_autor, isbn) VALUES (92, '887339504-X');
INSERT INTO public.libro_autor (id_autor, isbn) VALUES (28, '070569805-X');
INSERT INTO public.libro_autor (id_autor, isbn) VALUES (64, '847054549-3');
INSERT INTO public.libro_autor (id_autor, isbn) VALUES (83, '189552424-5');
INSERT INTO public.libro_autor (id_autor, isbn) VALUES (19, '586979065-4');
INSERT INTO public.libro_autor (id_autor, isbn) VALUES (18, '579205436-3');
INSERT INTO public.libro_autor (id_autor, isbn) VALUES (96, '870204065-4');
INSERT INTO public.libro_autor (id_autor, isbn) VALUES (69, '586979065-4');
INSERT INTO public.libro_autor (id_autor, isbn) VALUES (96, '892816223-8');
INSERT INTO public.libro_autor (id_autor, isbn) VALUES (55, '892816223-8');
INSERT INTO public.libro_autor (id_autor, isbn) VALUES (52, '152502580-5');
INSERT INTO public.libro_autor (id_autor, isbn) VALUES (66, '698929951-7');
INSERT INTO public.libro_autor (id_autor, isbn) VALUES (12, '755563985-8');
INSERT INTO public.libro_autor (id_autor, isbn) VALUES (7, '823737875-X');
INSERT INTO public.libro_autor (id_autor, isbn) VALUES (20, '615533947-3');
INSERT INTO public.libro_autor (id_autor, isbn) VALUES (21, '525929881-0');
INSERT INTO public.libro_autor (id_autor, isbn) VALUES (55, '419054324-1');
INSERT INTO public.libro_autor (id_autor, isbn) VALUES (9, '180426615-9');
INSERT INTO public.libro_autor (id_autor, isbn) VALUES (49, '419054324-1');
INSERT INTO public.libro_autor (id_autor, isbn) VALUES (60, '298274866-5');
INSERT INTO public.libro_autor (id_autor, isbn) VALUES (33, '276065821-X');
INSERT INTO public.libro_autor (id_autor, isbn) VALUES (2, '525929881-0');
INSERT INTO public.libro_autor (id_autor, isbn) VALUES (93, '823737875-X');
INSERT INTO public.libro_autor (id_autor, isbn) VALUES (88, '712857777-7');
INSERT INTO public.libro_autor (id_autor, isbn) VALUES (97, '662720338-3');
INSERT INTO public.libro_autor (id_autor, isbn) VALUES (99, '246553054-2');
INSERT INTO public.libro_autor (id_autor, isbn) VALUES (44, '823737875-X');
INSERT INTO public.libro_autor (id_autor, isbn) VALUES (38, '012062114-2');
INSERT INTO public.libro_autor (id_autor, isbn) VALUES (21, '189552424-5');
INSERT INTO public.libro_autor (id_autor, isbn) VALUES (1, '235976956-1');
INSERT INTO public.libro_autor (id_autor, isbn) VALUES (93, '586979065-4');
INSERT INTO public.libro_autor (id_autor, isbn) VALUES (65, '050647082-2');
INSERT INTO public.libro_autor (id_autor, isbn) VALUES (23, '958104696-8');
INSERT INTO public.libro_autor (id_autor, isbn) VALUES (14, '615533947-3');
INSERT INTO public.libro_autor (id_autor, isbn) VALUES (39, '531397162-X');
INSERT INTO public.libro_autor (id_autor, isbn) VALUES (65, '616617052-1');
INSERT INTO public.libro_autor (id_autor, isbn) VALUES (26, '697924950-9');
INSERT INTO public.libro_autor (id_autor, isbn) VALUES (48, '050647082-2');
INSERT INTO public.libro_autor (id_autor, isbn) VALUES (21, '558492268-4');
INSERT INTO public.libro_autor (id_autor, isbn) VALUES (100, '298274866-5');
INSERT INTO public.libro_autor (id_autor, isbn) VALUES (1, '419054324-1');
INSERT INTO public.libro_autor (id_autor, isbn) VALUES (42, '107784152-3');
INSERT INTO public.libro_autor (id_autor, isbn) VALUES (3, '823737875-X');
INSERT INTO public.libro_autor (id_autor, isbn) VALUES (47, '986497855-1');
INSERT INTO public.libro_autor (id_autor, isbn) VALUES (31, '457433970-5');
INSERT INTO public.libro_autor (id_autor, isbn) VALUES (31, '381356446-0');
INSERT INTO public.libro_autor (id_autor, isbn) VALUES (11, '178659730-6');
INSERT INTO public.libro_autor (id_autor, isbn) VALUES (94, '107784152-3');
INSERT INTO public.libro_autor (id_autor, isbn) VALUES (9, '050647082-2');
INSERT INTO public.libro_autor (id_autor, isbn) VALUES (69, '764687351-9');
INSERT INTO public.libro_autor (id_autor, isbn) VALUES (17, '487322723-2');
INSERT INTO public.libro_autor (id_autor, isbn) VALUES (85, '753154234-X');
INSERT INTO public.libro_autor (id_autor, isbn) VALUES (71, '936653860-6');
INSERT INTO public.libro_autor (id_autor, isbn) VALUES (34, '298274866-5');
INSERT INTO public.libro_autor (id_autor, isbn) VALUES (78, '065516694-7');
INSERT INTO public.libro_autor (id_autor, isbn) VALUES (28, '558492268-4');
INSERT INTO public.libro_autor (id_autor, isbn) VALUES (97, '285211921-8');
INSERT INTO public.libro_autor (id_autor, isbn) VALUES (89, '386207716-0');
INSERT INTO public.libro_autor (id_autor, isbn) VALUES (92, '986497855-1');
INSERT INTO public.libro_autor (id_autor, isbn) VALUES (52, '234463188-7');
INSERT INTO public.libro_autor (id_autor, isbn) VALUES (84, '830592632-X');
INSERT INTO public.libro_autor (id_autor, isbn) VALUES (57, '332264511-8');
INSERT INTO public.libro_autor (id_autor, isbn) VALUES (58, '576225842-4');
INSERT INTO public.libro_autor (id_autor, isbn) VALUES (32, '275523982-4');
INSERT INTO public.libro_autor (id_autor, isbn) VALUES (9, '216783088-2');
INSERT INTO public.libro_autor (id_autor, isbn) VALUES (3, '324648477-5');
INSERT INTO public.libro_autor (id_autor, isbn) VALUES (71, '887850566-8');
INSERT INTO public.libro_autor (id_autor, isbn) VALUES (76, '275523982-4');
INSERT INTO public.libro_autor (id_autor, isbn) VALUES (1, '807164314-9');
INSERT INTO public.libro_autor (id_autor, isbn) VALUES (91, '615533947-3');
INSERT INTO public.libro_autor (id_autor, isbn) VALUES (8, '887850566-8');
INSERT INTO public.libro_autor (id_autor, isbn) VALUES (9, '497137316-0');
INSERT INTO public.libro_autor (id_autor, isbn) VALUES (43, '807164314-9');
INSERT INTO public.libro_autor (id_autor, isbn) VALUES (66, '127399357-8');
INSERT INTO public.libro_autor (id_autor, isbn) VALUES (36, '234463188-7');
INSERT INTO public.libro_autor (id_autor, isbn) VALUES (63, '646444013-6');
INSERT INTO public.libro_autor (id_autor, isbn) VALUES (70, '487322723-2');
INSERT INTO public.libro_autor (id_autor, isbn) VALUES (93, '716144767-4');
INSERT INTO public.libro_autor (id_autor, isbn) VALUES (74, '753154234-X');
INSERT INTO public.libro_autor (id_autor, isbn) VALUES (32, '753154234-X');
INSERT INTO public.libro_autor (id_autor, isbn) VALUES (53, '055096233-6');
INSERT INTO public.libro_autor (id_autor, isbn) VALUES (13, '231595323-5');
INSERT INTO public.libro_autor (id_autor, isbn) VALUES (85, '012062114-2');
INSERT INTO public.libro_autor (id_autor, isbn) VALUES (46, '065516694-7');
INSERT INTO public.libro_autor (id_autor, isbn) VALUES (53, '119715874-X');
INSERT INTO public.libro_autor (id_autor, isbn) VALUES (94, '325775102-8');
INSERT INTO public.libro_autor (id_autor, isbn) VALUES (87, '070569805-X');
INSERT INTO public.libro_autor (id_autor, isbn) VALUES (83, '231595323-5');
INSERT INTO public.libro_autor (id_autor, isbn) VALUES (8, '464430496-4');
INSERT INTO public.libro_autor (id_autor, isbn) VALUES (94, '216783088-2');
INSERT INTO public.libro_autor (id_autor, isbn) VALUES (14, '579205436-3');
INSERT INTO public.libro_autor (id_autor, isbn) VALUES (25, '055096233-6');
INSERT INTO public.libro_autor (id_autor, isbn) VALUES (69, '460754038-2');
INSERT INTO public.libro_autor (id_autor, isbn) VALUES (18, '065516694-7');
INSERT INTO public.libro_autor (id_autor, isbn) VALUES (24, '822263806-8');
INSERT INTO public.libro_autor (id_autor, isbn) VALUES (60, '579205436-3');
INSERT INTO public.libro_autor (id_autor, isbn) VALUES (10, '852581615-9');
INSERT INTO public.libro_autor (id_autor, isbn) VALUES (71, '231595323-5');
INSERT INTO public.libro_autor (id_autor, isbn) VALUES (7, '070569805-X');
INSERT INTO public.libro_autor (id_autor, isbn) VALUES (70, '786932782-4');
INSERT INTO public.libro_autor (id_autor, isbn) VALUES (31, '936653860-6');
INSERT INTO public.libro_autor (id_autor, isbn) VALUES (53, '107784152-3');
INSERT INTO public.libro_autor (id_autor, isbn) VALUES (62, '646444013-6');
INSERT INTO public.libro_autor (id_autor, isbn) VALUES (52, '457433970-5');
INSERT INTO public.libro_autor (id_autor, isbn) VALUES (22, '759302938-7');
INSERT INTO public.libro_autor (id_autor, isbn) VALUES (1, '180426615-9');
INSERT INTO public.libro_autor (id_autor, isbn) VALUES (34, '189552424-5');
INSERT INTO public.libro_autor (id_autor, isbn) VALUES (37, '065516694-7');
INSERT INTO public.libro_autor (id_autor, isbn) VALUES (90, '285211921-8');
INSERT INTO public.libro_autor (id_autor, isbn) VALUES (72, '422352273-6');
INSERT INTO public.libro_autor (id_autor, isbn) VALUES (92, '107784152-3');
INSERT INTO public.libro_autor (id_autor, isbn) VALUES (20, '055096233-6');
INSERT INTO public.libro_autor (id_autor, isbn) VALUES (38, '646444013-6');
INSERT INTO public.libro_autor (id_autor, isbn) VALUES (8, '892816223-8');
INSERT INTO public.libro_autor (id_autor, isbn) VALUES (95, '558492268-4');
INSERT INTO public.libro_autor (id_autor, isbn) VALUES (8, '178932913-2');
INSERT INTO public.libro_autor (id_autor, isbn) VALUES (41, '457433970-5');
INSERT INTO public.libro_autor (id_autor, isbn) VALUES (7, '892816223-8');
INSERT INTO public.libro_autor (id_autor, isbn) VALUES (62, '958104696-8');
INSERT INTO public.libro_autor (id_autor, isbn) VALUES (68, '300926110-1');
INSERT INTO public.libro_autor (id_autor, isbn) VALUES (8, '679885521-0');
INSERT INTO public.libro_autor (id_autor, isbn) VALUES (11, '118777909-1');
INSERT INTO public.libro_autor (id_autor, isbn) VALUES (9, '419054324-1');
INSERT INTO public.libro_autor (id_autor, isbn) VALUES (9, '300531852-4');
INSERT INTO public.libro_autor (id_autor, isbn) VALUES (31, '464430496-4');
INSERT INTO public.libro_autor (id_autor, isbn) VALUES (16, '381356446-0');
INSERT INTO public.libro_autor (id_autor, isbn) VALUES (32, '892816223-8');
INSERT INTO public.libro_autor (id_autor, isbn) VALUES (77, '930958331-2');
INSERT INTO public.libro_autor (id_autor, isbn) VALUES (80, '178659730-6');
INSERT INTO public.libro_autor (id_autor, isbn) VALUES (54, '422352273-6');
INSERT INTO public.libro_autor (id_autor, isbn) VALUES (75, '381356446-0');
INSERT INTO public.libro_autor (id_autor, isbn) VALUES (67, '887339504-X');
INSERT INTO public.libro_autor (id_autor, isbn) VALUES (34, '175720772-4');
INSERT INTO public.libro_autor (id_autor, isbn) VALUES (86, '797008749-3');
INSERT INTO public.libro_autor (id_autor, isbn) VALUES (41, '127399357-8');
INSERT INTO public.libro_autor (id_autor, isbn) VALUES (34, '847054549-3');
INSERT INTO public.libro_autor (id_autor, isbn) VALUES (17, '234463188-7');
INSERT INTO public.libro_autor (id_autor, isbn) VALUES (83, '441319017-3');
INSERT INTO public.libro_autor (id_autor, isbn) VALUES (59, '887339504-X');
INSERT INTO public.libro_autor (id_autor, isbn) VALUES (97, '807164314-9');
INSERT INTO public.libro_autor (id_autor, isbn) VALUES (2, '189552424-5');
INSERT INTO public.libro_autor (id_autor, isbn) VALUES (80, '381356446-0');
INSERT INTO public.libro_autor (id_autor, isbn) VALUES (13, '807164314-9');
INSERT INTO public.libro_autor (id_autor, isbn) VALUES (69, '646444013-6');
INSERT INTO public.libro_autor (id_autor, isbn) VALUES (65, '586979065-4');
INSERT INTO public.libro_autor (id_autor, isbn) VALUES (17, '570664292-3');
INSERT INTO public.libro_autor (id_autor, isbn) VALUES (9, '579205436-3');
INSERT INTO public.libro_autor (id_autor, isbn) VALUES (48, '621685977-3');
INSERT INTO public.libro_autor (id_autor, isbn) VALUES (21, '852581615-9');
INSERT INTO public.libro_autor (id_autor, isbn) VALUES (70, '242842569-2');
INSERT INTO public.libro_autor (id_autor, isbn) VALUES (39, '635241812-0');
INSERT INTO public.libro_autor (id_autor, isbn) VALUES (84, '298274866-5');
INSERT INTO public.libro_autor (id_autor, isbn) VALUES (2, '234463188-7');
INSERT INTO public.libro_autor (id_autor, isbn) VALUES (71, '441319017-3');
INSERT INTO public.libro_autor (id_autor, isbn) VALUES (85, '319135884-6');
INSERT INTO public.libro_autor (id_autor, isbn) VALUES (18, '586979065-4');
INSERT INTO public.libro_autor (id_autor, isbn) VALUES (15, '319135884-6');
INSERT INTO public.libro_autor (id_autor, isbn) VALUES (96, '276065821-X');
INSERT INTO public.libro_autor (id_autor, isbn) VALUES (20, '662720338-3');
INSERT INTO public.libro_autor (id_autor, isbn) VALUES (37, '616617052-1');
INSERT INTO public.libro_autor (id_autor, isbn) VALUES (27, '797008749-3');
INSERT INTO public.libro_autor (id_autor, isbn) VALUES (44, '175720772-4');
INSERT INTO public.libro_autor (id_autor, isbn) VALUES (88, '531397162-X');
INSERT INTO public.libro_autor (id_autor, isbn) VALUES (34, '958104696-8');
INSERT INTO public.libro_autor (id_autor, isbn) VALUES (63, '456999284-6');
INSERT INTO public.libro_autor (id_autor, isbn) VALUES (7, '133183878-9');
INSERT INTO public.libro_autor (id_autor, isbn) VALUES (82, '065516694-7');
INSERT INTO public.libro_autor (id_autor, isbn) VALUES (36, '930958331-2');
INSERT INTO public.libro_autor (id_autor, isbn) VALUES (1, '911016461-8');
INSERT INTO public.libro_autor (id_autor, isbn) VALUES (99, '487322723-2');
INSERT INTO public.libro_autor (id_autor, isbn) VALUES (82, '586979065-4');
INSERT INTO public.libro_autor (id_autor, isbn) VALUES (21, '566951940-X');
INSERT INTO public.libro_autor (id_autor, isbn) VALUES (57, '276065821-X');
INSERT INTO public.libro_autor (id_autor, isbn) VALUES (91, '065516694-7');
INSERT INTO public.libro_autor (id_autor, isbn) VALUES (72, '786932782-4');
INSERT INTO public.libro_autor (id_autor, isbn) VALUES (15, '807164314-9');
INSERT INTO public.libro_autor (id_autor, isbn) VALUES (89, '697924950-9');
INSERT INTO public.libro_autor (id_autor, isbn) VALUES (70, '497137316-0');
INSERT INTO public.libro_autor (id_autor, isbn) VALUES (48, '892816223-8');
INSERT INTO public.libro_autor (id_autor, isbn) VALUES (71, '644400322-9');
INSERT INTO public.libro_autor (id_autor, isbn) VALUES (56, '487322723-2');
INSERT INTO public.libro_autor (id_autor, isbn) VALUES (6, '986497855-1');
INSERT INTO public.libro_autor (id_autor, isbn) VALUES (47, '930958331-2');
INSERT INTO public.libro_autor (id_autor, isbn) VALUES (46, '175720772-4');
INSERT INTO public.libro_autor (id_autor, isbn) VALUES (88, '579205436-3');
INSERT INTO public.libro_autor (id_autor, isbn) VALUES (86, '319135884-6');
INSERT INTO public.libro_autor (id_autor, isbn) VALUES (46, '621483444-7');
INSERT INTO public.libro_autor (id_autor, isbn) VALUES (72, '515547607-0');
INSERT INTO public.libro_autor (id_autor, isbn) VALUES (80, '178932913-2');
INSERT INTO public.libro_autor (id_autor, isbn) VALUES (20, '127399357-8');
INSERT INTO public.libro_autor (id_autor, isbn) VALUES (21, '654124691-2');
INSERT INTO public.libro_autor (id_autor, isbn) VALUES (53, '604524007-3');
INSERT INTO public.libro_autor (id_autor, isbn) VALUES (23, '566951940-X');
INSERT INTO public.libro_autor (id_autor, isbn) VALUES (43, '515547607-0');
INSERT INTO public.libro_autor (id_autor, isbn) VALUES (86, '566951940-X');
INSERT INTO public.libro_autor (id_autor, isbn) VALUES (32, '662720338-3');
INSERT INTO public.libro_autor (id_autor, isbn) VALUES (21, '226409642-6');
INSERT INTO public.libro_autor (id_autor, isbn) VALUES (14, '759302938-7');
INSERT INTO public.libro_autor (id_autor, isbn) VALUES (5, '753154234-X');
INSERT INTO public.libro_autor (id_autor, isbn) VALUES (29, '386207716-0');
INSERT INTO public.libro_autor (id_autor, isbn) VALUES (59, '570664292-3');
INSERT INTO public.libro_autor (id_autor, isbn) VALUES (40, '887850566-8');
INSERT INTO public.libro_autor (id_autor, isbn) VALUES (29, '604524007-3');
INSERT INTO public.libro_autor (id_autor, isbn) VALUES (85, '055096233-6');
INSERT INTO public.libro_autor (id_autor, isbn) VALUES (52, '911016461-8');
INSERT INTO public.libro_autor (id_autor, isbn) VALUES (36, '328092195-3');
INSERT INTO public.libro_autor (id_autor, isbn) VALUES (99, '822263806-8');
INSERT INTO public.libro_autor (id_autor, isbn) VALUES (45, '246553054-2');
INSERT INTO public.libro_autor (id_autor, isbn) VALUES (66, '464430496-4');
INSERT INTO public.libro_autor (id_autor, isbn) VALUES (87, '712857777-7');
INSERT INTO public.libro_autor (id_autor, isbn) VALUES (43, '604524007-3');
INSERT INTO public.libro_autor (id_autor, isbn) VALUES (15, '586979065-4');
INSERT INTO public.libro_autor (id_autor, isbn) VALUES (23, '892816223-8');
INSERT INTO public.libro_autor (id_autor, isbn) VALUES (34, '497137316-0');
INSERT INTO public.libro_autor (id_autor, isbn) VALUES (14, '419054324-1');
INSERT INTO public.libro_autor (id_autor, isbn) VALUES (56, '570664292-3');
INSERT INTO public.libro_autor (id_autor, isbn) VALUES (94, '887339504-X');
INSERT INTO public.libro_autor (id_autor, isbn) VALUES (56, '616617052-1');
INSERT INTO public.libro_autor (id_autor, isbn) VALUES (66, '823737875-X');
INSERT INTO public.libro_autor (id_autor, isbn) VALUES (50, '716144767-4');
INSERT INTO public.libro_autor (id_autor, isbn) VALUES (25, '456999284-6');
INSERT INTO public.libro_autor (id_autor, isbn) VALUES (6, '242842569-2');
INSERT INTO public.libro_autor (id_autor, isbn) VALUES (56, '651298545-1');
INSERT INTO public.libro_autor (id_autor, isbn) VALUES (67, '712857777-7');
INSERT INTO public.libro_autor (id_autor, isbn) VALUES (88, '235976956-1');
INSERT INTO public.libro_autor (id_autor, isbn) VALUES (95, '566951940-X');
INSERT INTO public.libro_autor (id_autor, isbn) VALUES (86, '386207716-0');
INSERT INTO public.libro_autor (id_autor, isbn) VALUES (47, '012062114-2');
INSERT INTO public.libro_autor (id_autor, isbn) VALUES (9, '234463188-7');
INSERT INTO public.libro_autor (id_autor, isbn) VALUES (43, '361020834-1');
INSERT INTO public.libro_autor (id_autor, isbn) VALUES (41, '422352273-6');
INSERT INTO public.libro_autor (id_autor, isbn) VALUES (16, '235976956-1');
INSERT INTO public.libro_autor (id_autor, isbn) VALUES (39, '958104696-8');
INSERT INTO public.libro_autor (id_autor, isbn) VALUES (40, '234463188-7');
INSERT INTO public.libro_autor (id_autor, isbn) VALUES (53, '783534982-5');
INSERT INTO public.libro_autor (id_autor, isbn) VALUES (52, '226409642-6');
INSERT INTO public.libro_autor (id_autor, isbn) VALUES (38, '276065821-X');
INSERT INTO public.libro_autor (id_autor, isbn) VALUES (17, '055096233-6');
INSERT INTO public.libro_autor (id_autor, isbn) VALUES (54, '234463188-7');
INSERT INTO public.libro_autor (id_autor, isbn) VALUES (49, '300531852-4');


--
-- Data for Name: socio; Type: TABLE DATA; Schema: public; Owner: postgres
--

INSERT INTO public.socio (id_socio, nombre, apellido, email, telefono, estado) OVERRIDING SYSTEM VALUE VALUES (1, 'Marlie', 'Caris', 'mcaris0@mozilla.org', '983-889-6588', 'Activo');
INSERT INTO public.socio (id_socio, nombre, apellido, email, telefono, estado) OVERRIDING SYSTEM VALUE VALUES (2, 'Kathleen', 'Lackington', 'klackington1@usatoday.com', '741-352-1519', 'Inactivo');
INSERT INTO public.socio (id_socio, nombre, apellido, email, telefono, estado) OVERRIDING SYSTEM VALUE VALUES (3, 'Dagny', 'Branwhite', 'dbranwhite2@youtu.be', '256-329-5167', 'Inactivo');
INSERT INTO public.socio (id_socio, nombre, apellido, email, telefono, estado) OVERRIDING SYSTEM VALUE VALUES (4, 'Rochella', 'Maffi', 'rmaffi3@reddit.com', '602-959-4918', 'Activo');
INSERT INTO public.socio (id_socio, nombre, apellido, email, telefono, estado) OVERRIDING SYSTEM VALUE VALUES (5, 'Orv', 'Pollastrino', 'opollastrino4@google.pl', '170-403-9552', 'Activo');
INSERT INTO public.socio (id_socio, nombre, apellido, email, telefono, estado) OVERRIDING SYSTEM VALUE VALUES (6, 'Enrichetta', 'Rust', 'erust5@livejournal.com', '140-661-7210', 'Activo');
INSERT INTO public.socio (id_socio, nombre, apellido, email, telefono, estado) OVERRIDING SYSTEM VALUE VALUES (7, 'Pattie', 'Shivell', 'pshivell6@furl.net', '244-941-8938', 'Inactivo');
INSERT INTO public.socio (id_socio, nombre, apellido, email, telefono, estado) OVERRIDING SYSTEM VALUE VALUES (8, 'Kameko', 'Dzeniskevich', 'kdzeniskevich7@edublogs.org', '368-206-6724', 'Activo');
INSERT INTO public.socio (id_socio, nombre, apellido, email, telefono, estado) OVERRIDING SYSTEM VALUE VALUES (9, 'Agnella', 'Cowen', 'acowen8@buzzfeed.com', '571-531-4147', 'Inactivo');
INSERT INTO public.socio (id_socio, nombre, apellido, email, telefono, estado) OVERRIDING SYSTEM VALUE VALUES (10, 'Milli', 'Keat', 'mkeat9@tinyurl.com', '609-626-7976', 'Inactivo');
INSERT INTO public.socio (id_socio, nombre, apellido, email, telefono, estado) OVERRIDING SYSTEM VALUE VALUES (11, 'Casar', 'Vakhlov', 'cvakhlova@java.com', '993-994-7549', 'Activo');
INSERT INTO public.socio (id_socio, nombre, apellido, email, telefono, estado) OVERRIDING SYSTEM VALUE VALUES (12, 'Bevin', 'Emer', 'bemerb@cnet.com', '336-282-8920', 'Inactivo');
INSERT INTO public.socio (id_socio, nombre, apellido, email, telefono, estado) OVERRIDING SYSTEM VALUE VALUES (13, 'Padget', 'Guerin', 'pguerinc@icio.us', '521-692-0395', 'Activo');
INSERT INTO public.socio (id_socio, nombre, apellido, email, telefono, estado) OVERRIDING SYSTEM VALUE VALUES (14, 'Janis', 'Cosley', 'jcosleyd@cnn.com', '724-716-1103', 'Inactivo');
INSERT INTO public.socio (id_socio, nombre, apellido, email, telefono, estado) OVERRIDING SYSTEM VALUE VALUES (15, 'Ludwig', 'Vanini', 'lvaninie@posterous.com', '347-923-0594', 'Activo');
INSERT INTO public.socio (id_socio, nombre, apellido, email, telefono, estado) OVERRIDING SYSTEM VALUE VALUES (16, 'Rikki', 'Daughton', 'rdaughtonf@ebay.co.uk', '687-979-4143', 'Inactivo');
INSERT INTO public.socio (id_socio, nombre, apellido, email, telefono, estado) OVERRIDING SYSTEM VALUE VALUES (17, 'Luce', 'Rossborough', 'lrossboroughg@hubpages.com', '546-147-8065', 'Inactivo');
INSERT INTO public.socio (id_socio, nombre, apellido, email, telefono, estado) OVERRIDING SYSTEM VALUE VALUES (18, 'Harmonie', 'Hilliam', 'hhilliamh@is.gd', '393-628-4215', 'Activo');
INSERT INTO public.socio (id_socio, nombre, apellido, email, telefono, estado) OVERRIDING SYSTEM VALUE VALUES (19, 'Garrick', 'Greenrodd', 'ggreenroddi@flavors.me', '451-567-2264', 'Activo');
INSERT INTO public.socio (id_socio, nombre, apellido, email, telefono, estado) OVERRIDING SYSTEM VALUE VALUES (20, 'Merrel', 'Dubock', 'mdubockj@bandcamp.com', '802-527-0722', 'Inactivo');
INSERT INTO public.socio (id_socio, nombre, apellido, email, telefono, estado) OVERRIDING SYSTEM VALUE VALUES (21, 'Fielding', 'Paffitt', 'fpaffittk@icio.us', '401-997-2299', 'Activo');
INSERT INTO public.socio (id_socio, nombre, apellido, email, telefono, estado) OVERRIDING SYSTEM VALUE VALUES (22, 'Emelda', 'Dennistoun', 'edennistounl@hexun.com', '586-665-7993', 'Activo');
INSERT INTO public.socio (id_socio, nombre, apellido, email, telefono, estado) OVERRIDING SYSTEM VALUE VALUES (23, 'Clair', 'Ghidetti', 'cghidettim@moonfruit.com', '549-322-4903', 'Activo');
INSERT INTO public.socio (id_socio, nombre, apellido, email, telefono, estado) OVERRIDING SYSTEM VALUE VALUES (24, 'Jenn', 'Hatchman', 'jhatchmann@ustream.tv', '404-462-0015', 'Inactivo');
INSERT INTO public.socio (id_socio, nombre, apellido, email, telefono, estado) OVERRIDING SYSTEM VALUE VALUES (25, 'Morry', 'Flode', 'mflodeo@webeden.co.uk', '658-385-2740', 'Activo');
INSERT INTO public.socio (id_socio, nombre, apellido, email, telefono, estado) OVERRIDING SYSTEM VALUE VALUES (26, 'Raphaela', 'Beak', 'rbeakp@tuttocitta.it', '952-916-3397', 'Inactivo');
INSERT INTO public.socio (id_socio, nombre, apellido, email, telefono, estado) OVERRIDING SYSTEM VALUE VALUES (27, 'Jazmin', 'Lohrensen', 'jlohrensenq@amazon.co.uk', '871-813-1376', 'Inactivo');
INSERT INTO public.socio (id_socio, nombre, apellido, email, telefono, estado) OVERRIDING SYSTEM VALUE VALUES (28, 'Tatiana', 'McPeice', 'tmcpeicer@merriam-webster.com', '754-420-0540', 'Activo');
INSERT INTO public.socio (id_socio, nombre, apellido, email, telefono, estado) OVERRIDING SYSTEM VALUE VALUES (29, 'Taite', 'Avrahm', 'tavrahms@phpbb.com', '343-200-7303', 'Inactivo');
INSERT INTO public.socio (id_socio, nombre, apellido, email, telefono, estado) OVERRIDING SYSTEM VALUE VALUES (30, 'Natasha', 'Everwin', 'neverwint@sciencedirect.com', '176-435-7981', 'Inactivo');
INSERT INTO public.socio (id_socio, nombre, apellido, email, telefono, estado) OVERRIDING SYSTEM VALUE VALUES (31, 'Samara', 'Oleshunin', 'soleshuninu@phpbb.com', '317-562-9640', 'Inactivo');
INSERT INTO public.socio (id_socio, nombre, apellido, email, telefono, estado) OVERRIDING SYSTEM VALUE VALUES (32, 'Wiley', 'Katt', 'wkattv@wix.com', '936-775-1739', 'Activo');
INSERT INTO public.socio (id_socio, nombre, apellido, email, telefono, estado) OVERRIDING SYSTEM VALUE VALUES (33, 'Dallas', 'Grissett', 'dgrissettw@comcast.net', '870-528-4293', 'Inactivo');
INSERT INTO public.socio (id_socio, nombre, apellido, email, telefono, estado) OVERRIDING SYSTEM VALUE VALUES (34, 'Zora', 'McCarney', 'zmccarneyx@marketwatch.com', '708-289-0672', 'Activo');
INSERT INTO public.socio (id_socio, nombre, apellido, email, telefono, estado) OVERRIDING SYSTEM VALUE VALUES (35, 'Marilin', 'Jertz', 'mjertzy@wikimedia.org', '299-725-4711', 'Inactivo');
INSERT INTO public.socio (id_socio, nombre, apellido, email, telefono, estado) OVERRIDING SYSTEM VALUE VALUES (36, 'Charlena', 'Blackeby', 'cblackebyz@multiply.com', '109-872-2262', 'Activo');
INSERT INTO public.socio (id_socio, nombre, apellido, email, telefono, estado) OVERRIDING SYSTEM VALUE VALUES (37, 'Anetta', 'Colchett', 'acolchett10@chicagotribune.com', '927-978-4334', 'Activo');
INSERT INTO public.socio (id_socio, nombre, apellido, email, telefono, estado) OVERRIDING SYSTEM VALUE VALUES (38, 'Fifine', 'Haysey', 'fhaysey11@oracle.com', '487-810-5359', 'Activo');
INSERT INTO public.socio (id_socio, nombre, apellido, email, telefono, estado) OVERRIDING SYSTEM VALUE VALUES (39, 'Elton', 'Warbys', 'ewarbys12@discuz.net', '380-537-9209', 'Inactivo');
INSERT INTO public.socio (id_socio, nombre, apellido, email, telefono, estado) OVERRIDING SYSTEM VALUE VALUES (40, 'Marilee', 'Brewins', 'mbrewins13@springer.com', '558-506-0606', 'Inactivo');
INSERT INTO public.socio (id_socio, nombre, apellido, email, telefono, estado) OVERRIDING SYSTEM VALUE VALUES (41, 'Jourdain', 'Ashford', 'jashford14@youtu.be', '808-828-6997', 'Activo');
INSERT INTO public.socio (id_socio, nombre, apellido, email, telefono, estado) OVERRIDING SYSTEM VALUE VALUES (42, 'Misti', 'Maytom', 'mmaytom15@themeforest.net', '276-638-3397', 'Inactivo');
INSERT INTO public.socio (id_socio, nombre, apellido, email, telefono, estado) OVERRIDING SYSTEM VALUE VALUES (43, 'Uri', 'Dottridge', 'udottridge16@rakuten.co.jp', '724-863-7976', 'Inactivo');
INSERT INTO public.socio (id_socio, nombre, apellido, email, telefono, estado) OVERRIDING SYSTEM VALUE VALUES (44, 'Isabel', 'Pires', 'ipires17@npr.org', '562-553-9692', 'Inactivo');
INSERT INTO public.socio (id_socio, nombre, apellido, email, telefono, estado) OVERRIDING SYSTEM VALUE VALUES (45, 'Shina', 'Margery', 'smargery18@t-online.de', '700-256-3220', 'Inactivo');
INSERT INTO public.socio (id_socio, nombre, apellido, email, telefono, estado) OVERRIDING SYSTEM VALUE VALUES (46, 'Melvin', 'Shellcross', 'mshellcross19@bigcartel.com', '217-542-0228', 'Inactivo');
INSERT INTO public.socio (id_socio, nombre, apellido, email, telefono, estado) OVERRIDING SYSTEM VALUE VALUES (47, 'Nichols', 'Fowle', 'nfowle1a@reuters.com', '704-840-5883', 'Inactivo');
INSERT INTO public.socio (id_socio, nombre, apellido, email, telefono, estado) OVERRIDING SYSTEM VALUE VALUES (48, 'Dusty', 'Parades', 'dparades1b@mac.com', '658-301-0625', 'Activo');
INSERT INTO public.socio (id_socio, nombre, apellido, email, telefono, estado) OVERRIDING SYSTEM VALUE VALUES (49, 'Myron', 'Chetwin', 'mchetwin1c@craigslist.org', '940-561-3630', 'Inactivo');
INSERT INTO public.socio (id_socio, nombre, apellido, email, telefono, estado) OVERRIDING SYSTEM VALUE VALUES (50, 'Conny', 'Pittham', 'cpittham1d@cornell.edu', '496-226-2143', 'Inactivo');
INSERT INTO public.socio (id_socio, nombre, apellido, email, telefono, estado) OVERRIDING SYSTEM VALUE VALUES (51, 'Candide', 'Dietz', 'cdietz1e@myspace.com', '504-390-9722', 'Inactivo');
INSERT INTO public.socio (id_socio, nombre, apellido, email, telefono, estado) OVERRIDING SYSTEM VALUE VALUES (52, 'Tova', 'Blodgett', 'tblodgett1f@posterous.com', '993-365-2550', 'Activo');
INSERT INTO public.socio (id_socio, nombre, apellido, email, telefono, estado) OVERRIDING SYSTEM VALUE VALUES (53, 'Birch', 'Cicculi', 'bcicculi1g@wiley.com', '312-296-9002', 'Activo');
INSERT INTO public.socio (id_socio, nombre, apellido, email, telefono, estado) OVERRIDING SYSTEM VALUE VALUES (54, 'Krissie', 'Bowstead', 'kbowstead1h@npr.org', '339-960-8610', 'Activo');
INSERT INTO public.socio (id_socio, nombre, apellido, email, telefono, estado) OVERRIDING SYSTEM VALUE VALUES (55, 'Andres', 'Pugh', 'apugh1i@buzzfeed.com', '839-743-4970', 'Inactivo');
INSERT INTO public.socio (id_socio, nombre, apellido, email, telefono, estado) OVERRIDING SYSTEM VALUE VALUES (56, 'Francyne', 'Gyver', 'fgyver1j@com.com', '387-384-0582', 'Activo');
INSERT INTO public.socio (id_socio, nombre, apellido, email, telefono, estado) OVERRIDING SYSTEM VALUE VALUES (57, 'Alonso', 'Jacke', 'ajacke1k@cdc.gov', '836-871-0495', 'Activo');
INSERT INTO public.socio (id_socio, nombre, apellido, email, telefono, estado) OVERRIDING SYSTEM VALUE VALUES (58, 'Ardyth', 'Kennet', 'akennet1l@amazon.de', '388-755-9518', 'Inactivo');
INSERT INTO public.socio (id_socio, nombre, apellido, email, telefono, estado) OVERRIDING SYSTEM VALUE VALUES (59, 'Bartolomeo', 'Nassau', 'bnassau1m@bloglovin.com', '402-481-5776', 'Inactivo');
INSERT INTO public.socio (id_socio, nombre, apellido, email, telefono, estado) OVERRIDING SYSTEM VALUE VALUES (60, 'Haven', 'Matteotti', 'hmatteotti1n@nifty.com', '877-162-6906', 'Activo');
INSERT INTO public.socio (id_socio, nombre, apellido, email, telefono, estado) OVERRIDING SYSTEM VALUE VALUES (61, 'Kalie', 'Jotham', 'kjotham1o@ted.com', '388-931-8820', 'Activo');
INSERT INTO public.socio (id_socio, nombre, apellido, email, telefono, estado) OVERRIDING SYSTEM VALUE VALUES (62, 'Phebe', 'Seniour', 'pseniour1p@amazon.co.uk', '599-995-5716', 'Inactivo');
INSERT INTO public.socio (id_socio, nombre, apellido, email, telefono, estado) OVERRIDING SYSTEM VALUE VALUES (63, 'Maurizio', 'LLelweln', 'mllelweln1q@ihg.com', '345-124-9056', 'Inactivo');
INSERT INTO public.socio (id_socio, nombre, apellido, email, telefono, estado) OVERRIDING SYSTEM VALUE VALUES (64, 'Nate', 'Somerbell', 'nsomerbell1r@symantec.com', '580-300-6916', 'Activo');
INSERT INTO public.socio (id_socio, nombre, apellido, email, telefono, estado) OVERRIDING SYSTEM VALUE VALUES (65, 'Moina', 'Buck', 'mbuck1s@sohu.com', '984-681-5112', 'Inactivo');
INSERT INTO public.socio (id_socio, nombre, apellido, email, telefono, estado) OVERRIDING SYSTEM VALUE VALUES (66, 'Bridget', 'Cobson', 'bcobson1t@skyrock.com', '867-478-8852', 'Inactivo');
INSERT INTO public.socio (id_socio, nombre, apellido, email, telefono, estado) OVERRIDING SYSTEM VALUE VALUES (67, 'Isabella', 'Sandwith', 'isandwith1u@behance.net', '431-968-3201', 'Inactivo');
INSERT INTO public.socio (id_socio, nombre, apellido, email, telefono, estado) OVERRIDING SYSTEM VALUE VALUES (68, 'Zsazsa', 'Dunleavy', 'zdunleavy1v@wikipedia.org', '898-644-3747', 'Activo');
INSERT INTO public.socio (id_socio, nombre, apellido, email, telefono, estado) OVERRIDING SYSTEM VALUE VALUES (69, 'Kerri', 'Toomer', 'ktoomer1w@dyndns.org', '468-876-3520', 'Inactivo');
INSERT INTO public.socio (id_socio, nombre, apellido, email, telefono, estado) OVERRIDING SYSTEM VALUE VALUES (70, 'Clyve', 'Kilgannon', 'ckilgannon1x@xinhuanet.com', '361-573-0367', 'Activo');
INSERT INTO public.socio (id_socio, nombre, apellido, email, telefono, estado) OVERRIDING SYSTEM VALUE VALUES (71, 'Gui', 'Aylmore', 'gaylmore1y@oaic.gov.au', '329-395-9588', 'Inactivo');
INSERT INTO public.socio (id_socio, nombre, apellido, email, telefono, estado) OVERRIDING SYSTEM VALUE VALUES (72, 'Granville', 'Newsome', 'gnewsome1z@artisteer.com', '882-855-3266', 'Activo');
INSERT INTO public.socio (id_socio, nombre, apellido, email, telefono, estado) OVERRIDING SYSTEM VALUE VALUES (73, 'Katie', 'Carvil', 'kcarvil20@newyorker.com', '229-167-7232', 'Inactivo');
INSERT INTO public.socio (id_socio, nombre, apellido, email, telefono, estado) OVERRIDING SYSTEM VALUE VALUES (74, 'Dalli', 'Adkin', 'dadkin21@moonfruit.com', '803-804-1492', 'Inactivo');
INSERT INTO public.socio (id_socio, nombre, apellido, email, telefono, estado) OVERRIDING SYSTEM VALUE VALUES (75, 'Micki', 'Geydon', 'mgeydon22@toplist.cz', '997-115-8138', 'Inactivo');
INSERT INTO public.socio (id_socio, nombre, apellido, email, telefono, estado) OVERRIDING SYSTEM VALUE VALUES (76, 'Bond', 'd''Escoffier', 'bdescoffier23@umich.edu', '409-888-6669', 'Activo');
INSERT INTO public.socio (id_socio, nombre, apellido, email, telefono, estado) OVERRIDING SYSTEM VALUE VALUES (77, 'Jennette', 'Jump', 'jjump24@wunderground.com', '513-335-9968', 'Activo');
INSERT INTO public.socio (id_socio, nombre, apellido, email, telefono, estado) OVERRIDING SYSTEM VALUE VALUES (78, 'Rikki', 'Clackers', 'rclackers25@hostgator.com', '199-594-7826', 'Activo');
INSERT INTO public.socio (id_socio, nombre, apellido, email, telefono, estado) OVERRIDING SYSTEM VALUE VALUES (79, 'Daphna', 'Rutherfoord', 'drutherfoord26@time.com', '688-432-7411', 'Activo');
INSERT INTO public.socio (id_socio, nombre, apellido, email, telefono, estado) OVERRIDING SYSTEM VALUE VALUES (80, 'Aila', 'Cockerton', 'acockerton27@angelfire.com', '179-765-3053', 'Activo');
INSERT INTO public.socio (id_socio, nombre, apellido, email, telefono, estado) OVERRIDING SYSTEM VALUE VALUES (81, 'Gussy', 'Stoffler', 'gstoffler28@rakuten.co.jp', '692-462-4023', 'Inactivo');
INSERT INTO public.socio (id_socio, nombre, apellido, email, telefono, estado) OVERRIDING SYSTEM VALUE VALUES (82, 'Corrine', 'Crosby', 'ccrosby29@theglobeandmail.com', '685-384-6300', 'Inactivo');
INSERT INTO public.socio (id_socio, nombre, apellido, email, telefono, estado) OVERRIDING SYSTEM VALUE VALUES (83, 'Artemis', 'Bestiman', 'abestiman2a@tmall.com', '893-322-0845', 'Activo');
INSERT INTO public.socio (id_socio, nombre, apellido, email, telefono, estado) OVERRIDING SYSTEM VALUE VALUES (84, 'Margareta', 'Orrell', 'morrell2b@creativecommons.org', '974-221-1371', 'Activo');
INSERT INTO public.socio (id_socio, nombre, apellido, email, telefono, estado) OVERRIDING SYSTEM VALUE VALUES (85, 'Lian', 'Playfair', 'lplayfair2c@google.nl', '993-499-5562', 'Activo');
INSERT INTO public.socio (id_socio, nombre, apellido, email, telefono, estado) OVERRIDING SYSTEM VALUE VALUES (86, 'Dania', 'Carbry', 'dcarbry2d@java.com', '527-196-8903', 'Inactivo');
INSERT INTO public.socio (id_socio, nombre, apellido, email, telefono, estado) OVERRIDING SYSTEM VALUE VALUES (87, 'Melitta', 'Laurance', 'mlaurance2e@nifty.com', '743-607-1517', 'Activo');
INSERT INTO public.socio (id_socio, nombre, apellido, email, telefono, estado) OVERRIDING SYSTEM VALUE VALUES (88, 'Albie', 'Fliege', 'afliege2f@dailymotion.com', '172-677-0893', 'Inactivo');
INSERT INTO public.socio (id_socio, nombre, apellido, email, telefono, estado) OVERRIDING SYSTEM VALUE VALUES (89, 'Gretchen', 'Greenlees', 'ggreenlees2g@japanpost.jp', '375-564-2053', 'Activo');
INSERT INTO public.socio (id_socio, nombre, apellido, email, telefono, estado) OVERRIDING SYSTEM VALUE VALUES (90, 'Ahmad', 'Sutherington', 'asutherington2h@mac.com', '377-747-4061', 'Activo');
INSERT INTO public.socio (id_socio, nombre, apellido, email, telefono, estado) OVERRIDING SYSTEM VALUE VALUES (91, 'Leonard', 'Hollows', 'lhollows2i@typepad.com', '116-444-8958', 'Inactivo');
INSERT INTO public.socio (id_socio, nombre, apellido, email, telefono, estado) OVERRIDING SYSTEM VALUE VALUES (92, 'Isabeau', 'McGann', 'imcgann2j@japanpost.jp', '304-688-8220', 'Inactivo');
INSERT INTO public.socio (id_socio, nombre, apellido, email, telefono, estado) OVERRIDING SYSTEM VALUE VALUES (93, 'Isaac', 'Suthren', 'isuthren2k@joomla.org', '581-528-1096', 'Inactivo');
INSERT INTO public.socio (id_socio, nombre, apellido, email, telefono, estado) OVERRIDING SYSTEM VALUE VALUES (94, 'Vyky', 'Trevaskiss', 'vtrevaskiss2l@fotki.com', '925-871-2862', 'Inactivo');
INSERT INTO public.socio (id_socio, nombre, apellido, email, telefono, estado) OVERRIDING SYSTEM VALUE VALUES (95, 'Rurik', 'Santora', 'rsantora2m@so-net.ne.jp', '262-689-1215', 'Activo');
INSERT INTO public.socio (id_socio, nombre, apellido, email, telefono, estado) OVERRIDING SYSTEM VALUE VALUES (96, 'Dominik', 'Summerscales', 'dsummerscales2n@auda.org.au', '703-496-6818', 'Activo');
INSERT INTO public.socio (id_socio, nombre, apellido, email, telefono, estado) OVERRIDING SYSTEM VALUE VALUES (97, 'Kipper', 'Remirez', 'kremirez2o@yelp.com', '894-467-5995', 'Inactivo');
INSERT INTO public.socio (id_socio, nombre, apellido, email, telefono, estado) OVERRIDING SYSTEM VALUE VALUES (98, 'Violante', 'Jeste', 'vjeste2p@t-online.de', '347-791-7910', 'Inactivo');
INSERT INTO public.socio (id_socio, nombre, apellido, email, telefono, estado) OVERRIDING SYSTEM VALUE VALUES (99, 'Erskine', 'Ansteys', 'eansteys2q@cbc.ca', '399-905-2396', 'Inactivo');
INSERT INTO public.socio (id_socio, nombre, apellido, email, telefono, estado) OVERRIDING SYSTEM VALUE VALUES (100, 'Cinnamon', 'Tippetts', 'ctippetts2r@typepad.com', '952-708-4016', 'Activo');


--
-- Data for Name: prestamo; Type: TABLE DATA; Schema: public; Owner: postgres
--

INSERT INTO public.prestamo (id_prestamo, id_ejemplar, id_socio, id_empleado_prestamo, fecha_prestamo, fecha_limite, fecha_devolucion, id_empleado_devolucion, estado_prestamo, nombre, apellido, email, telefono, estado) OVERRIDING SYSTEM VALUE VALUES (1, 84, 11, 9, '2024-12-07', '2026-06-23', NULL, NULL, 'Prestado', NULL, NULL, NULL, NULL, NULL);
INSERT INTO public.prestamo (id_prestamo, id_ejemplar, id_socio, id_empleado_prestamo, fecha_prestamo, fecha_limite, fecha_devolucion, id_empleado_devolucion, estado_prestamo, nombre, apellido, email, telefono, estado) OVERRIDING SYSTEM VALUE VALUES (2, 2, 63, 14, '2025-03-24', '2025-04-08', '2025-04-02', 2, 'Devuelto', NULL, NULL, NULL, NULL, NULL);
INSERT INTO public.prestamo (id_prestamo, id_ejemplar, id_socio, id_empleado_prestamo, fecha_prestamo, fecha_limite, fecha_devolucion, id_empleado_devolucion, estado_prestamo, nombre, apellido, email, telefono, estado) OVERRIDING SYSTEM VALUE VALUES (3, 59, 88, 10, '2024-10-23', '2026-06-23', NULL, NULL, 'Prestado', NULL, NULL, NULL, NULL, NULL);
INSERT INTO public.prestamo (id_prestamo, id_ejemplar, id_socio, id_empleado_prestamo, fecha_prestamo, fecha_limite, fecha_devolucion, id_empleado_devolucion, estado_prestamo, nombre, apellido, email, telefono, estado) OVERRIDING SYSTEM VALUE VALUES (4, 255, 65, 14, '2024-12-09', '2026-06-23', NULL, NULL, 'Prestado', NULL, NULL, NULL, NULL, NULL);
INSERT INTO public.prestamo (id_prestamo, id_ejemplar, id_socio, id_empleado_prestamo, fecha_prestamo, fecha_limite, fecha_devolucion, id_empleado_devolucion, estado_prestamo, nombre, apellido, email, telefono, estado) OVERRIDING SYSTEM VALUE VALUES (5, 172, 27, 7, '2025-07-19', '2026-06-23', NULL, NULL, 'Prestado', NULL, NULL, NULL, NULL, NULL);
INSERT INTO public.prestamo (id_prestamo, id_ejemplar, id_socio, id_empleado_prestamo, fecha_prestamo, fecha_limite, fecha_devolucion, id_empleado_devolucion, estado_prestamo, nombre, apellido, email, telefono, estado) OVERRIDING SYSTEM VALUE VALUES (6, 187, 18, 6, '2024-10-23', '2026-06-23', NULL, NULL, 'Prestado', NULL, NULL, NULL, NULL, NULL);
INSERT INTO public.prestamo (id_prestamo, id_ejemplar, id_socio, id_empleado_prestamo, fecha_prestamo, fecha_limite, fecha_devolucion, id_empleado_devolucion, estado_prestamo, nombre, apellido, email, telefono, estado) OVERRIDING SYSTEM VALUE VALUES (7, 300, 2, 7, '2024-04-22', '2026-06-23', NULL, NULL, 'Prestado', NULL, NULL, NULL, NULL, NULL);
INSERT INTO public.prestamo (id_prestamo, id_ejemplar, id_socio, id_empleado_prestamo, fecha_prestamo, fecha_limite, fecha_devolucion, id_empleado_devolucion, estado_prestamo, nombre, apellido, email, telefono, estado) OVERRIDING SYSTEM VALUE VALUES (8, 71, 17, 15, '2025-01-07', '2026-06-23', NULL, NULL, 'Prestado', NULL, NULL, NULL, NULL, NULL);
INSERT INTO public.prestamo (id_prestamo, id_ejemplar, id_socio, id_empleado_prestamo, fecha_prestamo, fecha_limite, fecha_devolucion, id_empleado_devolucion, estado_prestamo, nombre, apellido, email, telefono, estado) OVERRIDING SYSTEM VALUE VALUES (9, 165, 52, 15, '2024-01-15', '2026-06-23', NULL, NULL, 'Prestado', NULL, NULL, NULL, NULL, NULL);
INSERT INTO public.prestamo (id_prestamo, id_ejemplar, id_socio, id_empleado_prestamo, fecha_prestamo, fecha_limite, fecha_devolucion, id_empleado_devolucion, estado_prestamo, nombre, apellido, email, telefono, estado) OVERRIDING SYSTEM VALUE VALUES (10, 119, 1, 8, '2024-01-18', '2024-02-02', '2024-01-31', 12, 'Devuelto', NULL, NULL, NULL, NULL, NULL);
INSERT INTO public.prestamo (id_prestamo, id_ejemplar, id_socio, id_empleado_prestamo, fecha_prestamo, fecha_limite, fecha_devolucion, id_empleado_devolucion, estado_prestamo, nombre, apellido, email, telefono, estado) OVERRIDING SYSTEM VALUE VALUES (11, 216, 46, 1, '2025-06-14', '2026-06-23', NULL, NULL, 'Prestado', NULL, NULL, NULL, NULL, NULL);
INSERT INTO public.prestamo (id_prestamo, id_ejemplar, id_socio, id_empleado_prestamo, fecha_prestamo, fecha_limite, fecha_devolucion, id_empleado_devolucion, estado_prestamo, nombre, apellido, email, telefono, estado) OVERRIDING SYSTEM VALUE VALUES (12, 277, 91, 12, '2024-02-02', '2026-06-23', NULL, NULL, 'Prestado', NULL, NULL, NULL, NULL, NULL);
INSERT INTO public.prestamo (id_prestamo, id_ejemplar, id_socio, id_empleado_prestamo, fecha_prestamo, fecha_limite, fecha_devolucion, id_empleado_devolucion, estado_prestamo, nombre, apellido, email, telefono, estado) OVERRIDING SYSTEM VALUE VALUES (13, 195, 97, 3, '2025-07-24', '2026-06-23', NULL, NULL, 'Prestado', NULL, NULL, NULL, NULL, NULL);
INSERT INTO public.prestamo (id_prestamo, id_ejemplar, id_socio, id_empleado_prestamo, fecha_prestamo, fecha_limite, fecha_devolucion, id_empleado_devolucion, estado_prestamo, nombre, apellido, email, telefono, estado) OVERRIDING SYSTEM VALUE VALUES (14, 219, 72, 10, '2025-09-27', '2025-10-12', '2025-10-07', 4, 'Devuelto', NULL, NULL, NULL, NULL, NULL);
INSERT INTO public.prestamo (id_prestamo, id_ejemplar, id_socio, id_empleado_prestamo, fecha_prestamo, fecha_limite, fecha_devolucion, id_empleado_devolucion, estado_prestamo, nombre, apellido, email, telefono, estado) OVERRIDING SYSTEM VALUE VALUES (15, 61, 50, 10, '2025-01-03', '2026-06-23', NULL, NULL, 'Prestado', NULL, NULL, NULL, NULL, NULL);
INSERT INTO public.prestamo (id_prestamo, id_ejemplar, id_socio, id_empleado_prestamo, fecha_prestamo, fecha_limite, fecha_devolucion, id_empleado_devolucion, estado_prestamo, nombre, apellido, email, telefono, estado) OVERRIDING SYSTEM VALUE VALUES (16, 68, 4, 1, '2024-04-18', '2026-06-23', NULL, NULL, 'Prestado', NULL, NULL, NULL, NULL, NULL);
INSERT INTO public.prestamo (id_prestamo, id_ejemplar, id_socio, id_empleado_prestamo, fecha_prestamo, fecha_limite, fecha_devolucion, id_empleado_devolucion, estado_prestamo, nombre, apellido, email, telefono, estado) OVERRIDING SYSTEM VALUE VALUES (17, 228, 56, 7, '2024-03-25', '2024-04-09', '2024-04-06', NULL, 'Devuelto', NULL, NULL, NULL, NULL, NULL);
INSERT INTO public.prestamo (id_prestamo, id_ejemplar, id_socio, id_empleado_prestamo, fecha_prestamo, fecha_limite, fecha_devolucion, id_empleado_devolucion, estado_prestamo, nombre, apellido, email, telefono, estado) OVERRIDING SYSTEM VALUE VALUES (18, 247, 99, 15, '2025-02-16', '2026-06-23', NULL, NULL, 'Prestado', NULL, NULL, NULL, NULL, NULL);
INSERT INTO public.prestamo (id_prestamo, id_ejemplar, id_socio, id_empleado_prestamo, fecha_prestamo, fecha_limite, fecha_devolucion, id_empleado_devolucion, estado_prestamo, nombre, apellido, email, telefono, estado) OVERRIDING SYSTEM VALUE VALUES (19, 18, 4, 11, '2025-07-19', '2026-06-23', NULL, NULL, 'Prestado', NULL, NULL, NULL, NULL, NULL);
INSERT INTO public.prestamo (id_prestamo, id_ejemplar, id_socio, id_empleado_prestamo, fecha_prestamo, fecha_limite, fecha_devolucion, id_empleado_devolucion, estado_prestamo, nombre, apellido, email, telefono, estado) OVERRIDING SYSTEM VALUE VALUES (20, 14, 69, 5, '2024-03-04', '2026-06-23', NULL, NULL, 'Prestado', NULL, NULL, NULL, NULL, NULL);
INSERT INTO public.prestamo (id_prestamo, id_ejemplar, id_socio, id_empleado_prestamo, fecha_prestamo, fecha_limite, fecha_devolucion, id_empleado_devolucion, estado_prestamo, nombre, apellido, email, telefono, estado) OVERRIDING SYSTEM VALUE VALUES (21, 280, 84, 12, '2024-10-24', '2024-11-08', '2024-10-29', 6, 'Devuelto', NULL, NULL, NULL, NULL, NULL);
INSERT INTO public.prestamo (id_prestamo, id_ejemplar, id_socio, id_empleado_prestamo, fecha_prestamo, fecha_limite, fecha_devolucion, id_empleado_devolucion, estado_prestamo, nombre, apellido, email, telefono, estado) OVERRIDING SYSTEM VALUE VALUES (22, 49, 57, 6, '2025-02-18', '2026-06-23', NULL, NULL, 'Prestado', NULL, NULL, NULL, NULL, NULL);
INSERT INTO public.prestamo (id_prestamo, id_ejemplar, id_socio, id_empleado_prestamo, fecha_prestamo, fecha_limite, fecha_devolucion, id_empleado_devolucion, estado_prestamo, nombre, apellido, email, telefono, estado) OVERRIDING SYSTEM VALUE VALUES (23, 56, 34, 6, '2024-02-17', '2026-06-23', NULL, NULL, 'Prestado', NULL, NULL, NULL, NULL, NULL);
INSERT INTO public.prestamo (id_prestamo, id_ejemplar, id_socio, id_empleado_prestamo, fecha_prestamo, fecha_limite, fecha_devolucion, id_empleado_devolucion, estado_prestamo, nombre, apellido, email, telefono, estado) OVERRIDING SYSTEM VALUE VALUES (24, 239, 6, 10, '2025-03-14', '2025-03-29', '2025-03-15', 5, 'Devuelto', NULL, NULL, NULL, NULL, NULL);
INSERT INTO public.prestamo (id_prestamo, id_ejemplar, id_socio, id_empleado_prestamo, fecha_prestamo, fecha_limite, fecha_devolucion, id_empleado_devolucion, estado_prestamo, nombre, apellido, email, telefono, estado) OVERRIDING SYSTEM VALUE VALUES (25, 195, 61, 7, '2024-03-31', '2024-04-15', '2024-04-03', NULL, 'Devuelto', NULL, NULL, NULL, NULL, NULL);
INSERT INTO public.prestamo (id_prestamo, id_ejemplar, id_socio, id_empleado_prestamo, fecha_prestamo, fecha_limite, fecha_devolucion, id_empleado_devolucion, estado_prestamo, nombre, apellido, email, telefono, estado) OVERRIDING SYSTEM VALUE VALUES (26, 46, 77, 9, '2024-05-09', '2026-06-23', NULL, NULL, 'Prestado', NULL, NULL, NULL, NULL, NULL);
INSERT INTO public.prestamo (id_prestamo, id_ejemplar, id_socio, id_empleado_prestamo, fecha_prestamo, fecha_limite, fecha_devolucion, id_empleado_devolucion, estado_prestamo, nombre, apellido, email, telefono, estado) OVERRIDING SYSTEM VALUE VALUES (27, 6, 11, 7, '2025-09-03', '2026-06-23', NULL, NULL, 'Prestado', NULL, NULL, NULL, NULL, NULL);
INSERT INTO public.prestamo (id_prestamo, id_ejemplar, id_socio, id_empleado_prestamo, fecha_prestamo, fecha_limite, fecha_devolucion, id_empleado_devolucion, estado_prestamo, nombre, apellido, email, telefono, estado) OVERRIDING SYSTEM VALUE VALUES (28, 260, 17, 14, '2025-11-22', '2025-12-07', '2025-11-24', 9, 'Devuelto', NULL, NULL, NULL, NULL, NULL);
INSERT INTO public.prestamo (id_prestamo, id_ejemplar, id_socio, id_empleado_prestamo, fecha_prestamo, fecha_limite, fecha_devolucion, id_empleado_devolucion, estado_prestamo, nombre, apellido, email, telefono, estado) OVERRIDING SYSTEM VALUE VALUES (29, 106, 18, 1, '2024-07-01', '2026-06-23', NULL, NULL, 'Prestado', NULL, NULL, NULL, NULL, NULL);
INSERT INTO public.prestamo (id_prestamo, id_ejemplar, id_socio, id_empleado_prestamo, fecha_prestamo, fecha_limite, fecha_devolucion, id_empleado_devolucion, estado_prestamo, nombre, apellido, email, telefono, estado) OVERRIDING SYSTEM VALUE VALUES (30, 239, 3, 12, '2024-11-17', '2026-06-23', NULL, NULL, 'Prestado', NULL, NULL, NULL, NULL, NULL);
INSERT INTO public.prestamo (id_prestamo, id_ejemplar, id_socio, id_empleado_prestamo, fecha_prestamo, fecha_limite, fecha_devolucion, id_empleado_devolucion, estado_prestamo, nombre, apellido, email, telefono, estado) OVERRIDING SYSTEM VALUE VALUES (31, 232, 72, 12, '2024-06-30', '2026-06-23', NULL, NULL, 'Prestado', NULL, NULL, NULL, NULL, NULL);
INSERT INTO public.prestamo (id_prestamo, id_ejemplar, id_socio, id_empleado_prestamo, fecha_prestamo, fecha_limite, fecha_devolucion, id_empleado_devolucion, estado_prestamo, nombre, apellido, email, telefono, estado) OVERRIDING SYSTEM VALUE VALUES (32, 250, 10, 15, '2025-03-27', '2025-04-11', '2025-03-31', NULL, 'Devuelto', NULL, NULL, NULL, NULL, NULL);
INSERT INTO public.prestamo (id_prestamo, id_ejemplar, id_socio, id_empleado_prestamo, fecha_prestamo, fecha_limite, fecha_devolucion, id_empleado_devolucion, estado_prestamo, nombre, apellido, email, telefono, estado) OVERRIDING SYSTEM VALUE VALUES (33, 74, 85, 11, '2025-06-16', '2026-06-23', NULL, NULL, 'Prestado', NULL, NULL, NULL, NULL, NULL);
INSERT INTO public.prestamo (id_prestamo, id_ejemplar, id_socio, id_empleado_prestamo, fecha_prestamo, fecha_limite, fecha_devolucion, id_empleado_devolucion, estado_prestamo, nombre, apellido, email, telefono, estado) OVERRIDING SYSTEM VALUE VALUES (34, 209, 13, 13, '2025-09-25', '2026-06-23', NULL, 14, 'Prestado', NULL, NULL, NULL, NULL, NULL);
INSERT INTO public.prestamo (id_prestamo, id_ejemplar, id_socio, id_empleado_prestamo, fecha_prestamo, fecha_limite, fecha_devolucion, id_empleado_devolucion, estado_prestamo, nombre, apellido, email, telefono, estado) OVERRIDING SYSTEM VALUE VALUES (35, 84, 92, 7, '2025-04-02', '2026-06-23', NULL, NULL, 'Prestado', NULL, NULL, NULL, NULL, NULL);
INSERT INTO public.prestamo (id_prestamo, id_ejemplar, id_socio, id_empleado_prestamo, fecha_prestamo, fecha_limite, fecha_devolucion, id_empleado_devolucion, estado_prestamo, nombre, apellido, email, telefono, estado) OVERRIDING SYSTEM VALUE VALUES (36, 242, 33, 6, '2024-03-21', '2026-06-23', NULL, NULL, 'Prestado', NULL, NULL, NULL, NULL, NULL);
INSERT INTO public.prestamo (id_prestamo, id_ejemplar, id_socio, id_empleado_prestamo, fecha_prestamo, fecha_limite, fecha_devolucion, id_empleado_devolucion, estado_prestamo, nombre, apellido, email, telefono, estado) OVERRIDING SYSTEM VALUE VALUES (37, 162, 64, 14, '2025-08-16', '2026-06-23', NULL, NULL, 'Prestado', NULL, NULL, NULL, NULL, NULL);
INSERT INTO public.prestamo (id_prestamo, id_ejemplar, id_socio, id_empleado_prestamo, fecha_prestamo, fecha_limite, fecha_devolucion, id_empleado_devolucion, estado_prestamo, nombre, apellido, email, telefono, estado) OVERRIDING SYSTEM VALUE VALUES (38, 174, 51, 2, '2024-02-15', '2026-06-23', NULL, NULL, 'Prestado', NULL, NULL, NULL, NULL, NULL);
INSERT INTO public.prestamo (id_prestamo, id_ejemplar, id_socio, id_empleado_prestamo, fecha_prestamo, fecha_limite, fecha_devolucion, id_empleado_devolucion, estado_prestamo, nombre, apellido, email, telefono, estado) OVERRIDING SYSTEM VALUE VALUES (39, 266, 69, 8, '2025-09-09', '2026-06-23', NULL, NULL, 'Prestado', NULL, NULL, NULL, NULL, NULL);
INSERT INTO public.prestamo (id_prestamo, id_ejemplar, id_socio, id_empleado_prestamo, fecha_prestamo, fecha_limite, fecha_devolucion, id_empleado_devolucion, estado_prestamo, nombre, apellido, email, telefono, estado) OVERRIDING SYSTEM VALUE VALUES (40, 154, 54, 4, '2025-11-09', '2026-06-23', NULL, NULL, 'Prestado', NULL, NULL, NULL, NULL, NULL);
INSERT INTO public.prestamo (id_prestamo, id_ejemplar, id_socio, id_empleado_prestamo, fecha_prestamo, fecha_limite, fecha_devolucion, id_empleado_devolucion, estado_prestamo, nombre, apellido, email, telefono, estado) OVERRIDING SYSTEM VALUE VALUES (41, 32, 37, 7, '2025-02-23', '2026-06-23', NULL, 6, 'Prestado', NULL, NULL, NULL, NULL, NULL);
INSERT INTO public.prestamo (id_prestamo, id_ejemplar, id_socio, id_empleado_prestamo, fecha_prestamo, fecha_limite, fecha_devolucion, id_empleado_devolucion, estado_prestamo, nombre, apellido, email, telefono, estado) OVERRIDING SYSTEM VALUE VALUES (42, 205, 70, 9, '2024-10-24', '2026-06-23', NULL, NULL, 'Prestado', NULL, NULL, NULL, NULL, NULL);
INSERT INTO public.prestamo (id_prestamo, id_ejemplar, id_socio, id_empleado_prestamo, fecha_prestamo, fecha_limite, fecha_devolucion, id_empleado_devolucion, estado_prestamo, nombre, apellido, email, telefono, estado) OVERRIDING SYSTEM VALUE VALUES (43, 283, 49, 12, '2025-06-20', '2026-06-23', NULL, NULL, 'Prestado', NULL, NULL, NULL, NULL, NULL);
INSERT INTO public.prestamo (id_prestamo, id_ejemplar, id_socio, id_empleado_prestamo, fecha_prestamo, fecha_limite, fecha_devolucion, id_empleado_devolucion, estado_prestamo, nombre, apellido, email, telefono, estado) OVERRIDING SYSTEM VALUE VALUES (44, 205, 92, 10, '2024-06-25', '2024-07-10', '2024-07-05', NULL, 'Devuelto', NULL, NULL, NULL, NULL, NULL);
INSERT INTO public.prestamo (id_prestamo, id_ejemplar, id_socio, id_empleado_prestamo, fecha_prestamo, fecha_limite, fecha_devolucion, id_empleado_devolucion, estado_prestamo, nombre, apellido, email, telefono, estado) OVERRIDING SYSTEM VALUE VALUES (45, 198, 51, 1, '2024-10-27', '2026-06-23', NULL, NULL, 'Prestado', NULL, NULL, NULL, NULL, NULL);
INSERT INTO public.prestamo (id_prestamo, id_ejemplar, id_socio, id_empleado_prestamo, fecha_prestamo, fecha_limite, fecha_devolucion, id_empleado_devolucion, estado_prestamo, nombre, apellido, email, telefono, estado) OVERRIDING SYSTEM VALUE VALUES (46, 34, 21, 1, '2024-03-09', '2026-06-23', NULL, NULL, 'Prestado', NULL, NULL, NULL, NULL, NULL);
INSERT INTO public.prestamo (id_prestamo, id_ejemplar, id_socio, id_empleado_prestamo, fecha_prestamo, fecha_limite, fecha_devolucion, id_empleado_devolucion, estado_prestamo, nombre, apellido, email, telefono, estado) OVERRIDING SYSTEM VALUE VALUES (47, 270, 63, 11, '2024-04-01', '2026-06-23', NULL, NULL, 'Prestado', NULL, NULL, NULL, NULL, NULL);
INSERT INTO public.prestamo (id_prestamo, id_ejemplar, id_socio, id_empleado_prestamo, fecha_prestamo, fecha_limite, fecha_devolucion, id_empleado_devolucion, estado_prestamo, nombre, apellido, email, telefono, estado) OVERRIDING SYSTEM VALUE VALUES (48, 96, 4, 7, '2025-05-03', '2026-06-23', NULL, NULL, 'Prestado', NULL, NULL, NULL, NULL, NULL);
INSERT INTO public.prestamo (id_prestamo, id_ejemplar, id_socio, id_empleado_prestamo, fecha_prestamo, fecha_limite, fecha_devolucion, id_empleado_devolucion, estado_prestamo, nombre, apellido, email, telefono, estado) OVERRIDING SYSTEM VALUE VALUES (49, 259, 73, 7, '2024-04-26', '2026-06-23', NULL, NULL, 'Prestado', NULL, NULL, NULL, NULL, NULL);
INSERT INTO public.prestamo (id_prestamo, id_ejemplar, id_socio, id_empleado_prestamo, fecha_prestamo, fecha_limite, fecha_devolucion, id_empleado_devolucion, estado_prestamo, nombre, apellido, email, telefono, estado) OVERRIDING SYSTEM VALUE VALUES (50, 125, 31, 14, '2024-10-25', '2024-11-09', '2024-10-30', NULL, 'Devuelto', NULL, NULL, NULL, NULL, NULL);
INSERT INTO public.prestamo (id_prestamo, id_ejemplar, id_socio, id_empleado_prestamo, fecha_prestamo, fecha_limite, fecha_devolucion, id_empleado_devolucion, estado_prestamo, nombre, apellido, email, telefono, estado) OVERRIDING SYSTEM VALUE VALUES (51, 1, 43, 11, '2025-07-12', '2025-07-27', '2025-07-20', 10, 'Devuelto', NULL, NULL, NULL, NULL, NULL);
INSERT INTO public.prestamo (id_prestamo, id_ejemplar, id_socio, id_empleado_prestamo, fecha_prestamo, fecha_limite, fecha_devolucion, id_empleado_devolucion, estado_prestamo, nombre, apellido, email, telefono, estado) OVERRIDING SYSTEM VALUE VALUES (52, 217, 17, 1, '2024-04-08', '2024-04-23', '2024-04-14', 4, 'Devuelto', NULL, NULL, NULL, NULL, NULL);
INSERT INTO public.prestamo (id_prestamo, id_ejemplar, id_socio, id_empleado_prestamo, fecha_prestamo, fecha_limite, fecha_devolucion, id_empleado_devolucion, estado_prestamo, nombre, apellido, email, telefono, estado) OVERRIDING SYSTEM VALUE VALUES (53, 154, 79, 15, '2025-09-28', '2026-06-23', NULL, NULL, 'Prestado', NULL, NULL, NULL, NULL, NULL);
INSERT INTO public.prestamo (id_prestamo, id_ejemplar, id_socio, id_empleado_prestamo, fecha_prestamo, fecha_limite, fecha_devolucion, id_empleado_devolucion, estado_prestamo, nombre, apellido, email, telefono, estado) OVERRIDING SYSTEM VALUE VALUES (54, 256, 31, 5, '2025-09-29', '2025-10-14', '2025-10-10', 14, 'Devuelto', NULL, NULL, NULL, NULL, NULL);
INSERT INTO public.prestamo (id_prestamo, id_ejemplar, id_socio, id_empleado_prestamo, fecha_prestamo, fecha_limite, fecha_devolucion, id_empleado_devolucion, estado_prestamo, nombre, apellido, email, telefono, estado) OVERRIDING SYSTEM VALUE VALUES (55, 2, 93, 9, '2025-11-22', '2026-06-23', NULL, NULL, 'Prestado', NULL, NULL, NULL, NULL, NULL);
INSERT INTO public.prestamo (id_prestamo, id_ejemplar, id_socio, id_empleado_prestamo, fecha_prestamo, fecha_limite, fecha_devolucion, id_empleado_devolucion, estado_prestamo, nombre, apellido, email, telefono, estado) OVERRIDING SYSTEM VALUE VALUES (56, 73, 74, 15, '2024-08-19', '2026-06-23', NULL, 13, 'Prestado', NULL, NULL, NULL, NULL, NULL);
INSERT INTO public.prestamo (id_prestamo, id_ejemplar, id_socio, id_empleado_prestamo, fecha_prestamo, fecha_limite, fecha_devolucion, id_empleado_devolucion, estado_prestamo, nombre, apellido, email, telefono, estado) OVERRIDING SYSTEM VALUE VALUES (57, 252, 15, 5, '2025-03-31', '2026-06-23', NULL, NULL, 'Prestado', NULL, NULL, NULL, NULL, NULL);
INSERT INTO public.prestamo (id_prestamo, id_ejemplar, id_socio, id_empleado_prestamo, fecha_prestamo, fecha_limite, fecha_devolucion, id_empleado_devolucion, estado_prestamo, nombre, apellido, email, telefono, estado) OVERRIDING SYSTEM VALUE VALUES (58, 236, 88, 2, '2024-10-21', '2026-06-23', NULL, NULL, 'Prestado', NULL, NULL, NULL, NULL, NULL);
INSERT INTO public.prestamo (id_prestamo, id_ejemplar, id_socio, id_empleado_prestamo, fecha_prestamo, fecha_limite, fecha_devolucion, id_empleado_devolucion, estado_prestamo, nombre, apellido, email, telefono, estado) OVERRIDING SYSTEM VALUE VALUES (59, 254, 81, 8, '2025-05-19', '2026-06-23', NULL, NULL, 'Prestado', NULL, NULL, NULL, NULL, NULL);
INSERT INTO public.prestamo (id_prestamo, id_ejemplar, id_socio, id_empleado_prestamo, fecha_prestamo, fecha_limite, fecha_devolucion, id_empleado_devolucion, estado_prestamo, nombre, apellido, email, telefono, estado) OVERRIDING SYSTEM VALUE VALUES (60, 278, 12, 6, '2024-04-24', '2026-06-23', NULL, 10, 'Prestado', NULL, NULL, NULL, NULL, NULL);
INSERT INTO public.prestamo (id_prestamo, id_ejemplar, id_socio, id_empleado_prestamo, fecha_prestamo, fecha_limite, fecha_devolucion, id_empleado_devolucion, estado_prestamo, nombre, apellido, email, telefono, estado) OVERRIDING SYSTEM VALUE VALUES (61, 268, 30, 10, '2024-11-25', '2026-06-23', NULL, NULL, 'Prestado', NULL, NULL, NULL, NULL, NULL);
INSERT INTO public.prestamo (id_prestamo, id_ejemplar, id_socio, id_empleado_prestamo, fecha_prestamo, fecha_limite, fecha_devolucion, id_empleado_devolucion, estado_prestamo, nombre, apellido, email, telefono, estado) OVERRIDING SYSTEM VALUE VALUES (62, 141, 86, 1, '2025-08-10', '2026-06-23', NULL, NULL, 'Prestado', NULL, NULL, NULL, NULL, NULL);
INSERT INTO public.prestamo (id_prestamo, id_ejemplar, id_socio, id_empleado_prestamo, fecha_prestamo, fecha_limite, fecha_devolucion, id_empleado_devolucion, estado_prestamo, nombre, apellido, email, telefono, estado) OVERRIDING SYSTEM VALUE VALUES (63, 140, 32, 7, '2025-04-03', '2026-06-23', NULL, NULL, 'Prestado', NULL, NULL, NULL, NULL, NULL);
INSERT INTO public.prestamo (id_prestamo, id_ejemplar, id_socio, id_empleado_prestamo, fecha_prestamo, fecha_limite, fecha_devolucion, id_empleado_devolucion, estado_prestamo, nombre, apellido, email, telefono, estado) OVERRIDING SYSTEM VALUE VALUES (64, 118, 96, 4, '2025-10-24', '2026-06-23', NULL, NULL, 'Prestado', NULL, NULL, NULL, NULL, NULL);
INSERT INTO public.prestamo (id_prestamo, id_ejemplar, id_socio, id_empleado_prestamo, fecha_prestamo, fecha_limite, fecha_devolucion, id_empleado_devolucion, estado_prestamo, nombre, apellido, email, telefono, estado) OVERRIDING SYSTEM VALUE VALUES (65, 211, 31, 6, '2024-03-08', '2026-06-23', NULL, NULL, 'Prestado', NULL, NULL, NULL, NULL, NULL);
INSERT INTO public.prestamo (id_prestamo, id_ejemplar, id_socio, id_empleado_prestamo, fecha_prestamo, fecha_limite, fecha_devolucion, id_empleado_devolucion, estado_prestamo, nombre, apellido, email, telefono, estado) OVERRIDING SYSTEM VALUE VALUES (66, 1, 6, 11, '2025-08-12', '2025-08-27', '2025-08-17', 14, 'Devuelto', NULL, NULL, NULL, NULL, NULL);
INSERT INTO public.prestamo (id_prestamo, id_ejemplar, id_socio, id_empleado_prestamo, fecha_prestamo, fecha_limite, fecha_devolucion, id_empleado_devolucion, estado_prestamo, nombre, apellido, email, telefono, estado) OVERRIDING SYSTEM VALUE VALUES (67, 96, 66, 5, '2024-05-02', '2026-06-23', NULL, NULL, 'Prestado', NULL, NULL, NULL, NULL, NULL);
INSERT INTO public.prestamo (id_prestamo, id_ejemplar, id_socio, id_empleado_prestamo, fecha_prestamo, fecha_limite, fecha_devolucion, id_empleado_devolucion, estado_prestamo, nombre, apellido, email, telefono, estado) OVERRIDING SYSTEM VALUE VALUES (68, 268, 42, 14, '2025-12-16', '2026-06-23', NULL, NULL, 'Prestado', NULL, NULL, NULL, NULL, NULL);
INSERT INTO public.prestamo (id_prestamo, id_ejemplar, id_socio, id_empleado_prestamo, fecha_prestamo, fecha_limite, fecha_devolucion, id_empleado_devolucion, estado_prestamo, nombre, apellido, email, telefono, estado) OVERRIDING SYSTEM VALUE VALUES (69, 129, 48, 4, '2025-04-14', '2026-06-23', NULL, NULL, 'Prestado', NULL, NULL, NULL, NULL, NULL);
INSERT INTO public.prestamo (id_prestamo, id_ejemplar, id_socio, id_empleado_prestamo, fecha_prestamo, fecha_limite, fecha_devolucion, id_empleado_devolucion, estado_prestamo, nombre, apellido, email, telefono, estado) OVERRIDING SYSTEM VALUE VALUES (70, 283, 7, 14, '2025-09-23', '2026-06-23', NULL, NULL, 'Prestado', NULL, NULL, NULL, NULL, NULL);
INSERT INTO public.prestamo (id_prestamo, id_ejemplar, id_socio, id_empleado_prestamo, fecha_prestamo, fecha_limite, fecha_devolucion, id_empleado_devolucion, estado_prestamo, nombre, apellido, email, telefono, estado) OVERRIDING SYSTEM VALUE VALUES (71, 208, 45, 8, '2025-10-07', '2026-06-23', NULL, NULL, 'Prestado', NULL, NULL, NULL, NULL, NULL);
INSERT INTO public.prestamo (id_prestamo, id_ejemplar, id_socio, id_empleado_prestamo, fecha_prestamo, fecha_limite, fecha_devolucion, id_empleado_devolucion, estado_prestamo, nombre, apellido, email, telefono, estado) OVERRIDING SYSTEM VALUE VALUES (72, 70, 100, 2, '2024-08-14', '2024-08-29', '2024-08-16', 12, 'Devuelto', NULL, NULL, NULL, NULL, NULL);
INSERT INTO public.prestamo (id_prestamo, id_ejemplar, id_socio, id_empleado_prestamo, fecha_prestamo, fecha_limite, fecha_devolucion, id_empleado_devolucion, estado_prestamo, nombre, apellido, email, telefono, estado) OVERRIDING SYSTEM VALUE VALUES (73, 61, 69, 6, '2024-04-27', '2024-05-12', '2024-05-08', NULL, 'Devuelto', NULL, NULL, NULL, NULL, NULL);
INSERT INTO public.prestamo (id_prestamo, id_ejemplar, id_socio, id_empleado_prestamo, fecha_prestamo, fecha_limite, fecha_devolucion, id_empleado_devolucion, estado_prestamo, nombre, apellido, email, telefono, estado) OVERRIDING SYSTEM VALUE VALUES (74, 225, 40, 1, '2025-05-24', '2026-06-23', NULL, NULL, 'Prestado', NULL, NULL, NULL, NULL, NULL);
INSERT INTO public.prestamo (id_prestamo, id_ejemplar, id_socio, id_empleado_prestamo, fecha_prestamo, fecha_limite, fecha_devolucion, id_empleado_devolucion, estado_prestamo, nombre, apellido, email, telefono, estado) OVERRIDING SYSTEM VALUE VALUES (75, 56, 73, 10, '2025-03-06', '2025-03-21', '2025-03-07', NULL, 'Devuelto', NULL, NULL, NULL, NULL, NULL);
INSERT INTO public.prestamo (id_prestamo, id_ejemplar, id_socio, id_empleado_prestamo, fecha_prestamo, fecha_limite, fecha_devolucion, id_empleado_devolucion, estado_prestamo, nombre, apellido, email, telefono, estado) OVERRIDING SYSTEM VALUE VALUES (76, 295, 15, 4, '2025-02-14', '2026-06-23', NULL, NULL, 'Prestado', NULL, NULL, NULL, NULL, NULL);
INSERT INTO public.prestamo (id_prestamo, id_ejemplar, id_socio, id_empleado_prestamo, fecha_prestamo, fecha_limite, fecha_devolucion, id_empleado_devolucion, estado_prestamo, nombre, apellido, email, telefono, estado) OVERRIDING SYSTEM VALUE VALUES (77, 235, 83, 5, '2024-09-18', '2024-10-03', '2024-09-29', 1, 'Devuelto', NULL, NULL, NULL, NULL, NULL);
INSERT INTO public.prestamo (id_prestamo, id_ejemplar, id_socio, id_empleado_prestamo, fecha_prestamo, fecha_limite, fecha_devolucion, id_empleado_devolucion, estado_prestamo, nombre, apellido, email, telefono, estado) OVERRIDING SYSTEM VALUE VALUES (78, 286, 36, 9, '2025-06-10', '2025-06-25', '2025-06-22', NULL, 'Devuelto', NULL, NULL, NULL, NULL, NULL);
INSERT INTO public.prestamo (id_prestamo, id_ejemplar, id_socio, id_empleado_prestamo, fecha_prestamo, fecha_limite, fecha_devolucion, id_empleado_devolucion, estado_prestamo, nombre, apellido, email, telefono, estado) OVERRIDING SYSTEM VALUE VALUES (79, 19, 97, 4, '2024-08-28', '2024-09-12', '2024-09-06', 14, 'Devuelto', NULL, NULL, NULL, NULL, NULL);
INSERT INTO public.prestamo (id_prestamo, id_ejemplar, id_socio, id_empleado_prestamo, fecha_prestamo, fecha_limite, fecha_devolucion, id_empleado_devolucion, estado_prestamo, nombre, apellido, email, telefono, estado) OVERRIDING SYSTEM VALUE VALUES (80, 257, 76, 7, '2025-01-12', '2025-01-27', '2025-01-18', 1, 'Devuelto', NULL, NULL, NULL, NULL, NULL);
INSERT INTO public.prestamo (id_prestamo, id_ejemplar, id_socio, id_empleado_prestamo, fecha_prestamo, fecha_limite, fecha_devolucion, id_empleado_devolucion, estado_prestamo, nombre, apellido, email, telefono, estado) OVERRIDING SYSTEM VALUE VALUES (81, 193, 28, 4, '2025-09-21', '2026-06-23', NULL, NULL, 'Prestado', NULL, NULL, NULL, NULL, NULL);
INSERT INTO public.prestamo (id_prestamo, id_ejemplar, id_socio, id_empleado_prestamo, fecha_prestamo, fecha_limite, fecha_devolucion, id_empleado_devolucion, estado_prestamo, nombre, apellido, email, telefono, estado) OVERRIDING SYSTEM VALUE VALUES (82, 249, 80, 14, '2024-12-27', '2026-06-23', NULL, NULL, 'Prestado', NULL, NULL, NULL, NULL, NULL);
INSERT INTO public.prestamo (id_prestamo, id_ejemplar, id_socio, id_empleado_prestamo, fecha_prestamo, fecha_limite, fecha_devolucion, id_empleado_devolucion, estado_prestamo, nombre, apellido, email, telefono, estado) OVERRIDING SYSTEM VALUE VALUES (83, 111, 88, 15, '2025-04-06', '2026-06-23', NULL, NULL, 'Prestado', NULL, NULL, NULL, NULL, NULL);
INSERT INTO public.prestamo (id_prestamo, id_ejemplar, id_socio, id_empleado_prestamo, fecha_prestamo, fecha_limite, fecha_devolucion, id_empleado_devolucion, estado_prestamo, nombre, apellido, email, telefono, estado) OVERRIDING SYSTEM VALUE VALUES (84, 223, 73, 7, '2024-11-22', '2026-06-23', NULL, NULL, 'Prestado', NULL, NULL, NULL, NULL, NULL);
INSERT INTO public.prestamo (id_prestamo, id_ejemplar, id_socio, id_empleado_prestamo, fecha_prestamo, fecha_limite, fecha_devolucion, id_empleado_devolucion, estado_prestamo, nombre, apellido, email, telefono, estado) OVERRIDING SYSTEM VALUE VALUES (85, 170, 46, 4, '2024-10-23', '2026-06-23', NULL, NULL, 'Prestado', NULL, NULL, NULL, NULL, NULL);
INSERT INTO public.prestamo (id_prestamo, id_ejemplar, id_socio, id_empleado_prestamo, fecha_prestamo, fecha_limite, fecha_devolucion, id_empleado_devolucion, estado_prestamo, nombre, apellido, email, telefono, estado) OVERRIDING SYSTEM VALUE VALUES (86, 210, 99, 13, '2024-05-01', '2026-06-23', NULL, NULL, 'Prestado', NULL, NULL, NULL, NULL, NULL);
INSERT INTO public.prestamo (id_prestamo, id_ejemplar, id_socio, id_empleado_prestamo, fecha_prestamo, fecha_limite, fecha_devolucion, id_empleado_devolucion, estado_prestamo, nombre, apellido, email, telefono, estado) OVERRIDING SYSTEM VALUE VALUES (87, 226, 29, 13, '2025-06-21', '2026-06-23', NULL, NULL, 'Prestado', NULL, NULL, NULL, NULL, NULL);
INSERT INTO public.prestamo (id_prestamo, id_ejemplar, id_socio, id_empleado_prestamo, fecha_prestamo, fecha_limite, fecha_devolucion, id_empleado_devolucion, estado_prestamo, nombre, apellido, email, telefono, estado) OVERRIDING SYSTEM VALUE VALUES (88, 196, 39, 12, '2024-08-22', '2026-06-23', NULL, NULL, 'Prestado', NULL, NULL, NULL, NULL, NULL);
INSERT INTO public.prestamo (id_prestamo, id_ejemplar, id_socio, id_empleado_prestamo, fecha_prestamo, fecha_limite, fecha_devolucion, id_empleado_devolucion, estado_prestamo, nombre, apellido, email, telefono, estado) OVERRIDING SYSTEM VALUE VALUES (89, 4, 31, 5, '2025-12-27', '2026-06-23', NULL, NULL, 'Prestado', NULL, NULL, NULL, NULL, NULL);
INSERT INTO public.prestamo (id_prestamo, id_ejemplar, id_socio, id_empleado_prestamo, fecha_prestamo, fecha_limite, fecha_devolucion, id_empleado_devolucion, estado_prestamo, nombre, apellido, email, telefono, estado) OVERRIDING SYSTEM VALUE VALUES (90, 139, 53, 10, '2024-12-28', '2026-06-23', NULL, NULL, 'Prestado', NULL, NULL, NULL, NULL, NULL);
INSERT INTO public.prestamo (id_prestamo, id_ejemplar, id_socio, id_empleado_prestamo, fecha_prestamo, fecha_limite, fecha_devolucion, id_empleado_devolucion, estado_prestamo, nombre, apellido, email, telefono, estado) OVERRIDING SYSTEM VALUE VALUES (91, 91, 7, 1, '2024-03-15', '2024-03-30', '2024-03-27', NULL, 'Devuelto', NULL, NULL, NULL, NULL, NULL);
INSERT INTO public.prestamo (id_prestamo, id_ejemplar, id_socio, id_empleado_prestamo, fecha_prestamo, fecha_limite, fecha_devolucion, id_empleado_devolucion, estado_prestamo, nombre, apellido, email, telefono, estado) OVERRIDING SYSTEM VALUE VALUES (92, 13, 57, 8, '2024-08-06', '2026-06-23', NULL, NULL, 'Prestado', NULL, NULL, NULL, NULL, NULL);
INSERT INTO public.prestamo (id_prestamo, id_ejemplar, id_socio, id_empleado_prestamo, fecha_prestamo, fecha_limite, fecha_devolucion, id_empleado_devolucion, estado_prestamo, nombre, apellido, email, telefono, estado) OVERRIDING SYSTEM VALUE VALUES (93, 28, 82, 7, '2025-03-25', '2025-04-09', '2025-03-30', NULL, 'Devuelto', NULL, NULL, NULL, NULL, NULL);
INSERT INTO public.prestamo (id_prestamo, id_ejemplar, id_socio, id_empleado_prestamo, fecha_prestamo, fecha_limite, fecha_devolucion, id_empleado_devolucion, estado_prestamo, nombre, apellido, email, telefono, estado) OVERRIDING SYSTEM VALUE VALUES (94, 274, 40, 1, '2025-09-21', '2026-06-23', NULL, NULL, 'Prestado', NULL, NULL, NULL, NULL, NULL);
INSERT INTO public.prestamo (id_prestamo, id_ejemplar, id_socio, id_empleado_prestamo, fecha_prestamo, fecha_limite, fecha_devolucion, id_empleado_devolucion, estado_prestamo, nombre, apellido, email, telefono, estado) OVERRIDING SYSTEM VALUE VALUES (95, 162, 69, 7, '2025-01-02', '2026-06-23', NULL, NULL, 'Prestado', NULL, NULL, NULL, NULL, NULL);
INSERT INTO public.prestamo (id_prestamo, id_ejemplar, id_socio, id_empleado_prestamo, fecha_prestamo, fecha_limite, fecha_devolucion, id_empleado_devolucion, estado_prestamo, nombre, apellido, email, telefono, estado) OVERRIDING SYSTEM VALUE VALUES (96, 76, 72, 13, '2024-10-01', '2026-06-23', NULL, NULL, 'Prestado', NULL, NULL, NULL, NULL, NULL);
INSERT INTO public.prestamo (id_prestamo, id_ejemplar, id_socio, id_empleado_prestamo, fecha_prestamo, fecha_limite, fecha_devolucion, id_empleado_devolucion, estado_prestamo, nombre, apellido, email, telefono, estado) OVERRIDING SYSTEM VALUE VALUES (97, 5, 15, 12, '2025-02-04', '2026-06-23', NULL, NULL, 'Prestado', NULL, NULL, NULL, NULL, NULL);
INSERT INTO public.prestamo (id_prestamo, id_ejemplar, id_socio, id_empleado_prestamo, fecha_prestamo, fecha_limite, fecha_devolucion, id_empleado_devolucion, estado_prestamo, nombre, apellido, email, telefono, estado) OVERRIDING SYSTEM VALUE VALUES (98, 49, 8, 15, '2024-07-11', '2026-06-23', NULL, 14, 'Prestado', NULL, NULL, NULL, NULL, NULL);
INSERT INTO public.prestamo (id_prestamo, id_ejemplar, id_socio, id_empleado_prestamo, fecha_prestamo, fecha_limite, fecha_devolucion, id_empleado_devolucion, estado_prestamo, nombre, apellido, email, telefono, estado) OVERRIDING SYSTEM VALUE VALUES (99, 284, 1, 7, '2025-05-21', '2026-06-23', NULL, NULL, 'Prestado', NULL, NULL, NULL, NULL, NULL);
INSERT INTO public.prestamo (id_prestamo, id_ejemplar, id_socio, id_empleado_prestamo, fecha_prestamo, fecha_limite, fecha_devolucion, id_empleado_devolucion, estado_prestamo, nombre, apellido, email, telefono, estado) OVERRIDING SYSTEM VALUE VALUES (100, 210, 37, 3, '2024-02-27', '2026-06-23', NULL, NULL, 'Prestado', NULL, NULL, NULL, NULL, NULL);
INSERT INTO public.prestamo (id_prestamo, id_ejemplar, id_socio, id_empleado_prestamo, fecha_prestamo, fecha_limite, fecha_devolucion, id_empleado_devolucion, estado_prestamo, nombre, apellido, email, telefono, estado) OVERRIDING SYSTEM VALUE VALUES (101, 102, 17, 15, '2024-11-07', '2026-06-23', NULL, NULL, 'Prestado', NULL, NULL, NULL, NULL, NULL);
INSERT INTO public.prestamo (id_prestamo, id_ejemplar, id_socio, id_empleado_prestamo, fecha_prestamo, fecha_limite, fecha_devolucion, id_empleado_devolucion, estado_prestamo, nombre, apellido, email, telefono, estado) OVERRIDING SYSTEM VALUE VALUES (102, 235, 62, 3, '2024-10-24', '2026-06-23', NULL, NULL, 'Prestado', NULL, NULL, NULL, NULL, NULL);
INSERT INTO public.prestamo (id_prestamo, id_ejemplar, id_socio, id_empleado_prestamo, fecha_prestamo, fecha_limite, fecha_devolucion, id_empleado_devolucion, estado_prestamo, nombre, apellido, email, telefono, estado) OVERRIDING SYSTEM VALUE VALUES (103, 126, 11, 5, '2024-01-15', '2026-06-23', NULL, 2, 'Prestado', NULL, NULL, NULL, NULL, NULL);
INSERT INTO public.prestamo (id_prestamo, id_ejemplar, id_socio, id_empleado_prestamo, fecha_prestamo, fecha_limite, fecha_devolucion, id_empleado_devolucion, estado_prestamo, nombre, apellido, email, telefono, estado) OVERRIDING SYSTEM VALUE VALUES (104, 6, 75, 1, '2025-03-30', '2026-06-23', NULL, NULL, 'Prestado', NULL, NULL, NULL, NULL, NULL);
INSERT INTO public.prestamo (id_prestamo, id_ejemplar, id_socio, id_empleado_prestamo, fecha_prestamo, fecha_limite, fecha_devolucion, id_empleado_devolucion, estado_prestamo, nombre, apellido, email, telefono, estado) OVERRIDING SYSTEM VALUE VALUES (105, 191, 49, 2, '2025-08-16', '2025-08-31', '2025-08-23', NULL, 'Devuelto', NULL, NULL, NULL, NULL, NULL);
INSERT INTO public.prestamo (id_prestamo, id_ejemplar, id_socio, id_empleado_prestamo, fecha_prestamo, fecha_limite, fecha_devolucion, id_empleado_devolucion, estado_prestamo, nombre, apellido, email, telefono, estado) OVERRIDING SYSTEM VALUE VALUES (106, 182, 45, 2, '2024-05-10', '2026-06-23', NULL, NULL, 'Prestado', NULL, NULL, NULL, NULL, NULL);
INSERT INTO public.prestamo (id_prestamo, id_ejemplar, id_socio, id_empleado_prestamo, fecha_prestamo, fecha_limite, fecha_devolucion, id_empleado_devolucion, estado_prestamo, nombre, apellido, email, telefono, estado) OVERRIDING SYSTEM VALUE VALUES (107, 277, 89, 14, '2024-12-31', '2026-06-23', NULL, NULL, 'Prestado', NULL, NULL, NULL, NULL, NULL);
INSERT INTO public.prestamo (id_prestamo, id_ejemplar, id_socio, id_empleado_prestamo, fecha_prestamo, fecha_limite, fecha_devolucion, id_empleado_devolucion, estado_prestamo, nombre, apellido, email, telefono, estado) OVERRIDING SYSTEM VALUE VALUES (108, 224, 38, 13, '2024-09-28', '2026-06-23', NULL, NULL, 'Prestado', NULL, NULL, NULL, NULL, NULL);
INSERT INTO public.prestamo (id_prestamo, id_ejemplar, id_socio, id_empleado_prestamo, fecha_prestamo, fecha_limite, fecha_devolucion, id_empleado_devolucion, estado_prestamo, nombre, apellido, email, telefono, estado) OVERRIDING SYSTEM VALUE VALUES (109, 219, 42, 2, '2025-05-13', '2026-06-23', NULL, NULL, 'Prestado', NULL, NULL, NULL, NULL, NULL);
INSERT INTO public.prestamo (id_prestamo, id_ejemplar, id_socio, id_empleado_prestamo, fecha_prestamo, fecha_limite, fecha_devolucion, id_empleado_devolucion, estado_prestamo, nombre, apellido, email, telefono, estado) OVERRIDING SYSTEM VALUE VALUES (110, 77, 78, 1, '2024-09-09', '2026-06-23', NULL, NULL, 'Prestado', NULL, NULL, NULL, NULL, NULL);
INSERT INTO public.prestamo (id_prestamo, id_ejemplar, id_socio, id_empleado_prestamo, fecha_prestamo, fecha_limite, fecha_devolucion, id_empleado_devolucion, estado_prestamo, nombre, apellido, email, telefono, estado) OVERRIDING SYSTEM VALUE VALUES (111, 40, 49, 7, '2024-03-07', '2026-06-23', NULL, NULL, 'Prestado', NULL, NULL, NULL, NULL, NULL);
INSERT INTO public.prestamo (id_prestamo, id_ejemplar, id_socio, id_empleado_prestamo, fecha_prestamo, fecha_limite, fecha_devolucion, id_empleado_devolucion, estado_prestamo, nombre, apellido, email, telefono, estado) OVERRIDING SYSTEM VALUE VALUES (112, 97, 25, 5, '2025-02-16', '2026-06-23', NULL, NULL, 'Prestado', NULL, NULL, NULL, NULL, NULL);
INSERT INTO public.prestamo (id_prestamo, id_ejemplar, id_socio, id_empleado_prestamo, fecha_prestamo, fecha_limite, fecha_devolucion, id_empleado_devolucion, estado_prestamo, nombre, apellido, email, telefono, estado) OVERRIDING SYSTEM VALUE VALUES (113, 174, 27, 5, '2025-06-22', '2026-06-23', NULL, NULL, 'Prestado', NULL, NULL, NULL, NULL, NULL);
INSERT INTO public.prestamo (id_prestamo, id_ejemplar, id_socio, id_empleado_prestamo, fecha_prestamo, fecha_limite, fecha_devolucion, id_empleado_devolucion, estado_prestamo, nombre, apellido, email, telefono, estado) OVERRIDING SYSTEM VALUE VALUES (114, 209, 43, 13, '2024-03-28', '2026-06-23', NULL, 8, 'Prestado', NULL, NULL, NULL, NULL, NULL);
INSERT INTO public.prestamo (id_prestamo, id_ejemplar, id_socio, id_empleado_prestamo, fecha_prestamo, fecha_limite, fecha_devolucion, id_empleado_devolucion, estado_prestamo, nombre, apellido, email, telefono, estado) OVERRIDING SYSTEM VALUE VALUES (115, 290, 97, 10, '2025-05-11', '2026-06-23', NULL, NULL, 'Prestado', NULL, NULL, NULL, NULL, NULL);
INSERT INTO public.prestamo (id_prestamo, id_ejemplar, id_socio, id_empleado_prestamo, fecha_prestamo, fecha_limite, fecha_devolucion, id_empleado_devolucion, estado_prestamo, nombre, apellido, email, telefono, estado) OVERRIDING SYSTEM VALUE VALUES (116, 149, 95, 11, '2025-10-29', '2026-06-23', NULL, 1, 'Prestado', NULL, NULL, NULL, NULL, NULL);
INSERT INTO public.prestamo (id_prestamo, id_ejemplar, id_socio, id_empleado_prestamo, fecha_prestamo, fecha_limite, fecha_devolucion, id_empleado_devolucion, estado_prestamo, nombre, apellido, email, telefono, estado) OVERRIDING SYSTEM VALUE VALUES (117, 54, 18, 6, '2025-10-17', '2026-06-23', NULL, NULL, 'Prestado', NULL, NULL, NULL, NULL, NULL);
INSERT INTO public.prestamo (id_prestamo, id_ejemplar, id_socio, id_empleado_prestamo, fecha_prestamo, fecha_limite, fecha_devolucion, id_empleado_devolucion, estado_prestamo, nombre, apellido, email, telefono, estado) OVERRIDING SYSTEM VALUE VALUES (118, 200, 100, 14, '2025-01-01', '2026-06-23', NULL, NULL, 'Prestado', NULL, NULL, NULL, NULL, NULL);
INSERT INTO public.prestamo (id_prestamo, id_ejemplar, id_socio, id_empleado_prestamo, fecha_prestamo, fecha_limite, fecha_devolucion, id_empleado_devolucion, estado_prestamo, nombre, apellido, email, telefono, estado) OVERRIDING SYSTEM VALUE VALUES (119, 143, 46, 15, '2025-07-21', '2026-06-23', NULL, NULL, 'Prestado', NULL, NULL, NULL, NULL, NULL);
INSERT INTO public.prestamo (id_prestamo, id_ejemplar, id_socio, id_empleado_prestamo, fecha_prestamo, fecha_limite, fecha_devolucion, id_empleado_devolucion, estado_prestamo, nombre, apellido, email, telefono, estado) OVERRIDING SYSTEM VALUE VALUES (120, 25, 95, 1, '2025-12-12', '2025-12-27', '2025-12-17', 11, 'Devuelto', NULL, NULL, NULL, NULL, NULL);
INSERT INTO public.prestamo (id_prestamo, id_ejemplar, id_socio, id_empleado_prestamo, fecha_prestamo, fecha_limite, fecha_devolucion, id_empleado_devolucion, estado_prestamo, nombre, apellido, email, telefono, estado) OVERRIDING SYSTEM VALUE VALUES (121, 213, 3, 15, '2025-10-08', '2025-10-23', '2025-10-14', NULL, 'Devuelto', NULL, NULL, NULL, NULL, NULL);
INSERT INTO public.prestamo (id_prestamo, id_ejemplar, id_socio, id_empleado_prestamo, fecha_prestamo, fecha_limite, fecha_devolucion, id_empleado_devolucion, estado_prestamo, nombre, apellido, email, telefono, estado) OVERRIDING SYSTEM VALUE VALUES (122, 96, 89, 15, '2025-02-23', '2026-06-23', NULL, NULL, 'Prestado', NULL, NULL, NULL, NULL, NULL);
INSERT INTO public.prestamo (id_prestamo, id_ejemplar, id_socio, id_empleado_prestamo, fecha_prestamo, fecha_limite, fecha_devolucion, id_empleado_devolucion, estado_prestamo, nombre, apellido, email, telefono, estado) OVERRIDING SYSTEM VALUE VALUES (123, 48, 58, 5, '2025-08-13', '2025-08-28', '2025-08-27', 15, 'Devuelto', NULL, NULL, NULL, NULL, NULL);
INSERT INTO public.prestamo (id_prestamo, id_ejemplar, id_socio, id_empleado_prestamo, fecha_prestamo, fecha_limite, fecha_devolucion, id_empleado_devolucion, estado_prestamo, nombre, apellido, email, telefono, estado) OVERRIDING SYSTEM VALUE VALUES (124, 105, 63, 9, '2025-07-17', '2026-06-23', NULL, NULL, 'Prestado', NULL, NULL, NULL, NULL, NULL);
INSERT INTO public.prestamo (id_prestamo, id_ejemplar, id_socio, id_empleado_prestamo, fecha_prestamo, fecha_limite, fecha_devolucion, id_empleado_devolucion, estado_prestamo, nombre, apellido, email, telefono, estado) OVERRIDING SYSTEM VALUE VALUES (125, 176, 98, 12, '2025-09-01', '2025-09-16', '2025-09-02', 4, 'Devuelto', NULL, NULL, NULL, NULL, NULL);
INSERT INTO public.prestamo (id_prestamo, id_ejemplar, id_socio, id_empleado_prestamo, fecha_prestamo, fecha_limite, fecha_devolucion, id_empleado_devolucion, estado_prestamo, nombre, apellido, email, telefono, estado) OVERRIDING SYSTEM VALUE VALUES (126, 55, 7, 4, '2025-11-22', '2026-06-23', NULL, NULL, 'Prestado', NULL, NULL, NULL, NULL, NULL);
INSERT INTO public.prestamo (id_prestamo, id_ejemplar, id_socio, id_empleado_prestamo, fecha_prestamo, fecha_limite, fecha_devolucion, id_empleado_devolucion, estado_prestamo, nombre, apellido, email, telefono, estado) OVERRIDING SYSTEM VALUE VALUES (127, 18, 75, 9, '2025-10-04', '2026-06-23', NULL, NULL, 'Prestado', NULL, NULL, NULL, NULL, NULL);
INSERT INTO public.prestamo (id_prestamo, id_ejemplar, id_socio, id_empleado_prestamo, fecha_prestamo, fecha_limite, fecha_devolucion, id_empleado_devolucion, estado_prestamo, nombre, apellido, email, telefono, estado) OVERRIDING SYSTEM VALUE VALUES (128, 46, 5, 10, '2024-03-20', '2024-04-04', '2024-03-30', NULL, 'Devuelto', NULL, NULL, NULL, NULL, NULL);
INSERT INTO public.prestamo (id_prestamo, id_ejemplar, id_socio, id_empleado_prestamo, fecha_prestamo, fecha_limite, fecha_devolucion, id_empleado_devolucion, estado_prestamo, nombre, apellido, email, telefono, estado) OVERRIDING SYSTEM VALUE VALUES (129, 196, 59, 9, '2024-06-12', '2026-06-23', NULL, NULL, 'Prestado', NULL, NULL, NULL, NULL, NULL);
INSERT INTO public.prestamo (id_prestamo, id_ejemplar, id_socio, id_empleado_prestamo, fecha_prestamo, fecha_limite, fecha_devolucion, id_empleado_devolucion, estado_prestamo, nombre, apellido, email, telefono, estado) OVERRIDING SYSTEM VALUE VALUES (130, 107, 73, 4, '2024-11-04', '2026-06-23', NULL, NULL, 'Prestado', NULL, NULL, NULL, NULL, NULL);
INSERT INTO public.prestamo (id_prestamo, id_ejemplar, id_socio, id_empleado_prestamo, fecha_prestamo, fecha_limite, fecha_devolucion, id_empleado_devolucion, estado_prestamo, nombre, apellido, email, telefono, estado) OVERRIDING SYSTEM VALUE VALUES (131, 285, 53, 7, '2025-03-24', '2025-04-08', NULL, NULL, 'Vencido', NULL, NULL, NULL, NULL, NULL);
INSERT INTO public.prestamo (id_prestamo, id_ejemplar, id_socio, id_empleado_prestamo, fecha_prestamo, fecha_limite, fecha_devolucion, id_empleado_devolucion, estado_prestamo, nombre, apellido, email, telefono, estado) OVERRIDING SYSTEM VALUE VALUES (132, 154, 8, 2, '2025-12-12', '2025-12-27', NULL, NULL, 'Vencido', NULL, NULL, NULL, NULL, NULL);
INSERT INTO public.prestamo (id_prestamo, id_ejemplar, id_socio, id_empleado_prestamo, fecha_prestamo, fecha_limite, fecha_devolucion, id_empleado_devolucion, estado_prestamo, nombre, apellido, email, telefono, estado) OVERRIDING SYSTEM VALUE VALUES (133, 25, 85, 3, '2024-02-01', '2024-02-16', '2024-02-15', 9, 'Devuelto', NULL, NULL, NULL, NULL, NULL);
INSERT INTO public.prestamo (id_prestamo, id_ejemplar, id_socio, id_empleado_prestamo, fecha_prestamo, fecha_limite, fecha_devolucion, id_empleado_devolucion, estado_prestamo, nombre, apellido, email, telefono, estado) OVERRIDING SYSTEM VALUE VALUES (134, 53, 69, 7, '2024-06-26', '2024-07-11', NULL, NULL, 'Vencido', NULL, NULL, NULL, NULL, NULL);
INSERT INTO public.prestamo (id_prestamo, id_ejemplar, id_socio, id_empleado_prestamo, fecha_prestamo, fecha_limite, fecha_devolucion, id_empleado_devolucion, estado_prestamo, nombre, apellido, email, telefono, estado) OVERRIDING SYSTEM VALUE VALUES (135, 196, 1, 15, '2025-11-13', '2025-11-28', NULL, NULL, 'Vencido', NULL, NULL, NULL, NULL, NULL);
INSERT INTO public.prestamo (id_prestamo, id_ejemplar, id_socio, id_empleado_prestamo, fecha_prestamo, fecha_limite, fecha_devolucion, id_empleado_devolucion, estado_prestamo, nombre, apellido, email, telefono, estado) OVERRIDING SYSTEM VALUE VALUES (136, 262, 78, 5, '2024-12-01', '2024-12-16', NULL, NULL, 'Vencido', NULL, NULL, NULL, NULL, NULL);
INSERT INTO public.prestamo (id_prestamo, id_ejemplar, id_socio, id_empleado_prestamo, fecha_prestamo, fecha_limite, fecha_devolucion, id_empleado_devolucion, estado_prestamo, nombre, apellido, email, telefono, estado) OVERRIDING SYSTEM VALUE VALUES (137, 288, 27, 10, '2025-10-18', '2025-11-02', NULL, NULL, 'Vencido', NULL, NULL, NULL, NULL, NULL);
INSERT INTO public.prestamo (id_prestamo, id_ejemplar, id_socio, id_empleado_prestamo, fecha_prestamo, fecha_limite, fecha_devolucion, id_empleado_devolucion, estado_prestamo, nombre, apellido, email, telefono, estado) OVERRIDING SYSTEM VALUE VALUES (138, 92, 78, 7, '2024-11-04', '2024-11-19', NULL, 1, 'Vencido', NULL, NULL, NULL, NULL, NULL);
INSERT INTO public.prestamo (id_prestamo, id_ejemplar, id_socio, id_empleado_prestamo, fecha_prestamo, fecha_limite, fecha_devolucion, id_empleado_devolucion, estado_prestamo, nombre, apellido, email, telefono, estado) OVERRIDING SYSTEM VALUE VALUES (139, 47, 31, 14, '2025-01-31', '2025-02-15', '2025-02-03', 11, 'Devuelto', NULL, NULL, NULL, NULL, NULL);
INSERT INTO public.prestamo (id_prestamo, id_ejemplar, id_socio, id_empleado_prestamo, fecha_prestamo, fecha_limite, fecha_devolucion, id_empleado_devolucion, estado_prestamo, nombre, apellido, email, telefono, estado) OVERRIDING SYSTEM VALUE VALUES (140, 236, 8, 1, '2025-01-18', '2025-02-02', NULL, NULL, 'Vencido', NULL, NULL, NULL, NULL, NULL);
INSERT INTO public.prestamo (id_prestamo, id_ejemplar, id_socio, id_empleado_prestamo, fecha_prestamo, fecha_limite, fecha_devolucion, id_empleado_devolucion, estado_prestamo, nombre, apellido, email, telefono, estado) OVERRIDING SYSTEM VALUE VALUES (141, 28, 90, 11, '2024-03-13', '2024-03-28', NULL, 6, 'Vencido', NULL, NULL, NULL, NULL, NULL);
INSERT INTO public.prestamo (id_prestamo, id_ejemplar, id_socio, id_empleado_prestamo, fecha_prestamo, fecha_limite, fecha_devolucion, id_empleado_devolucion, estado_prestamo, nombre, apellido, email, telefono, estado) OVERRIDING SYSTEM VALUE VALUES (142, 37, 75, 7, '2024-05-29', '2024-06-13', NULL, NULL, 'Vencido', NULL, NULL, NULL, NULL, NULL);
INSERT INTO public.prestamo (id_prestamo, id_ejemplar, id_socio, id_empleado_prestamo, fecha_prestamo, fecha_limite, fecha_devolucion, id_empleado_devolucion, estado_prestamo, nombre, apellido, email, telefono, estado) OVERRIDING SYSTEM VALUE VALUES (143, 92, 26, 8, '2024-06-30', '2024-07-15', '2024-07-14', 5, 'Devuelto', NULL, NULL, NULL, NULL, NULL);
INSERT INTO public.prestamo (id_prestamo, id_ejemplar, id_socio, id_empleado_prestamo, fecha_prestamo, fecha_limite, fecha_devolucion, id_empleado_devolucion, estado_prestamo, nombre, apellido, email, telefono, estado) OVERRIDING SYSTEM VALUE VALUES (144, 230, 18, 15, '2024-10-17', '2024-11-01', NULL, NULL, 'Vencido', NULL, NULL, NULL, NULL, NULL);
INSERT INTO public.prestamo (id_prestamo, id_ejemplar, id_socio, id_empleado_prestamo, fecha_prestamo, fecha_limite, fecha_devolucion, id_empleado_devolucion, estado_prestamo, nombre, apellido, email, telefono, estado) OVERRIDING SYSTEM VALUE VALUES (145, 48, 26, 15, '2025-05-16', '2025-05-31', NULL, NULL, 'Vencido', NULL, NULL, NULL, NULL, NULL);
INSERT INTO public.prestamo (id_prestamo, id_ejemplar, id_socio, id_empleado_prestamo, fecha_prestamo, fecha_limite, fecha_devolucion, id_empleado_devolucion, estado_prestamo, nombre, apellido, email, telefono, estado) OVERRIDING SYSTEM VALUE VALUES (146, 287, 4, 5, '2025-02-03', '2025-02-18', '2025-02-15', 9, 'Devuelto', NULL, NULL, NULL, NULL, NULL);
INSERT INTO public.prestamo (id_prestamo, id_ejemplar, id_socio, id_empleado_prestamo, fecha_prestamo, fecha_limite, fecha_devolucion, id_empleado_devolucion, estado_prestamo, nombre, apellido, email, telefono, estado) OVERRIDING SYSTEM VALUE VALUES (147, 66, 19, 9, '2025-07-03', '2025-07-18', NULL, 11, 'Vencido', NULL, NULL, NULL, NULL, NULL);
INSERT INTO public.prestamo (id_prestamo, id_ejemplar, id_socio, id_empleado_prestamo, fecha_prestamo, fecha_limite, fecha_devolucion, id_empleado_devolucion, estado_prestamo, nombre, apellido, email, telefono, estado) OVERRIDING SYSTEM VALUE VALUES (148, 273, 72, 4, '2024-06-01', '2024-06-16', NULL, NULL, 'Vencido', NULL, NULL, NULL, NULL, NULL);
INSERT INTO public.prestamo (id_prestamo, id_ejemplar, id_socio, id_empleado_prestamo, fecha_prestamo, fecha_limite, fecha_devolucion, id_empleado_devolucion, estado_prestamo, nombre, apellido, email, telefono, estado) OVERRIDING SYSTEM VALUE VALUES (149, 204, 53, 14, '2024-11-17', '2024-12-02', NULL, NULL, 'Vencido', NULL, NULL, NULL, NULL, NULL);
INSERT INTO public.prestamo (id_prestamo, id_ejemplar, id_socio, id_empleado_prestamo, fecha_prestamo, fecha_limite, fecha_devolucion, id_empleado_devolucion, estado_prestamo, nombre, apellido, email, telefono, estado) OVERRIDING SYSTEM VALUE VALUES (150, 159, 59, 1, '2024-02-01', '2024-02-16', NULL, NULL, 'Vencido', NULL, NULL, NULL, NULL, NULL);
INSERT INTO public.prestamo (id_prestamo, id_ejemplar, id_socio, id_empleado_prestamo, fecha_prestamo, fecha_limite, fecha_devolucion, id_empleado_devolucion, estado_prestamo, nombre, apellido, email, telefono, estado) OVERRIDING SYSTEM VALUE VALUES (151, 21, 8, 14, '2025-06-28', '2025-07-13', NULL, NULL, 'Vencido', NULL, NULL, NULL, NULL, NULL);
INSERT INTO public.prestamo (id_prestamo, id_ejemplar, id_socio, id_empleado_prestamo, fecha_prestamo, fecha_limite, fecha_devolucion, id_empleado_devolucion, estado_prestamo, nombre, apellido, email, telefono, estado) OVERRIDING SYSTEM VALUE VALUES (152, 289, 69, 7, '2025-02-03', '2025-02-18', '2025-02-16', NULL, 'Devuelto', NULL, NULL, NULL, NULL, NULL);
INSERT INTO public.prestamo (id_prestamo, id_ejemplar, id_socio, id_empleado_prestamo, fecha_prestamo, fecha_limite, fecha_devolucion, id_empleado_devolucion, estado_prestamo, nombre, apellido, email, telefono, estado) OVERRIDING SYSTEM VALUE VALUES (153, 252, 82, 6, '2025-04-11', '2025-04-26', NULL, 1, 'Vencido', NULL, NULL, NULL, NULL, NULL);
INSERT INTO public.prestamo (id_prestamo, id_ejemplar, id_socio, id_empleado_prestamo, fecha_prestamo, fecha_limite, fecha_devolucion, id_empleado_devolucion, estado_prestamo, nombre, apellido, email, telefono, estado) OVERRIDING SYSTEM VALUE VALUES (154, 247, 2, 1, '2024-02-19', '2024-03-05', NULL, 5, 'Vencido', NULL, NULL, NULL, NULL, NULL);
INSERT INTO public.prestamo (id_prestamo, id_ejemplar, id_socio, id_empleado_prestamo, fecha_prestamo, fecha_limite, fecha_devolucion, id_empleado_devolucion, estado_prestamo, nombre, apellido, email, telefono, estado) OVERRIDING SYSTEM VALUE VALUES (155, 75, 1, 15, '2025-08-24', '2025-09-08', NULL, 2, 'Vencido', NULL, NULL, NULL, NULL, NULL);
INSERT INTO public.prestamo (id_prestamo, id_ejemplar, id_socio, id_empleado_prestamo, fecha_prestamo, fecha_limite, fecha_devolucion, id_empleado_devolucion, estado_prestamo, nombre, apellido, email, telefono, estado) OVERRIDING SYSTEM VALUE VALUES (156, 281, 94, 11, '2025-08-07', '2025-08-22', NULL, NULL, 'Vencido', NULL, NULL, NULL, NULL, NULL);
INSERT INTO public.prestamo (id_prestamo, id_ejemplar, id_socio, id_empleado_prestamo, fecha_prestamo, fecha_limite, fecha_devolucion, id_empleado_devolucion, estado_prestamo, nombre, apellido, email, telefono, estado) OVERRIDING SYSTEM VALUE VALUES (157, 17, 90, 7, '2025-06-30', '2025-07-15', NULL, NULL, 'Vencido', NULL, NULL, NULL, NULL, NULL);
INSERT INTO public.prestamo (id_prestamo, id_ejemplar, id_socio, id_empleado_prestamo, fecha_prestamo, fecha_limite, fecha_devolucion, id_empleado_devolucion, estado_prestamo, nombre, apellido, email, telefono, estado) OVERRIDING SYSTEM VALUE VALUES (158, 154, 36, 10, '2024-03-22', '2024-04-06', NULL, NULL, 'Vencido', NULL, NULL, NULL, NULL, NULL);
INSERT INTO public.prestamo (id_prestamo, id_ejemplar, id_socio, id_empleado_prestamo, fecha_prestamo, fecha_limite, fecha_devolucion, id_empleado_devolucion, estado_prestamo, nombre, apellido, email, telefono, estado) OVERRIDING SYSTEM VALUE VALUES (159, 64, 15, 2, '2024-08-20', '2024-09-04', NULL, NULL, 'Vencido', NULL, NULL, NULL, NULL, NULL);
INSERT INTO public.prestamo (id_prestamo, id_ejemplar, id_socio, id_empleado_prestamo, fecha_prestamo, fecha_limite, fecha_devolucion, id_empleado_devolucion, estado_prestamo, nombre, apellido, email, telefono, estado) OVERRIDING SYSTEM VALUE VALUES (160, 204, 47, 10, '2025-08-22', '2025-09-06', NULL, NULL, 'Vencido', NULL, NULL, NULL, NULL, NULL);
INSERT INTO public.prestamo (id_prestamo, id_ejemplar, id_socio, id_empleado_prestamo, fecha_prestamo, fecha_limite, fecha_devolucion, id_empleado_devolucion, estado_prestamo, nombre, apellido, email, telefono, estado) OVERRIDING SYSTEM VALUE VALUES (161, 38, 17, 14, '2024-12-23', '2025-01-07', NULL, NULL, 'Vencido', NULL, NULL, NULL, NULL, NULL);
INSERT INTO public.prestamo (id_prestamo, id_ejemplar, id_socio, id_empleado_prestamo, fecha_prestamo, fecha_limite, fecha_devolucion, id_empleado_devolucion, estado_prestamo, nombre, apellido, email, telefono, estado) OVERRIDING SYSTEM VALUE VALUES (162, 43, 13, 1, '2024-03-11', '2024-03-26', NULL, 2, 'Vencido', NULL, NULL, NULL, NULL, NULL);
INSERT INTO public.prestamo (id_prestamo, id_ejemplar, id_socio, id_empleado_prestamo, fecha_prestamo, fecha_limite, fecha_devolucion, id_empleado_devolucion, estado_prestamo, nombre, apellido, email, telefono, estado) OVERRIDING SYSTEM VALUE VALUES (163, 11, 4, 10, '2025-11-11', '2025-11-26', NULL, NULL, 'Vencido', NULL, NULL, NULL, NULL, NULL);
INSERT INTO public.prestamo (id_prestamo, id_ejemplar, id_socio, id_empleado_prestamo, fecha_prestamo, fecha_limite, fecha_devolucion, id_empleado_devolucion, estado_prestamo, nombre, apellido, email, telefono, estado) OVERRIDING SYSTEM VALUE VALUES (164, 298, 37, 14, '2025-11-26', '2025-12-11', NULL, NULL, 'Vencido', NULL, NULL, NULL, NULL, NULL);
INSERT INTO public.prestamo (id_prestamo, id_ejemplar, id_socio, id_empleado_prestamo, fecha_prestamo, fecha_limite, fecha_devolucion, id_empleado_devolucion, estado_prestamo, nombre, apellido, email, telefono, estado) OVERRIDING SYSTEM VALUE VALUES (165, 80, 92, 14, '2025-04-23', '2025-05-08', NULL, 1, 'Vencido', NULL, NULL, NULL, NULL, NULL);
INSERT INTO public.prestamo (id_prestamo, id_ejemplar, id_socio, id_empleado_prestamo, fecha_prestamo, fecha_limite, fecha_devolucion, id_empleado_devolucion, estado_prestamo, nombre, apellido, email, telefono, estado) OVERRIDING SYSTEM VALUE VALUES (166, 254, 4, 4, '2024-01-17', '2024-02-01', NULL, 1, 'Vencido', NULL, NULL, NULL, NULL, NULL);
INSERT INTO public.prestamo (id_prestamo, id_ejemplar, id_socio, id_empleado_prestamo, fecha_prestamo, fecha_limite, fecha_devolucion, id_empleado_devolucion, estado_prestamo, nombre, apellido, email, telefono, estado) OVERRIDING SYSTEM VALUE VALUES (167, 133, 56, 6, '2025-03-02', '2025-03-17', '2025-03-05', 14, 'Devuelto', NULL, NULL, NULL, NULL, NULL);
INSERT INTO public.prestamo (id_prestamo, id_ejemplar, id_socio, id_empleado_prestamo, fecha_prestamo, fecha_limite, fecha_devolucion, id_empleado_devolucion, estado_prestamo, nombre, apellido, email, telefono, estado) OVERRIDING SYSTEM VALUE VALUES (168, 24, 52, 12, '2025-08-15', '2025-08-30', NULL, NULL, 'Vencido', NULL, NULL, NULL, NULL, NULL);
INSERT INTO public.prestamo (id_prestamo, id_ejemplar, id_socio, id_empleado_prestamo, fecha_prestamo, fecha_limite, fecha_devolucion, id_empleado_devolucion, estado_prestamo, nombre, apellido, email, telefono, estado) OVERRIDING SYSTEM VALUE VALUES (169, 239, 62, 7, '2025-11-28', '2025-12-13', '2025-12-01', 10, 'Devuelto', NULL, NULL, NULL, NULL, NULL);
INSERT INTO public.prestamo (id_prestamo, id_ejemplar, id_socio, id_empleado_prestamo, fecha_prestamo, fecha_limite, fecha_devolucion, id_empleado_devolucion, estado_prestamo, nombre, apellido, email, telefono, estado) OVERRIDING SYSTEM VALUE VALUES (170, 229, 56, 8, '2024-03-23', '2024-04-07', NULL, NULL, 'Vencido', NULL, NULL, NULL, NULL, NULL);
INSERT INTO public.prestamo (id_prestamo, id_ejemplar, id_socio, id_empleado_prestamo, fecha_prestamo, fecha_limite, fecha_devolucion, id_empleado_devolucion, estado_prestamo, nombre, apellido, email, telefono, estado) OVERRIDING SYSTEM VALUE VALUES (171, 21, 67, 9, '2025-10-26', '2025-11-10', NULL, NULL, 'Vencido', NULL, NULL, NULL, NULL, NULL);
INSERT INTO public.prestamo (id_prestamo, id_ejemplar, id_socio, id_empleado_prestamo, fecha_prestamo, fecha_limite, fecha_devolucion, id_empleado_devolucion, estado_prestamo, nombre, apellido, email, telefono, estado) OVERRIDING SYSTEM VALUE VALUES (172, 183, 69, 7, '2024-11-15', '2024-11-30', NULL, NULL, 'Vencido', NULL, NULL, NULL, NULL, NULL);
INSERT INTO public.prestamo (id_prestamo, id_ejemplar, id_socio, id_empleado_prestamo, fecha_prestamo, fecha_limite, fecha_devolucion, id_empleado_devolucion, estado_prestamo, nombre, apellido, email, telefono, estado) OVERRIDING SYSTEM VALUE VALUES (173, 109, 29, 9, '2024-01-02', '2024-01-17', NULL, NULL, 'Vencido', NULL, NULL, NULL, NULL, NULL);
INSERT INTO public.prestamo (id_prestamo, id_ejemplar, id_socio, id_empleado_prestamo, fecha_prestamo, fecha_limite, fecha_devolucion, id_empleado_devolucion, estado_prestamo, nombre, apellido, email, telefono, estado) OVERRIDING SYSTEM VALUE VALUES (174, 116, 79, 13, '2025-04-01', '2025-04-16', '2025-04-06', NULL, 'Devuelto', NULL, NULL, NULL, NULL, NULL);
INSERT INTO public.prestamo (id_prestamo, id_ejemplar, id_socio, id_empleado_prestamo, fecha_prestamo, fecha_limite, fecha_devolucion, id_empleado_devolucion, estado_prestamo, nombre, apellido, email, telefono, estado) OVERRIDING SYSTEM VALUE VALUES (175, 277, 85, 11, '2024-08-16', '2024-08-31', NULL, NULL, 'Vencido', NULL, NULL, NULL, NULL, NULL);
INSERT INTO public.prestamo (id_prestamo, id_ejemplar, id_socio, id_empleado_prestamo, fecha_prestamo, fecha_limite, fecha_devolucion, id_empleado_devolucion, estado_prestamo, nombre, apellido, email, telefono, estado) OVERRIDING SYSTEM VALUE VALUES (176, 132, 87, 10, '2025-08-15', '2025-08-30', NULL, NULL, 'Vencido', NULL, NULL, NULL, NULL, NULL);
INSERT INTO public.prestamo (id_prestamo, id_ejemplar, id_socio, id_empleado_prestamo, fecha_prestamo, fecha_limite, fecha_devolucion, id_empleado_devolucion, estado_prestamo, nombre, apellido, email, telefono, estado) OVERRIDING SYSTEM VALUE VALUES (177, 219, 81, 12, '2024-09-27', '2024-10-12', NULL, NULL, 'Vencido', NULL, NULL, NULL, NULL, NULL);
INSERT INTO public.prestamo (id_prestamo, id_ejemplar, id_socio, id_empleado_prestamo, fecha_prestamo, fecha_limite, fecha_devolucion, id_empleado_devolucion, estado_prestamo, nombre, apellido, email, telefono, estado) OVERRIDING SYSTEM VALUE VALUES (178, 238, 42, 3, '2025-06-20', '2025-07-05', NULL, NULL, 'Vencido', NULL, NULL, NULL, NULL, NULL);
INSERT INTO public.prestamo (id_prestamo, id_ejemplar, id_socio, id_empleado_prestamo, fecha_prestamo, fecha_limite, fecha_devolucion, id_empleado_devolucion, estado_prestamo, nombre, apellido, email, telefono, estado) OVERRIDING SYSTEM VALUE VALUES (179, 231, 50, 9, '2025-08-19', '2025-09-03', NULL, NULL, 'Vencido', NULL, NULL, NULL, NULL, NULL);
INSERT INTO public.prestamo (id_prestamo, id_ejemplar, id_socio, id_empleado_prestamo, fecha_prestamo, fecha_limite, fecha_devolucion, id_empleado_devolucion, estado_prestamo, nombre, apellido, email, telefono, estado) OVERRIDING SYSTEM VALUE VALUES (180, 22, 73, 10, '2025-08-15', '2025-08-30', '2025-08-21', 15, 'Devuelto', NULL, NULL, NULL, NULL, NULL);
INSERT INTO public.prestamo (id_prestamo, id_ejemplar, id_socio, id_empleado_prestamo, fecha_prestamo, fecha_limite, fecha_devolucion, id_empleado_devolucion, estado_prestamo, nombre, apellido, email, telefono, estado) OVERRIDING SYSTEM VALUE VALUES (181, 181, 5, 10, '2024-08-22', '2024-09-06', '2024-09-02', 5, 'Devuelto', NULL, NULL, NULL, NULL, NULL);
INSERT INTO public.prestamo (id_prestamo, id_ejemplar, id_socio, id_empleado_prestamo, fecha_prestamo, fecha_limite, fecha_devolucion, id_empleado_devolucion, estado_prestamo, nombre, apellido, email, telefono, estado) OVERRIDING SYSTEM VALUE VALUES (182, 170, 35, 9, '2024-02-09', '2024-02-24', NULL, NULL, 'Vencido', NULL, NULL, NULL, NULL, NULL);
INSERT INTO public.prestamo (id_prestamo, id_ejemplar, id_socio, id_empleado_prestamo, fecha_prestamo, fecha_limite, fecha_devolucion, id_empleado_devolucion, estado_prestamo, nombre, apellido, email, telefono, estado) OVERRIDING SYSTEM VALUE VALUES (183, 248, 86, 7, '2025-02-09', '2025-02-24', NULL, NULL, 'Vencido', NULL, NULL, NULL, NULL, NULL);
INSERT INTO public.prestamo (id_prestamo, id_ejemplar, id_socio, id_empleado_prestamo, fecha_prestamo, fecha_limite, fecha_devolucion, id_empleado_devolucion, estado_prestamo, nombre, apellido, email, telefono, estado) OVERRIDING SYSTEM VALUE VALUES (184, 208, 14, 11, '2025-09-14', '2025-09-29', NULL, NULL, 'Vencido', NULL, NULL, NULL, NULL, NULL);
INSERT INTO public.prestamo (id_prestamo, id_ejemplar, id_socio, id_empleado_prestamo, fecha_prestamo, fecha_limite, fecha_devolucion, id_empleado_devolucion, estado_prestamo, nombre, apellido, email, telefono, estado) OVERRIDING SYSTEM VALUE VALUES (185, 118, 76, 12, '2024-06-02', '2024-06-17', NULL, NULL, 'Vencido', NULL, NULL, NULL, NULL, NULL);
INSERT INTO public.prestamo (id_prestamo, id_ejemplar, id_socio, id_empleado_prestamo, fecha_prestamo, fecha_limite, fecha_devolucion, id_empleado_devolucion, estado_prestamo, nombre, apellido, email, telefono, estado) OVERRIDING SYSTEM VALUE VALUES (186, 172, 31, 7, '2024-07-08', '2024-07-23', '2024-07-17', NULL, 'Devuelto', NULL, NULL, NULL, NULL, NULL);
INSERT INTO public.prestamo (id_prestamo, id_ejemplar, id_socio, id_empleado_prestamo, fecha_prestamo, fecha_limite, fecha_devolucion, id_empleado_devolucion, estado_prestamo, nombre, apellido, email, telefono, estado) OVERRIDING SYSTEM VALUE VALUES (187, 52, 18, 14, '2025-12-21', '2026-01-05', '2025-12-29', 3, 'Devuelto', NULL, NULL, NULL, NULL, NULL);
INSERT INTO public.prestamo (id_prestamo, id_ejemplar, id_socio, id_empleado_prestamo, fecha_prestamo, fecha_limite, fecha_devolucion, id_empleado_devolucion, estado_prestamo, nombre, apellido, email, telefono, estado) OVERRIDING SYSTEM VALUE VALUES (188, 134, 25, 1, '2025-07-21', '2025-08-05', NULL, NULL, 'Vencido', NULL, NULL, NULL, NULL, NULL);
INSERT INTO public.prestamo (id_prestamo, id_ejemplar, id_socio, id_empleado_prestamo, fecha_prestamo, fecha_limite, fecha_devolucion, id_empleado_devolucion, estado_prestamo, nombre, apellido, email, telefono, estado) OVERRIDING SYSTEM VALUE VALUES (189, 61, 58, 5, '2024-11-01', '2024-11-16', NULL, NULL, 'Vencido', NULL, NULL, NULL, NULL, NULL);
INSERT INTO public.prestamo (id_prestamo, id_ejemplar, id_socio, id_empleado_prestamo, fecha_prestamo, fecha_limite, fecha_devolucion, id_empleado_devolucion, estado_prestamo, nombre, apellido, email, telefono, estado) OVERRIDING SYSTEM VALUE VALUES (190, 17, 50, 14, '2025-07-26', '2025-08-10', NULL, NULL, 'Vencido', NULL, NULL, NULL, NULL, NULL);
INSERT INTO public.prestamo (id_prestamo, id_ejemplar, id_socio, id_empleado_prestamo, fecha_prestamo, fecha_limite, fecha_devolucion, id_empleado_devolucion, estado_prestamo, nombre, apellido, email, telefono, estado) OVERRIDING SYSTEM VALUE VALUES (191, 8, 4, 12, '2025-10-05', '2025-10-20', NULL, NULL, 'Vencido', NULL, NULL, NULL, NULL, NULL);
INSERT INTO public.prestamo (id_prestamo, id_ejemplar, id_socio, id_empleado_prestamo, fecha_prestamo, fecha_limite, fecha_devolucion, id_empleado_devolucion, estado_prestamo, nombre, apellido, email, telefono, estado) OVERRIDING SYSTEM VALUE VALUES (192, 32, 49, 14, '2024-03-08', '2024-03-23', NULL, NULL, 'Vencido', NULL, NULL, NULL, NULL, NULL);
INSERT INTO public.prestamo (id_prestamo, id_ejemplar, id_socio, id_empleado_prestamo, fecha_prestamo, fecha_limite, fecha_devolucion, id_empleado_devolucion, estado_prestamo, nombre, apellido, email, telefono, estado) OVERRIDING SYSTEM VALUE VALUES (193, 150, 41, 15, '2024-10-24', '2024-11-08', NULL, 10, 'Vencido', NULL, NULL, NULL, NULL, NULL);
INSERT INTO public.prestamo (id_prestamo, id_ejemplar, id_socio, id_empleado_prestamo, fecha_prestamo, fecha_limite, fecha_devolucion, id_empleado_devolucion, estado_prestamo, nombre, apellido, email, telefono, estado) OVERRIDING SYSTEM VALUE VALUES (194, 205, 24, 8, '2025-09-24', '2025-10-09', NULL, NULL, 'Vencido', NULL, NULL, NULL, NULL, NULL);
INSERT INTO public.prestamo (id_prestamo, id_ejemplar, id_socio, id_empleado_prestamo, fecha_prestamo, fecha_limite, fecha_devolucion, id_empleado_devolucion, estado_prestamo, nombre, apellido, email, telefono, estado) OVERRIDING SYSTEM VALUE VALUES (195, 47, 22, 9, '2024-04-17', '2024-05-02', '2024-04-18', 14, 'Devuelto', NULL, NULL, NULL, NULL, NULL);
INSERT INTO public.prestamo (id_prestamo, id_ejemplar, id_socio, id_empleado_prestamo, fecha_prestamo, fecha_limite, fecha_devolucion, id_empleado_devolucion, estado_prestamo, nombre, apellido, email, telefono, estado) OVERRIDING SYSTEM VALUE VALUES (196, 207, 98, 7, '2024-08-08', '2024-08-23', NULL, NULL, 'Vencido', NULL, NULL, NULL, NULL, NULL);
INSERT INTO public.prestamo (id_prestamo, id_ejemplar, id_socio, id_empleado_prestamo, fecha_prestamo, fecha_limite, fecha_devolucion, id_empleado_devolucion, estado_prestamo, nombre, apellido, email, telefono, estado) OVERRIDING SYSTEM VALUE VALUES (197, 85, 79, 12, '2025-09-17', '2025-10-02', NULL, NULL, 'Vencido', NULL, NULL, NULL, NULL, NULL);
INSERT INTO public.prestamo (id_prestamo, id_ejemplar, id_socio, id_empleado_prestamo, fecha_prestamo, fecha_limite, fecha_devolucion, id_empleado_devolucion, estado_prestamo, nombre, apellido, email, telefono, estado) OVERRIDING SYSTEM VALUE VALUES (198, 64, 100, 9, '2025-02-02', '2025-02-17', NULL, NULL, 'Vencido', NULL, NULL, NULL, NULL, NULL);
INSERT INTO public.prestamo (id_prestamo, id_ejemplar, id_socio, id_empleado_prestamo, fecha_prestamo, fecha_limite, fecha_devolucion, id_empleado_devolucion, estado_prestamo, nombre, apellido, email, telefono, estado) OVERRIDING SYSTEM VALUE VALUES (199, 282, 16, 4, '2025-01-19', '2025-02-03', NULL, NULL, 'Vencido', NULL, NULL, NULL, NULL, NULL);
INSERT INTO public.prestamo (id_prestamo, id_ejemplar, id_socio, id_empleado_prestamo, fecha_prestamo, fecha_limite, fecha_devolucion, id_empleado_devolucion, estado_prestamo, nombre, apellido, email, telefono, estado) OVERRIDING SYSTEM VALUE VALUES (200, 283, 89, 15, '2025-07-22', '2025-08-06', NULL, 4, 'Vencido', NULL, NULL, NULL, NULL, NULL);
INSERT INTO public.prestamo (id_prestamo, id_ejemplar, id_socio, id_empleado_prestamo, fecha_prestamo, fecha_limite, fecha_devolucion, id_empleado_devolucion, estado_prestamo, nombre, apellido, email, telefono, estado) OVERRIDING SYSTEM VALUE VALUES (201, 296, 82, 2, '2024-12-27', '2025-01-11', '2025-01-05', 15, 'Devuelto', NULL, NULL, NULL, NULL, NULL);
INSERT INTO public.prestamo (id_prestamo, id_ejemplar, id_socio, id_empleado_prestamo, fecha_prestamo, fecha_limite, fecha_devolucion, id_empleado_devolucion, estado_prestamo, nombre, apellido, email, telefono, estado) OVERRIDING SYSTEM VALUE VALUES (202, 91, 58, 3, '2025-03-12', '2025-03-27', NULL, NULL, 'Vencido', NULL, NULL, NULL, NULL, NULL);
INSERT INTO public.prestamo (id_prestamo, id_ejemplar, id_socio, id_empleado_prestamo, fecha_prestamo, fecha_limite, fecha_devolucion, id_empleado_devolucion, estado_prestamo, nombre, apellido, email, telefono, estado) OVERRIDING SYSTEM VALUE VALUES (203, 197, 9, 2, '2025-06-24', '2025-07-09', '2025-06-29', 14, 'Devuelto', NULL, NULL, NULL, NULL, NULL);
INSERT INTO public.prestamo (id_prestamo, id_ejemplar, id_socio, id_empleado_prestamo, fecha_prestamo, fecha_limite, fecha_devolucion, id_empleado_devolucion, estado_prestamo, nombre, apellido, email, telefono, estado) OVERRIDING SYSTEM VALUE VALUES (204, 168, 58, 11, '2024-06-30', '2024-07-15', NULL, NULL, 'Vencido', NULL, NULL, NULL, NULL, NULL);
INSERT INTO public.prestamo (id_prestamo, id_ejemplar, id_socio, id_empleado_prestamo, fecha_prestamo, fecha_limite, fecha_devolucion, id_empleado_devolucion, estado_prestamo, nombre, apellido, email, telefono, estado) OVERRIDING SYSTEM VALUE VALUES (205, 280, 58, 3, '2024-12-29', '2025-01-13', NULL, NULL, 'Vencido', NULL, NULL, NULL, NULL, NULL);
INSERT INTO public.prestamo (id_prestamo, id_ejemplar, id_socio, id_empleado_prestamo, fecha_prestamo, fecha_limite, fecha_devolucion, id_empleado_devolucion, estado_prestamo, nombre, apellido, email, telefono, estado) OVERRIDING SYSTEM VALUE VALUES (206, 47, 65, 4, '2024-04-02', '2024-04-17', NULL, NULL, 'Vencido', NULL, NULL, NULL, NULL, NULL);
INSERT INTO public.prestamo (id_prestamo, id_ejemplar, id_socio, id_empleado_prestamo, fecha_prestamo, fecha_limite, fecha_devolucion, id_empleado_devolucion, estado_prestamo, nombre, apellido, email, telefono, estado) OVERRIDING SYSTEM VALUE VALUES (207, 260, 44, 3, '2025-12-18', '2026-01-02', NULL, NULL, 'Vencido', NULL, NULL, NULL, NULL, NULL);
INSERT INTO public.prestamo (id_prestamo, id_ejemplar, id_socio, id_empleado_prestamo, fecha_prestamo, fecha_limite, fecha_devolucion, id_empleado_devolucion, estado_prestamo, nombre, apellido, email, telefono, estado) OVERRIDING SYSTEM VALUE VALUES (208, 147, 22, 5, '2025-02-21', '2025-03-08', '2025-03-06', 2, 'Devuelto', NULL, NULL, NULL, NULL, NULL);
INSERT INTO public.prestamo (id_prestamo, id_ejemplar, id_socio, id_empleado_prestamo, fecha_prestamo, fecha_limite, fecha_devolucion, id_empleado_devolucion, estado_prestamo, nombre, apellido, email, telefono, estado) OVERRIDING SYSTEM VALUE VALUES (209, 37, 21, 10, '2025-07-08', '2025-07-23', '2025-07-19', 15, 'Devuelto', NULL, NULL, NULL, NULL, NULL);
INSERT INTO public.prestamo (id_prestamo, id_ejemplar, id_socio, id_empleado_prestamo, fecha_prestamo, fecha_limite, fecha_devolucion, id_empleado_devolucion, estado_prestamo, nombre, apellido, email, telefono, estado) OVERRIDING SYSTEM VALUE VALUES (210, 99, 16, 2, '2025-12-17', '2026-01-01', NULL, NULL, 'Vencido', NULL, NULL, NULL, NULL, NULL);
INSERT INTO public.prestamo (id_prestamo, id_ejemplar, id_socio, id_empleado_prestamo, fecha_prestamo, fecha_limite, fecha_devolucion, id_empleado_devolucion, estado_prestamo, nombre, apellido, email, telefono, estado) OVERRIDING SYSTEM VALUE VALUES (211, 25, 38, 8, '2025-06-11', '2025-06-26', NULL, NULL, 'Vencido', NULL, NULL, NULL, NULL, NULL);
INSERT INTO public.prestamo (id_prestamo, id_ejemplar, id_socio, id_empleado_prestamo, fecha_prestamo, fecha_limite, fecha_devolucion, id_empleado_devolucion, estado_prestamo, nombre, apellido, email, telefono, estado) OVERRIDING SYSTEM VALUE VALUES (212, 187, 14, 6, '2024-03-10', '2024-03-25', NULL, NULL, 'Vencido', NULL, NULL, NULL, NULL, NULL);
INSERT INTO public.prestamo (id_prestamo, id_ejemplar, id_socio, id_empleado_prestamo, fecha_prestamo, fecha_limite, fecha_devolucion, id_empleado_devolucion, estado_prestamo, nombre, apellido, email, telefono, estado) OVERRIDING SYSTEM VALUE VALUES (213, 193, 63, 4, '2025-11-16', '2025-12-01', NULL, NULL, 'Vencido', NULL, NULL, NULL, NULL, NULL);
INSERT INTO public.prestamo (id_prestamo, id_ejemplar, id_socio, id_empleado_prestamo, fecha_prestamo, fecha_limite, fecha_devolucion, id_empleado_devolucion, estado_prestamo, nombre, apellido, email, telefono, estado) OVERRIDING SYSTEM VALUE VALUES (214, 9, 14, 4, '2024-12-01', '2024-12-16', NULL, NULL, 'Vencido', NULL, NULL, NULL, NULL, NULL);
INSERT INTO public.prestamo (id_prestamo, id_ejemplar, id_socio, id_empleado_prestamo, fecha_prestamo, fecha_limite, fecha_devolucion, id_empleado_devolucion, estado_prestamo, nombre, apellido, email, telefono, estado) OVERRIDING SYSTEM VALUE VALUES (215, 81, 98, 7, '2025-11-06', '2025-11-21', NULL, 12, 'Vencido', NULL, NULL, NULL, NULL, NULL);
INSERT INTO public.prestamo (id_prestamo, id_ejemplar, id_socio, id_empleado_prestamo, fecha_prestamo, fecha_limite, fecha_devolucion, id_empleado_devolucion, estado_prestamo, nombre, apellido, email, telefono, estado) OVERRIDING SYSTEM VALUE VALUES (216, 122, 5, 2, '2024-11-04', '2024-11-19', NULL, 4, 'Vencido', NULL, NULL, NULL, NULL, NULL);
INSERT INTO public.prestamo (id_prestamo, id_ejemplar, id_socio, id_empleado_prestamo, fecha_prestamo, fecha_limite, fecha_devolucion, id_empleado_devolucion, estado_prestamo, nombre, apellido, email, telefono, estado) OVERRIDING SYSTEM VALUE VALUES (217, 278, 34, 2, '2025-06-27', '2025-07-12', '2025-07-10', 9, 'Devuelto', NULL, NULL, NULL, NULL, NULL);
INSERT INTO public.prestamo (id_prestamo, id_ejemplar, id_socio, id_empleado_prestamo, fecha_prestamo, fecha_limite, fecha_devolucion, id_empleado_devolucion, estado_prestamo, nombre, apellido, email, telefono, estado) OVERRIDING SYSTEM VALUE VALUES (218, 87, 46, 3, '2025-08-21', '2025-09-05', '2025-09-03', NULL, 'Devuelto', NULL, NULL, NULL, NULL, NULL);
INSERT INTO public.prestamo (id_prestamo, id_ejemplar, id_socio, id_empleado_prestamo, fecha_prestamo, fecha_limite, fecha_devolucion, id_empleado_devolucion, estado_prestamo, nombre, apellido, email, telefono, estado) OVERRIDING SYSTEM VALUE VALUES (219, 115, 46, 5, '2025-10-22', '2025-11-06', '2025-11-03', NULL, 'Devuelto', NULL, NULL, NULL, NULL, NULL);
INSERT INTO public.prestamo (id_prestamo, id_ejemplar, id_socio, id_empleado_prestamo, fecha_prestamo, fecha_limite, fecha_devolucion, id_empleado_devolucion, estado_prestamo, nombre, apellido, email, telefono, estado) OVERRIDING SYSTEM VALUE VALUES (220, 194, 86, 8, '2025-04-20', '2025-05-05', NULL, NULL, 'Vencido', NULL, NULL, NULL, NULL, NULL);
INSERT INTO public.prestamo (id_prestamo, id_ejemplar, id_socio, id_empleado_prestamo, fecha_prestamo, fecha_limite, fecha_devolucion, id_empleado_devolucion, estado_prestamo, nombre, apellido, email, telefono, estado) OVERRIDING SYSTEM VALUE VALUES (221, 294, 38, 10, '2024-03-04', '2024-03-19', NULL, NULL, 'Vencido', NULL, NULL, NULL, NULL, NULL);
INSERT INTO public.prestamo (id_prestamo, id_ejemplar, id_socio, id_empleado_prestamo, fecha_prestamo, fecha_limite, fecha_devolucion, id_empleado_devolucion, estado_prestamo, nombre, apellido, email, telefono, estado) OVERRIDING SYSTEM VALUE VALUES (222, 279, 48, 8, '2024-07-26', '2024-08-10', NULL, NULL, 'Vencido', NULL, NULL, NULL, NULL, NULL);
INSERT INTO public.prestamo (id_prestamo, id_ejemplar, id_socio, id_empleado_prestamo, fecha_prestamo, fecha_limite, fecha_devolucion, id_empleado_devolucion, estado_prestamo, nombre, apellido, email, telefono, estado) OVERRIDING SYSTEM VALUE VALUES (223, 117, 96, 1, '2024-12-01', '2024-12-16', NULL, NULL, 'Vencido', NULL, NULL, NULL, NULL, NULL);
INSERT INTO public.prestamo (id_prestamo, id_ejemplar, id_socio, id_empleado_prestamo, fecha_prestamo, fecha_limite, fecha_devolucion, id_empleado_devolucion, estado_prestamo, nombre, apellido, email, telefono, estado) OVERRIDING SYSTEM VALUE VALUES (224, 166, 19, 6, '2025-09-02', '2025-09-17', '2025-09-09', 14, 'Devuelto', NULL, NULL, NULL, NULL, NULL);
INSERT INTO public.prestamo (id_prestamo, id_ejemplar, id_socio, id_empleado_prestamo, fecha_prestamo, fecha_limite, fecha_devolucion, id_empleado_devolucion, estado_prestamo, nombre, apellido, email, telefono, estado) OVERRIDING SYSTEM VALUE VALUES (225, 16, 55, 2, '2024-08-09', '2024-08-24', NULL, NULL, 'Vencido', NULL, NULL, NULL, NULL, NULL);
INSERT INTO public.prestamo (id_prestamo, id_ejemplar, id_socio, id_empleado_prestamo, fecha_prestamo, fecha_limite, fecha_devolucion, id_empleado_devolucion, estado_prestamo, nombre, apellido, email, telefono, estado) OVERRIDING SYSTEM VALUE VALUES (226, 214, 46, 7, '2025-10-13', '2025-10-28', NULL, NULL, 'Vencido', NULL, NULL, NULL, NULL, NULL);
INSERT INTO public.prestamo (id_prestamo, id_ejemplar, id_socio, id_empleado_prestamo, fecha_prestamo, fecha_limite, fecha_devolucion, id_empleado_devolucion, estado_prestamo, nombre, apellido, email, telefono, estado) OVERRIDING SYSTEM VALUE VALUES (227, 103, 52, 1, '2024-03-22', '2024-04-06', NULL, NULL, 'Vencido', NULL, NULL, NULL, NULL, NULL);
INSERT INTO public.prestamo (id_prestamo, id_ejemplar, id_socio, id_empleado_prestamo, fecha_prestamo, fecha_limite, fecha_devolucion, id_empleado_devolucion, estado_prestamo, nombre, apellido, email, telefono, estado) OVERRIDING SYSTEM VALUE VALUES (228, 38, 26, 7, '2025-06-20', '2025-07-05', NULL, NULL, 'Vencido', NULL, NULL, NULL, NULL, NULL);
INSERT INTO public.prestamo (id_prestamo, id_ejemplar, id_socio, id_empleado_prestamo, fecha_prestamo, fecha_limite, fecha_devolucion, id_empleado_devolucion, estado_prestamo, nombre, apellido, email, telefono, estado) OVERRIDING SYSTEM VALUE VALUES (229, 71, 60, 15, '2024-10-10', '2024-10-25', '2024-10-15', NULL, 'Devuelto', NULL, NULL, NULL, NULL, NULL);
INSERT INTO public.prestamo (id_prestamo, id_ejemplar, id_socio, id_empleado_prestamo, fecha_prestamo, fecha_limite, fecha_devolucion, id_empleado_devolucion, estado_prestamo, nombre, apellido, email, telefono, estado) OVERRIDING SYSTEM VALUE VALUES (230, 139, 39, 9, '2024-12-01', '2024-12-16', '2024-12-15', 6, 'Devuelto', NULL, NULL, NULL, NULL, NULL);
INSERT INTO public.prestamo (id_prestamo, id_ejemplar, id_socio, id_empleado_prestamo, fecha_prestamo, fecha_limite, fecha_devolucion, id_empleado_devolucion, estado_prestamo, nombre, apellido, email, telefono, estado) OVERRIDING SYSTEM VALUE VALUES (231, 7, 34, 3, '2024-04-01', '2024-04-16', NULL, NULL, 'Vencido', NULL, NULL, NULL, NULL, NULL);
INSERT INTO public.prestamo (id_prestamo, id_ejemplar, id_socio, id_empleado_prestamo, fecha_prestamo, fecha_limite, fecha_devolucion, id_empleado_devolucion, estado_prestamo, nombre, apellido, email, telefono, estado) OVERRIDING SYSTEM VALUE VALUES (232, 97, 90, 4, '2025-01-05', '2025-01-20', NULL, NULL, 'Vencido', NULL, NULL, NULL, NULL, NULL);
INSERT INTO public.prestamo (id_prestamo, id_ejemplar, id_socio, id_empleado_prestamo, fecha_prestamo, fecha_limite, fecha_devolucion, id_empleado_devolucion, estado_prestamo, nombre, apellido, email, telefono, estado) OVERRIDING SYSTEM VALUE VALUES (233, 152, 5, 7, '2024-07-23', '2024-08-07', NULL, NULL, 'Vencido', NULL, NULL, NULL, NULL, NULL);
INSERT INTO public.prestamo (id_prestamo, id_ejemplar, id_socio, id_empleado_prestamo, fecha_prestamo, fecha_limite, fecha_devolucion, id_empleado_devolucion, estado_prestamo, nombre, apellido, email, telefono, estado) OVERRIDING SYSTEM VALUE VALUES (234, 74, 13, 11, '2025-09-26', '2025-10-11', '2025-10-04', NULL, 'Devuelto', NULL, NULL, NULL, NULL, NULL);
INSERT INTO public.prestamo (id_prestamo, id_ejemplar, id_socio, id_empleado_prestamo, fecha_prestamo, fecha_limite, fecha_devolucion, id_empleado_devolucion, estado_prestamo, nombre, apellido, email, telefono, estado) OVERRIDING SYSTEM VALUE VALUES (235, 196, 27, 6, '2024-01-08', '2024-01-23', NULL, NULL, 'Vencido', NULL, NULL, NULL, NULL, NULL);
INSERT INTO public.prestamo (id_prestamo, id_ejemplar, id_socio, id_empleado_prestamo, fecha_prestamo, fecha_limite, fecha_devolucion, id_empleado_devolucion, estado_prestamo, nombre, apellido, email, telefono, estado) OVERRIDING SYSTEM VALUE VALUES (236, 103, 15, 6, '2025-09-28', '2025-10-13', '2025-10-11', 7, 'Devuelto', NULL, NULL, NULL, NULL, NULL);
INSERT INTO public.prestamo (id_prestamo, id_ejemplar, id_socio, id_empleado_prestamo, fecha_prestamo, fecha_limite, fecha_devolucion, id_empleado_devolucion, estado_prestamo, nombre, apellido, email, telefono, estado) OVERRIDING SYSTEM VALUE VALUES (237, 109, 62, 4, '2025-08-07', '2025-08-22', NULL, NULL, 'Vencido', NULL, NULL, NULL, NULL, NULL);
INSERT INTO public.prestamo (id_prestamo, id_ejemplar, id_socio, id_empleado_prestamo, fecha_prestamo, fecha_limite, fecha_devolucion, id_empleado_devolucion, estado_prestamo, nombre, apellido, email, telefono, estado) OVERRIDING SYSTEM VALUE VALUES (238, 174, 36, 5, '2025-09-14', '2025-09-29', NULL, NULL, 'Vencido', NULL, NULL, NULL, NULL, NULL);
INSERT INTO public.prestamo (id_prestamo, id_ejemplar, id_socio, id_empleado_prestamo, fecha_prestamo, fecha_limite, fecha_devolucion, id_empleado_devolucion, estado_prestamo, nombre, apellido, email, telefono, estado) OVERRIDING SYSTEM VALUE VALUES (239, 72, 74, 7, '2024-06-11', '2024-06-26', NULL, NULL, 'Vencido', NULL, NULL, NULL, NULL, NULL);
INSERT INTO public.prestamo (id_prestamo, id_ejemplar, id_socio, id_empleado_prestamo, fecha_prestamo, fecha_limite, fecha_devolucion, id_empleado_devolucion, estado_prestamo, nombre, apellido, email, telefono, estado) OVERRIDING SYSTEM VALUE VALUES (240, 108, 1, 3, '2024-10-30', '2024-11-14', '2024-11-05', 10, 'Devuelto', NULL, NULL, NULL, NULL, NULL);
INSERT INTO public.prestamo (id_prestamo, id_ejemplar, id_socio, id_empleado_prestamo, fecha_prestamo, fecha_limite, fecha_devolucion, id_empleado_devolucion, estado_prestamo, nombre, apellido, email, telefono, estado) OVERRIDING SYSTEM VALUE VALUES (241, 61, 4, 5, '2024-07-13', '2024-07-28', NULL, NULL, 'Vencido', NULL, NULL, NULL, NULL, NULL);
INSERT INTO public.prestamo (id_prestamo, id_ejemplar, id_socio, id_empleado_prestamo, fecha_prestamo, fecha_limite, fecha_devolucion, id_empleado_devolucion, estado_prestamo, nombre, apellido, email, telefono, estado) OVERRIDING SYSTEM VALUE VALUES (242, 230, 100, 9, '2024-05-26', '2024-06-10', NULL, NULL, 'Vencido', NULL, NULL, NULL, NULL, NULL);
INSERT INTO public.prestamo (id_prestamo, id_ejemplar, id_socio, id_empleado_prestamo, fecha_prestamo, fecha_limite, fecha_devolucion, id_empleado_devolucion, estado_prestamo, nombre, apellido, email, telefono, estado) OVERRIDING SYSTEM VALUE VALUES (243, 274, 38, 1, '2024-07-19', '2024-08-03', NULL, 1, 'Vencido', NULL, NULL, NULL, NULL, NULL);
INSERT INTO public.prestamo (id_prestamo, id_ejemplar, id_socio, id_empleado_prestamo, fecha_prestamo, fecha_limite, fecha_devolucion, id_empleado_devolucion, estado_prestamo, nombre, apellido, email, telefono, estado) OVERRIDING SYSTEM VALUE VALUES (244, 123, 20, 6, '2025-08-25', '2025-09-09', NULL, NULL, 'Vencido', NULL, NULL, NULL, NULL, NULL);
INSERT INTO public.prestamo (id_prestamo, id_ejemplar, id_socio, id_empleado_prestamo, fecha_prestamo, fecha_limite, fecha_devolucion, id_empleado_devolucion, estado_prestamo, nombre, apellido, email, telefono, estado) OVERRIDING SYSTEM VALUE VALUES (245, 112, 79, 13, '2024-05-28', '2024-06-12', NULL, NULL, 'Vencido', NULL, NULL, NULL, NULL, NULL);
INSERT INTO public.prestamo (id_prestamo, id_ejemplar, id_socio, id_empleado_prestamo, fecha_prestamo, fecha_limite, fecha_devolucion, id_empleado_devolucion, estado_prestamo, nombre, apellido, email, telefono, estado) OVERRIDING SYSTEM VALUE VALUES (246, 280, 21, 3, '2024-05-24', '2024-06-08', NULL, NULL, 'Vencido', NULL, NULL, NULL, NULL, NULL);
INSERT INTO public.prestamo (id_prestamo, id_ejemplar, id_socio, id_empleado_prestamo, fecha_prestamo, fecha_limite, fecha_devolucion, id_empleado_devolucion, estado_prestamo, nombre, apellido, email, telefono, estado) OVERRIDING SYSTEM VALUE VALUES (247, 80, 74, 10, '2024-07-23', '2024-08-07', NULL, NULL, 'Vencido', NULL, NULL, NULL, NULL, NULL);
INSERT INTO public.prestamo (id_prestamo, id_ejemplar, id_socio, id_empleado_prestamo, fecha_prestamo, fecha_limite, fecha_devolucion, id_empleado_devolucion, estado_prestamo, nombre, apellido, email, telefono, estado) OVERRIDING SYSTEM VALUE VALUES (248, 277, 52, 9, '2024-04-09', '2024-04-24', NULL, NULL, 'Vencido', NULL, NULL, NULL, NULL, NULL);
INSERT INTO public.prestamo (id_prestamo, id_ejemplar, id_socio, id_empleado_prestamo, fecha_prestamo, fecha_limite, fecha_devolucion, id_empleado_devolucion, estado_prestamo, nombre, apellido, email, telefono, estado) OVERRIDING SYSTEM VALUE VALUES (249, 181, 48, 14, '2025-08-26', '2025-09-10', NULL, NULL, 'Vencido', NULL, NULL, NULL, NULL, NULL);
INSERT INTO public.prestamo (id_prestamo, id_ejemplar, id_socio, id_empleado_prestamo, fecha_prestamo, fecha_limite, fecha_devolucion, id_empleado_devolucion, estado_prestamo, nombre, apellido, email, telefono, estado) OVERRIDING SYSTEM VALUE VALUES (250, 147, 4, 14, '2025-01-30', '2025-02-14', NULL, NULL, 'Vencido', NULL, NULL, NULL, NULL, NULL);
INSERT INTO public.prestamo (id_prestamo, id_ejemplar, id_socio, id_empleado_prestamo, fecha_prestamo, fecha_limite, fecha_devolucion, id_empleado_devolucion, estado_prestamo, nombre, apellido, email, telefono, estado) OVERRIDING SYSTEM VALUE VALUES (251, 2, 49, 2, '2025-01-27', '2025-02-11', NULL, NULL, 'Vencido', NULL, NULL, NULL, NULL, NULL);
INSERT INTO public.prestamo (id_prestamo, id_ejemplar, id_socio, id_empleado_prestamo, fecha_prestamo, fecha_limite, fecha_devolucion, id_empleado_devolucion, estado_prestamo, nombre, apellido, email, telefono, estado) OVERRIDING SYSTEM VALUE VALUES (252, 264, 40, 11, '2024-06-14', '2024-06-29', NULL, NULL, 'Vencido', NULL, NULL, NULL, NULL, NULL);
INSERT INTO public.prestamo (id_prestamo, id_ejemplar, id_socio, id_empleado_prestamo, fecha_prestamo, fecha_limite, fecha_devolucion, id_empleado_devolucion, estado_prestamo, nombre, apellido, email, telefono, estado) OVERRIDING SYSTEM VALUE VALUES (253, 168, 58, 4, '2024-06-07', '2024-06-22', '2024-06-21', 8, 'Devuelto', NULL, NULL, NULL, NULL, NULL);
INSERT INTO public.prestamo (id_prestamo, id_ejemplar, id_socio, id_empleado_prestamo, fecha_prestamo, fecha_limite, fecha_devolucion, id_empleado_devolucion, estado_prestamo, nombre, apellido, email, telefono, estado) OVERRIDING SYSTEM VALUE VALUES (254, 28, 42, 14, '2024-01-19', '2024-02-03', NULL, 11, 'Vencido', NULL, NULL, NULL, NULL, NULL);
INSERT INTO public.prestamo (id_prestamo, id_ejemplar, id_socio, id_empleado_prestamo, fecha_prestamo, fecha_limite, fecha_devolucion, id_empleado_devolucion, estado_prestamo, nombre, apellido, email, telefono, estado) OVERRIDING SYSTEM VALUE VALUES (255, 212, 93, 1, '2024-02-18', '2024-03-04', '2024-03-01', NULL, 'Devuelto', NULL, NULL, NULL, NULL, NULL);
INSERT INTO public.prestamo (id_prestamo, id_ejemplar, id_socio, id_empleado_prestamo, fecha_prestamo, fecha_limite, fecha_devolucion, id_empleado_devolucion, estado_prestamo, nombre, apellido, email, telefono, estado) OVERRIDING SYSTEM VALUE VALUES (256, 80, 34, 13, '2025-02-22', '2025-03-09', NULL, NULL, 'Vencido', NULL, NULL, NULL, NULL, NULL);
INSERT INTO public.prestamo (id_prestamo, id_ejemplar, id_socio, id_empleado_prestamo, fecha_prestamo, fecha_limite, fecha_devolucion, id_empleado_devolucion, estado_prestamo, nombre, apellido, email, telefono, estado) OVERRIDING SYSTEM VALUE VALUES (257, 114, 5, 15, '2025-10-27', '2025-11-11', '2025-10-30', NULL, 'Devuelto', NULL, NULL, NULL, NULL, NULL);
INSERT INTO public.prestamo (id_prestamo, id_ejemplar, id_socio, id_empleado_prestamo, fecha_prestamo, fecha_limite, fecha_devolucion, id_empleado_devolucion, estado_prestamo, nombre, apellido, email, telefono, estado) OVERRIDING SYSTEM VALUE VALUES (258, 263, 85, 14, '2024-06-30', '2024-07-15', '2024-07-03', 4, 'Devuelto', NULL, NULL, NULL, NULL, NULL);
INSERT INTO public.prestamo (id_prestamo, id_ejemplar, id_socio, id_empleado_prestamo, fecha_prestamo, fecha_limite, fecha_devolucion, id_empleado_devolucion, estado_prestamo, nombre, apellido, email, telefono, estado) OVERRIDING SYSTEM VALUE VALUES (259, 245, 38, 12, '2025-02-11', '2025-02-26', NULL, NULL, 'Vencido', NULL, NULL, NULL, NULL, NULL);
INSERT INTO public.prestamo (id_prestamo, id_ejemplar, id_socio, id_empleado_prestamo, fecha_prestamo, fecha_limite, fecha_devolucion, id_empleado_devolucion, estado_prestamo, nombre, apellido, email, telefono, estado) OVERRIDING SYSTEM VALUE VALUES (260, 201, 13, 2, '2025-11-03', '2025-11-18', NULL, NULL, 'Vencido', NULL, NULL, NULL, NULL, NULL);
INSERT INTO public.prestamo (id_prestamo, id_ejemplar, id_socio, id_empleado_prestamo, fecha_prestamo, fecha_limite, fecha_devolucion, id_empleado_devolucion, estado_prestamo, nombre, apellido, email, telefono, estado) OVERRIDING SYSTEM VALUE VALUES (261, 227, 57, 6, '2025-04-02', '2025-04-17', NULL, NULL, 'Vencido', NULL, NULL, NULL, NULL, NULL);
INSERT INTO public.prestamo (id_prestamo, id_ejemplar, id_socio, id_empleado_prestamo, fecha_prestamo, fecha_limite, fecha_devolucion, id_empleado_devolucion, estado_prestamo, nombre, apellido, email, telefono, estado) OVERRIDING SYSTEM VALUE VALUES (262, 28, 34, 14, '2025-08-14', '2025-08-29', NULL, NULL, 'Vencido', NULL, NULL, NULL, NULL, NULL);
INSERT INTO public.prestamo (id_prestamo, id_ejemplar, id_socio, id_empleado_prestamo, fecha_prestamo, fecha_limite, fecha_devolucion, id_empleado_devolucion, estado_prestamo, nombre, apellido, email, telefono, estado) OVERRIDING SYSTEM VALUE VALUES (263, 226, 42, 8, '2025-03-23', '2025-04-07', '2025-03-25', NULL, 'Devuelto', NULL, NULL, NULL, NULL, NULL);
INSERT INTO public.prestamo (id_prestamo, id_ejemplar, id_socio, id_empleado_prestamo, fecha_prestamo, fecha_limite, fecha_devolucion, id_empleado_devolucion, estado_prestamo, nombre, apellido, email, telefono, estado) OVERRIDING SYSTEM VALUE VALUES (264, 192, 6, 2, '2025-08-03', '2025-08-18', NULL, NULL, 'Vencido', NULL, NULL, NULL, NULL, NULL);
INSERT INTO public.prestamo (id_prestamo, id_ejemplar, id_socio, id_empleado_prestamo, fecha_prestamo, fecha_limite, fecha_devolucion, id_empleado_devolucion, estado_prestamo, nombre, apellido, email, telefono, estado) OVERRIDING SYSTEM VALUE VALUES (265, 8, 8, 11, '2024-04-25', '2024-05-10', NULL, NULL, 'Vencido', NULL, NULL, NULL, NULL, NULL);
INSERT INTO public.prestamo (id_prestamo, id_ejemplar, id_socio, id_empleado_prestamo, fecha_prestamo, fecha_limite, fecha_devolucion, id_empleado_devolucion, estado_prestamo, nombre, apellido, email, telefono, estado) OVERRIDING SYSTEM VALUE VALUES (266, 8, 94, 6, '2024-07-02', '2024-07-17', NULL, NULL, 'Vencido', NULL, NULL, NULL, NULL, NULL);
INSERT INTO public.prestamo (id_prestamo, id_ejemplar, id_socio, id_empleado_prestamo, fecha_prestamo, fecha_limite, fecha_devolucion, id_empleado_devolucion, estado_prestamo, nombre, apellido, email, telefono, estado) OVERRIDING SYSTEM VALUE VALUES (267, 164, 86, 4, '2025-09-04', '2025-09-19', NULL, NULL, 'Vencido', NULL, NULL, NULL, NULL, NULL);
INSERT INTO public.prestamo (id_prestamo, id_ejemplar, id_socio, id_empleado_prestamo, fecha_prestamo, fecha_limite, fecha_devolucion, id_empleado_devolucion, estado_prestamo, nombre, apellido, email, telefono, estado) OVERRIDING SYSTEM VALUE VALUES (268, 20, 64, 9, '2025-01-30', '2025-02-14', NULL, NULL, 'Vencido', NULL, NULL, NULL, NULL, NULL);
INSERT INTO public.prestamo (id_prestamo, id_ejemplar, id_socio, id_empleado_prestamo, fecha_prestamo, fecha_limite, fecha_devolucion, id_empleado_devolucion, estado_prestamo, nombre, apellido, email, telefono, estado) OVERRIDING SYSTEM VALUE VALUES (269, 54, 68, 3, '2024-07-06', '2024-07-21', '2024-07-17', NULL, 'Devuelto', NULL, NULL, NULL, NULL, NULL);
INSERT INTO public.prestamo (id_prestamo, id_ejemplar, id_socio, id_empleado_prestamo, fecha_prestamo, fecha_limite, fecha_devolucion, id_empleado_devolucion, estado_prestamo, nombre, apellido, email, telefono, estado) OVERRIDING SYSTEM VALUE VALUES (270, 153, 32, 9, '2025-05-16', '2025-05-31', NULL, NULL, 'Vencido', NULL, NULL, NULL, NULL, NULL);
INSERT INTO public.prestamo (id_prestamo, id_ejemplar, id_socio, id_empleado_prestamo, fecha_prestamo, fecha_limite, fecha_devolucion, id_empleado_devolucion, estado_prestamo, nombre, apellido, email, telefono, estado) OVERRIDING SYSTEM VALUE VALUES (271, 137, 13, 1, '2024-02-24', '2024-03-10', NULL, NULL, 'Vencido', NULL, NULL, NULL, NULL, NULL);
INSERT INTO public.prestamo (id_prestamo, id_ejemplar, id_socio, id_empleado_prestamo, fecha_prestamo, fecha_limite, fecha_devolucion, id_empleado_devolucion, estado_prestamo, nombre, apellido, email, telefono, estado) OVERRIDING SYSTEM VALUE VALUES (272, 13, 75, 13, '2025-10-16', '2025-10-31', '2025-10-30', 11, 'Devuelto', NULL, NULL, NULL, NULL, NULL);
INSERT INTO public.prestamo (id_prestamo, id_ejemplar, id_socio, id_empleado_prestamo, fecha_prestamo, fecha_limite, fecha_devolucion, id_empleado_devolucion, estado_prestamo, nombre, apellido, email, telefono, estado) OVERRIDING SYSTEM VALUE VALUES (273, 121, 68, 1, '2025-07-11', '2025-07-26', '2025-07-15', 5, 'Devuelto', NULL, NULL, NULL, NULL, NULL);
INSERT INTO public.prestamo (id_prestamo, id_ejemplar, id_socio, id_empleado_prestamo, fecha_prestamo, fecha_limite, fecha_devolucion, id_empleado_devolucion, estado_prestamo, nombre, apellido, email, telefono, estado) OVERRIDING SYSTEM VALUE VALUES (274, 277, 72, 8, '2025-06-23', '2025-07-08', NULL, NULL, 'Vencido', NULL, NULL, NULL, NULL, NULL);
INSERT INTO public.prestamo (id_prestamo, id_ejemplar, id_socio, id_empleado_prestamo, fecha_prestamo, fecha_limite, fecha_devolucion, id_empleado_devolucion, estado_prestamo, nombre, apellido, email, telefono, estado) OVERRIDING SYSTEM VALUE VALUES (275, 69, 41, 1, '2024-10-03', '2024-10-18', NULL, NULL, 'Vencido', NULL, NULL, NULL, NULL, NULL);
INSERT INTO public.prestamo (id_prestamo, id_ejemplar, id_socio, id_empleado_prestamo, fecha_prestamo, fecha_limite, fecha_devolucion, id_empleado_devolucion, estado_prestamo, nombre, apellido, email, telefono, estado) OVERRIDING SYSTEM VALUE VALUES (276, 205, 96, 4, '2024-04-23', '2024-05-08', NULL, NULL, 'Vencido', NULL, NULL, NULL, NULL, NULL);
INSERT INTO public.prestamo (id_prestamo, id_ejemplar, id_socio, id_empleado_prestamo, fecha_prestamo, fecha_limite, fecha_devolucion, id_empleado_devolucion, estado_prestamo, nombre, apellido, email, telefono, estado) OVERRIDING SYSTEM VALUE VALUES (277, 91, 14, 6, '2024-04-08', '2024-04-23', NULL, NULL, 'Vencido', NULL, NULL, NULL, NULL, NULL);
INSERT INTO public.prestamo (id_prestamo, id_ejemplar, id_socio, id_empleado_prestamo, fecha_prestamo, fecha_limite, fecha_devolucion, id_empleado_devolucion, estado_prestamo, nombre, apellido, email, telefono, estado) OVERRIDING SYSTEM VALUE VALUES (278, 125, 94, 9, '2025-07-19', '2025-08-03', NULL, NULL, 'Vencido', NULL, NULL, NULL, NULL, NULL);
INSERT INTO public.prestamo (id_prestamo, id_ejemplar, id_socio, id_empleado_prestamo, fecha_prestamo, fecha_limite, fecha_devolucion, id_empleado_devolucion, estado_prestamo, nombre, apellido, email, telefono, estado) OVERRIDING SYSTEM VALUE VALUES (279, 8, 72, 14, '2025-01-05', '2025-01-20', NULL, NULL, 'Vencido', NULL, NULL, NULL, NULL, NULL);
INSERT INTO public.prestamo (id_prestamo, id_ejemplar, id_socio, id_empleado_prestamo, fecha_prestamo, fecha_limite, fecha_devolucion, id_empleado_devolucion, estado_prestamo, nombre, apellido, email, telefono, estado) OVERRIDING SYSTEM VALUE VALUES (280, 169, 82, 14, '2024-11-26', '2024-12-11', NULL, NULL, 'Vencido', NULL, NULL, NULL, NULL, NULL);
INSERT INTO public.prestamo (id_prestamo, id_ejemplar, id_socio, id_empleado_prestamo, fecha_prestamo, fecha_limite, fecha_devolucion, id_empleado_devolucion, estado_prestamo, nombre, apellido, email, telefono, estado) OVERRIDING SYSTEM VALUE VALUES (281, 276, 14, 3, '2024-03-13', '2024-03-28', NULL, NULL, 'Vencido', NULL, NULL, NULL, NULL, NULL);
INSERT INTO public.prestamo (id_prestamo, id_ejemplar, id_socio, id_empleado_prestamo, fecha_prestamo, fecha_limite, fecha_devolucion, id_empleado_devolucion, estado_prestamo, nombre, apellido, email, telefono, estado) OVERRIDING SYSTEM VALUE VALUES (282, 85, 84, 8, '2024-12-15', '2024-12-30', '2024-12-26', 12, 'Devuelto', NULL, NULL, NULL, NULL, NULL);
INSERT INTO public.prestamo (id_prestamo, id_ejemplar, id_socio, id_empleado_prestamo, fecha_prestamo, fecha_limite, fecha_devolucion, id_empleado_devolucion, estado_prestamo, nombre, apellido, email, telefono, estado) OVERRIDING SYSTEM VALUE VALUES (283, 84, 95, 5, '2025-11-10', '2025-11-25', NULL, NULL, 'Vencido', NULL, NULL, NULL, NULL, NULL);
INSERT INTO public.prestamo (id_prestamo, id_ejemplar, id_socio, id_empleado_prestamo, fecha_prestamo, fecha_limite, fecha_devolucion, id_empleado_devolucion, estado_prestamo, nombre, apellido, email, telefono, estado) OVERRIDING SYSTEM VALUE VALUES (284, 255, 87, 5, '2024-03-25', '2024-04-09', NULL, NULL, 'Vencido', NULL, NULL, NULL, NULL, NULL);
INSERT INTO public.prestamo (id_prestamo, id_ejemplar, id_socio, id_empleado_prestamo, fecha_prestamo, fecha_limite, fecha_devolucion, id_empleado_devolucion, estado_prestamo, nombre, apellido, email, telefono, estado) OVERRIDING SYSTEM VALUE VALUES (285, 156, 35, 6, '2025-03-27', '2025-04-11', NULL, NULL, 'Vencido', NULL, NULL, NULL, NULL, NULL);
INSERT INTO public.prestamo (id_prestamo, id_ejemplar, id_socio, id_empleado_prestamo, fecha_prestamo, fecha_limite, fecha_devolucion, id_empleado_devolucion, estado_prestamo, nombre, apellido, email, telefono, estado) OVERRIDING SYSTEM VALUE VALUES (286, 99, 84, 7, '2024-10-15', '2024-10-30', NULL, NULL, 'Vencido', NULL, NULL, NULL, NULL, NULL);
INSERT INTO public.prestamo (id_prestamo, id_ejemplar, id_socio, id_empleado_prestamo, fecha_prestamo, fecha_limite, fecha_devolucion, id_empleado_devolucion, estado_prestamo, nombre, apellido, email, telefono, estado) OVERRIDING SYSTEM VALUE VALUES (287, 127, 41, 2, '2025-05-10', '2025-05-25', NULL, NULL, 'Vencido', NULL, NULL, NULL, NULL, NULL);
INSERT INTO public.prestamo (id_prestamo, id_ejemplar, id_socio, id_empleado_prestamo, fecha_prestamo, fecha_limite, fecha_devolucion, id_empleado_devolucion, estado_prestamo, nombre, apellido, email, telefono, estado) OVERRIDING SYSTEM VALUE VALUES (288, 68, 40, 3, '2025-03-15', '2025-03-30', NULL, NULL, 'Vencido', NULL, NULL, NULL, NULL, NULL);
INSERT INTO public.prestamo (id_prestamo, id_ejemplar, id_socio, id_empleado_prestamo, fecha_prestamo, fecha_limite, fecha_devolucion, id_empleado_devolucion, estado_prestamo, nombre, apellido, email, telefono, estado) OVERRIDING SYSTEM VALUE VALUES (289, 133, 61, 2, '2025-06-22', '2025-07-07', NULL, NULL, 'Vencido', NULL, NULL, NULL, NULL, NULL);
INSERT INTO public.prestamo (id_prestamo, id_ejemplar, id_socio, id_empleado_prestamo, fecha_prestamo, fecha_limite, fecha_devolucion, id_empleado_devolucion, estado_prestamo, nombre, apellido, email, telefono, estado) OVERRIDING SYSTEM VALUE VALUES (290, 232, 17, 4, '2024-06-18', '2024-07-03', NULL, NULL, 'Vencido', NULL, NULL, NULL, NULL, NULL);
INSERT INTO public.prestamo (id_prestamo, id_ejemplar, id_socio, id_empleado_prestamo, fecha_prestamo, fecha_limite, fecha_devolucion, id_empleado_devolucion, estado_prestamo, nombre, apellido, email, telefono, estado) OVERRIDING SYSTEM VALUE VALUES (291, 258, 42, 12, '2025-09-13', '2025-09-28', '2025-09-23', 15, 'Devuelto', NULL, NULL, NULL, NULL, NULL);
INSERT INTO public.prestamo (id_prestamo, id_ejemplar, id_socio, id_empleado_prestamo, fecha_prestamo, fecha_limite, fecha_devolucion, id_empleado_devolucion, estado_prestamo, nombre, apellido, email, telefono, estado) OVERRIDING SYSTEM VALUE VALUES (292, 237, 10, 11, '2024-10-11', '2024-10-26', '2024-10-24', 4, 'Devuelto', NULL, NULL, NULL, NULL, NULL);
INSERT INTO public.prestamo (id_prestamo, id_ejemplar, id_socio, id_empleado_prestamo, fecha_prestamo, fecha_limite, fecha_devolucion, id_empleado_devolucion, estado_prestamo, nombre, apellido, email, telefono, estado) OVERRIDING SYSTEM VALUE VALUES (293, 225, 63, 8, '2024-12-24', '2025-01-08', NULL, NULL, 'Vencido', NULL, NULL, NULL, NULL, NULL);
INSERT INTO public.prestamo (id_prestamo, id_ejemplar, id_socio, id_empleado_prestamo, fecha_prestamo, fecha_limite, fecha_devolucion, id_empleado_devolucion, estado_prestamo, nombre, apellido, email, telefono, estado) OVERRIDING SYSTEM VALUE VALUES (294, 108, 31, 9, '2024-12-10', '2024-12-25', NULL, NULL, 'Vencido', NULL, NULL, NULL, NULL, NULL);
INSERT INTO public.prestamo (id_prestamo, id_ejemplar, id_socio, id_empleado_prestamo, fecha_prestamo, fecha_limite, fecha_devolucion, id_empleado_devolucion, estado_prestamo, nombre, apellido, email, telefono, estado) OVERRIDING SYSTEM VALUE VALUES (295, 230, 66, 3, '2025-08-25', '2025-09-09', '2025-08-28', 10, 'Devuelto', NULL, NULL, NULL, NULL, NULL);
INSERT INTO public.prestamo (id_prestamo, id_ejemplar, id_socio, id_empleado_prestamo, fecha_prestamo, fecha_limite, fecha_devolucion, id_empleado_devolucion, estado_prestamo, nombre, apellido, email, telefono, estado) OVERRIDING SYSTEM VALUE VALUES (296, 24, 76, 5, '2024-07-17', '2024-08-01', NULL, NULL, 'Vencido', NULL, NULL, NULL, NULL, NULL);
INSERT INTO public.prestamo (id_prestamo, id_ejemplar, id_socio, id_empleado_prestamo, fecha_prestamo, fecha_limite, fecha_devolucion, id_empleado_devolucion, estado_prestamo, nombre, apellido, email, telefono, estado) OVERRIDING SYSTEM VALUE VALUES (297, 256, 53, 8, '2025-11-16', '2025-12-01', NULL, NULL, 'Vencido', NULL, NULL, NULL, NULL, NULL);
INSERT INTO public.prestamo (id_prestamo, id_ejemplar, id_socio, id_empleado_prestamo, fecha_prestamo, fecha_limite, fecha_devolucion, id_empleado_devolucion, estado_prestamo, nombre, apellido, email, telefono, estado) OVERRIDING SYSTEM VALUE VALUES (298, 139, 40, 9, '2025-09-23', '2025-10-08', '2025-10-06', NULL, 'Devuelto', NULL, NULL, NULL, NULL, NULL);
INSERT INTO public.prestamo (id_prestamo, id_ejemplar, id_socio, id_empleado_prestamo, fecha_prestamo, fecha_limite, fecha_devolucion, id_empleado_devolucion, estado_prestamo, nombre, apellido, email, telefono, estado) OVERRIDING SYSTEM VALUE VALUES (299, 117, 54, 3, '2025-02-06', '2025-02-21', NULL, NULL, 'Vencido', NULL, NULL, NULL, NULL, NULL);
INSERT INTO public.prestamo (id_prestamo, id_ejemplar, id_socio, id_empleado_prestamo, fecha_prestamo, fecha_limite, fecha_devolucion, id_empleado_devolucion, estado_prestamo, nombre, apellido, email, telefono, estado) OVERRIDING SYSTEM VALUE VALUES (300, 33, 82, 13, '2024-10-27', '2024-11-11', NULL, NULL, 'Vencido', NULL, NULL, NULL, NULL, NULL);
INSERT INTO public.prestamo (id_prestamo, id_ejemplar, id_socio, id_empleado_prestamo, fecha_prestamo, fecha_limite, fecha_devolucion, id_empleado_devolucion, estado_prestamo, nombre, apellido, email, telefono, estado) OVERRIDING SYSTEM VALUE VALUES (301, 77, 74, 2, '2024-11-14', '2024-11-29', NULL, NULL, 'Vencido', NULL, NULL, NULL, NULL, NULL);
INSERT INTO public.prestamo (id_prestamo, id_ejemplar, id_socio, id_empleado_prestamo, fecha_prestamo, fecha_limite, fecha_devolucion, id_empleado_devolucion, estado_prestamo, nombre, apellido, email, telefono, estado) OVERRIDING SYSTEM VALUE VALUES (302, 250, 46, 8, '2025-03-22', '2025-04-06', '2025-03-23', 10, 'Devuelto', NULL, NULL, NULL, NULL, NULL);
INSERT INTO public.prestamo (id_prestamo, id_ejemplar, id_socio, id_empleado_prestamo, fecha_prestamo, fecha_limite, fecha_devolucion, id_empleado_devolucion, estado_prestamo, nombre, apellido, email, telefono, estado) OVERRIDING SYSTEM VALUE VALUES (303, 211, 63, 8, '2025-12-23', '2026-01-07', NULL, NULL, 'Vencido', NULL, NULL, NULL, NULL, NULL);
INSERT INTO public.prestamo (id_prestamo, id_ejemplar, id_socio, id_empleado_prestamo, fecha_prestamo, fecha_limite, fecha_devolucion, id_empleado_devolucion, estado_prestamo, nombre, apellido, email, telefono, estado) OVERRIDING SYSTEM VALUE VALUES (304, 208, 70, 7, '2024-10-03', '2024-10-18', '2024-10-04', NULL, 'Devuelto', NULL, NULL, NULL, NULL, NULL);
INSERT INTO public.prestamo (id_prestamo, id_ejemplar, id_socio, id_empleado_prestamo, fecha_prestamo, fecha_limite, fecha_devolucion, id_empleado_devolucion, estado_prestamo, nombre, apellido, email, telefono, estado) OVERRIDING SYSTEM VALUE VALUES (305, 298, 42, 11, '2025-10-27', '2025-11-11', NULL, NULL, 'Vencido', NULL, NULL, NULL, NULL, NULL);
INSERT INTO public.prestamo (id_prestamo, id_ejemplar, id_socio, id_empleado_prestamo, fecha_prestamo, fecha_limite, fecha_devolucion, id_empleado_devolucion, estado_prestamo, nombre, apellido, email, telefono, estado) OVERRIDING SYSTEM VALUE VALUES (306, 148, 33, 10, '2024-11-04', '2024-11-19', NULL, NULL, 'Vencido', NULL, NULL, NULL, NULL, NULL);
INSERT INTO public.prestamo (id_prestamo, id_ejemplar, id_socio, id_empleado_prestamo, fecha_prestamo, fecha_limite, fecha_devolucion, id_empleado_devolucion, estado_prestamo, nombre, apellido, email, telefono, estado) OVERRIDING SYSTEM VALUE VALUES (307, 170, 82, 4, '2024-05-10', '2024-05-25', NULL, NULL, 'Vencido', NULL, NULL, NULL, NULL, NULL);
INSERT INTO public.prestamo (id_prestamo, id_ejemplar, id_socio, id_empleado_prestamo, fecha_prestamo, fecha_limite, fecha_devolucion, id_empleado_devolucion, estado_prestamo, nombre, apellido, email, telefono, estado) OVERRIDING SYSTEM VALUE VALUES (308, 193, 88, 2, '2025-09-07', '2025-09-22', NULL, NULL, 'Vencido', NULL, NULL, NULL, NULL, NULL);
INSERT INTO public.prestamo (id_prestamo, id_ejemplar, id_socio, id_empleado_prestamo, fecha_prestamo, fecha_limite, fecha_devolucion, id_empleado_devolucion, estado_prestamo, nombre, apellido, email, telefono, estado) OVERRIDING SYSTEM VALUE VALUES (309, 128, 41, 10, '2024-11-04', '2024-11-19', '2024-11-07', NULL, 'Devuelto', NULL, NULL, NULL, NULL, NULL);
INSERT INTO public.prestamo (id_prestamo, id_ejemplar, id_socio, id_empleado_prestamo, fecha_prestamo, fecha_limite, fecha_devolucion, id_empleado_devolucion, estado_prestamo, nombre, apellido, email, telefono, estado) OVERRIDING SYSTEM VALUE VALUES (310, 221, 20, 13, '2024-08-01', '2024-08-16', NULL, NULL, 'Vencido', NULL, NULL, NULL, NULL, NULL);
INSERT INTO public.prestamo (id_prestamo, id_ejemplar, id_socio, id_empleado_prestamo, fecha_prestamo, fecha_limite, fecha_devolucion, id_empleado_devolucion, estado_prestamo, nombre, apellido, email, telefono, estado) OVERRIDING SYSTEM VALUE VALUES (311, 45, 62, 14, '2025-11-07', '2025-11-22', NULL, NULL, 'Vencido', NULL, NULL, NULL, NULL, NULL);
INSERT INTO public.prestamo (id_prestamo, id_ejemplar, id_socio, id_empleado_prestamo, fecha_prestamo, fecha_limite, fecha_devolucion, id_empleado_devolucion, estado_prestamo, nombre, apellido, email, telefono, estado) OVERRIDING SYSTEM VALUE VALUES (312, 190, 97, 12, '2024-03-17', '2024-04-01', NULL, NULL, 'Vencido', NULL, NULL, NULL, NULL, NULL);
INSERT INTO public.prestamo (id_prestamo, id_ejemplar, id_socio, id_empleado_prestamo, fecha_prestamo, fecha_limite, fecha_devolucion, id_empleado_devolucion, estado_prestamo, nombre, apellido, email, telefono, estado) OVERRIDING SYSTEM VALUE VALUES (313, 168, 21, 10, '2024-02-27', '2024-03-13', NULL, NULL, 'Vencido', NULL, NULL, NULL, NULL, NULL);
INSERT INTO public.prestamo (id_prestamo, id_ejemplar, id_socio, id_empleado_prestamo, fecha_prestamo, fecha_limite, fecha_devolucion, id_empleado_devolucion, estado_prestamo, nombre, apellido, email, telefono, estado) OVERRIDING SYSTEM VALUE VALUES (314, 272, 48, 12, '2024-10-15', '2024-10-30', NULL, NULL, 'Vencido', NULL, NULL, NULL, NULL, NULL);
INSERT INTO public.prestamo (id_prestamo, id_ejemplar, id_socio, id_empleado_prestamo, fecha_prestamo, fecha_limite, fecha_devolucion, id_empleado_devolucion, estado_prestamo, nombre, apellido, email, telefono, estado) OVERRIDING SYSTEM VALUE VALUES (315, 139, 72, 5, '2024-08-22', '2024-09-06', NULL, NULL, 'Vencido', NULL, NULL, NULL, NULL, NULL);
INSERT INTO public.prestamo (id_prestamo, id_ejemplar, id_socio, id_empleado_prestamo, fecha_prestamo, fecha_limite, fecha_devolucion, id_empleado_devolucion, estado_prestamo, nombre, apellido, email, telefono, estado) OVERRIDING SYSTEM VALUE VALUES (316, 40, 67, 2, '2025-10-22', '2025-11-06', NULL, NULL, 'Vencido', NULL, NULL, NULL, NULL, NULL);
INSERT INTO public.prestamo (id_prestamo, id_ejemplar, id_socio, id_empleado_prestamo, fecha_prestamo, fecha_limite, fecha_devolucion, id_empleado_devolucion, estado_prestamo, nombre, apellido, email, telefono, estado) OVERRIDING SYSTEM VALUE VALUES (317, 147, 85, 8, '2024-02-06', '2024-02-21', NULL, NULL, 'Vencido', NULL, NULL, NULL, NULL, NULL);
INSERT INTO public.prestamo (id_prestamo, id_ejemplar, id_socio, id_empleado_prestamo, fecha_prestamo, fecha_limite, fecha_devolucion, id_empleado_devolucion, estado_prestamo, nombre, apellido, email, telefono, estado) OVERRIDING SYSTEM VALUE VALUES (318, 172, 30, 14, '2024-01-06', '2024-01-21', '2024-01-07', 12, 'Devuelto', NULL, NULL, NULL, NULL, NULL);
INSERT INTO public.prestamo (id_prestamo, id_ejemplar, id_socio, id_empleado_prestamo, fecha_prestamo, fecha_limite, fecha_devolucion, id_empleado_devolucion, estado_prestamo, nombre, apellido, email, telefono, estado) OVERRIDING SYSTEM VALUE VALUES (319, 88, 75, 10, '2025-09-17', '2025-10-02', NULL, NULL, 'Vencido', NULL, NULL, NULL, NULL, NULL);
INSERT INTO public.prestamo (id_prestamo, id_ejemplar, id_socio, id_empleado_prestamo, fecha_prestamo, fecha_limite, fecha_devolucion, id_empleado_devolucion, estado_prestamo, nombre, apellido, email, telefono, estado) OVERRIDING SYSTEM VALUE VALUES (320, 70, 50, 8, '2024-08-22', '2024-09-06', '2024-08-27', 11, 'Devuelto', NULL, NULL, NULL, NULL, NULL);
INSERT INTO public.prestamo (id_prestamo, id_ejemplar, id_socio, id_empleado_prestamo, fecha_prestamo, fecha_limite, fecha_devolucion, id_empleado_devolucion, estado_prestamo, nombre, apellido, email, telefono, estado) OVERRIDING SYSTEM VALUE VALUES (321, 11, 77, 6, '2024-01-07', '2024-01-22', NULL, NULL, 'Vencido', NULL, NULL, NULL, NULL, NULL);
INSERT INTO public.prestamo (id_prestamo, id_ejemplar, id_socio, id_empleado_prestamo, fecha_prestamo, fecha_limite, fecha_devolucion, id_empleado_devolucion, estado_prestamo, nombre, apellido, email, telefono, estado) OVERRIDING SYSTEM VALUE VALUES (322, 103, 80, 2, '2025-07-21', '2025-08-05', NULL, 12, 'Vencido', NULL, NULL, NULL, NULL, NULL);
INSERT INTO public.prestamo (id_prestamo, id_ejemplar, id_socio, id_empleado_prestamo, fecha_prestamo, fecha_limite, fecha_devolucion, id_empleado_devolucion, estado_prestamo, nombre, apellido, email, telefono, estado) OVERRIDING SYSTEM VALUE VALUES (323, 235, 37, 13, '2024-11-22', '2024-12-07', NULL, NULL, 'Vencido', NULL, NULL, NULL, NULL, NULL);
INSERT INTO public.prestamo (id_prestamo, id_ejemplar, id_socio, id_empleado_prestamo, fecha_prestamo, fecha_limite, fecha_devolucion, id_empleado_devolucion, estado_prestamo, nombre, apellido, email, telefono, estado) OVERRIDING SYSTEM VALUE VALUES (324, 5, 75, 3, '2025-10-16', '2025-10-31', '2025-10-27', 8, 'Devuelto', NULL, NULL, NULL, NULL, NULL);
INSERT INTO public.prestamo (id_prestamo, id_ejemplar, id_socio, id_empleado_prestamo, fecha_prestamo, fecha_limite, fecha_devolucion, id_empleado_devolucion, estado_prestamo, nombre, apellido, email, telefono, estado) OVERRIDING SYSTEM VALUE VALUES (325, 194, 62, 10, '2025-08-15', '2025-08-30', NULL, NULL, 'Vencido', NULL, NULL, NULL, NULL, NULL);
INSERT INTO public.prestamo (id_prestamo, id_ejemplar, id_socio, id_empleado_prestamo, fecha_prestamo, fecha_limite, fecha_devolucion, id_empleado_devolucion, estado_prestamo, nombre, apellido, email, telefono, estado) OVERRIDING SYSTEM VALUE VALUES (326, 132, 12, 3, '2024-12-19', '2025-01-03', NULL, NULL, 'Vencido', NULL, NULL, NULL, NULL, NULL);
INSERT INTO public.prestamo (id_prestamo, id_ejemplar, id_socio, id_empleado_prestamo, fecha_prestamo, fecha_limite, fecha_devolucion, id_empleado_devolucion, estado_prestamo, nombre, apellido, email, telefono, estado) OVERRIDING SYSTEM VALUE VALUES (327, 202, 18, 15, '2025-07-30', '2025-08-14', '2025-08-05', 2, 'Devuelto', NULL, NULL, NULL, NULL, NULL);
INSERT INTO public.prestamo (id_prestamo, id_ejemplar, id_socio, id_empleado_prestamo, fecha_prestamo, fecha_limite, fecha_devolucion, id_empleado_devolucion, estado_prestamo, nombre, apellido, email, telefono, estado) OVERRIDING SYSTEM VALUE VALUES (328, 90, 97, 8, '2025-06-17', '2025-07-02', NULL, NULL, 'Vencido', NULL, NULL, NULL, NULL, NULL);
INSERT INTO public.prestamo (id_prestamo, id_ejemplar, id_socio, id_empleado_prestamo, fecha_prestamo, fecha_limite, fecha_devolucion, id_empleado_devolucion, estado_prestamo, nombre, apellido, email, telefono, estado) OVERRIDING SYSTEM VALUE VALUES (329, 8, 17, 3, '2024-12-29', '2025-01-13', NULL, NULL, 'Vencido', NULL, NULL, NULL, NULL, NULL);
INSERT INTO public.prestamo (id_prestamo, id_ejemplar, id_socio, id_empleado_prestamo, fecha_prestamo, fecha_limite, fecha_devolucion, id_empleado_devolucion, estado_prestamo, nombre, apellido, email, telefono, estado) OVERRIDING SYSTEM VALUE VALUES (330, 256, 98, 15, '2024-06-14', '2024-06-29', NULL, NULL, 'Vencido', NULL, NULL, NULL, NULL, NULL);
INSERT INTO public.prestamo (id_prestamo, id_ejemplar, id_socio, id_empleado_prestamo, fecha_prestamo, fecha_limite, fecha_devolucion, id_empleado_devolucion, estado_prestamo, nombre, apellido, email, telefono, estado) OVERRIDING SYSTEM VALUE VALUES (331, 122, 85, 1, '2025-09-23', '2025-10-08', NULL, NULL, 'Vencido', NULL, NULL, NULL, NULL, NULL);
INSERT INTO public.prestamo (id_prestamo, id_ejemplar, id_socio, id_empleado_prestamo, fecha_prestamo, fecha_limite, fecha_devolucion, id_empleado_devolucion, estado_prestamo, nombre, apellido, email, telefono, estado) OVERRIDING SYSTEM VALUE VALUES (332, 206, 56, 9, '2024-07-13', '2024-07-28', NULL, 5, 'Vencido', NULL, NULL, NULL, NULL, NULL);
INSERT INTO public.prestamo (id_prestamo, id_ejemplar, id_socio, id_empleado_prestamo, fecha_prestamo, fecha_limite, fecha_devolucion, id_empleado_devolucion, estado_prestamo, nombre, apellido, email, telefono, estado) OVERRIDING SYSTEM VALUE VALUES (333, 9, 83, 11, '2024-01-22', '2024-02-06', '2024-01-24', 6, 'Devuelto', NULL, NULL, NULL, NULL, NULL);
INSERT INTO public.prestamo (id_prestamo, id_ejemplar, id_socio, id_empleado_prestamo, fecha_prestamo, fecha_limite, fecha_devolucion, id_empleado_devolucion, estado_prestamo, nombre, apellido, email, telefono, estado) OVERRIDING SYSTEM VALUE VALUES (334, 228, 44, 13, '2025-10-03', '2025-10-18', NULL, 14, 'Vencido', NULL, NULL, NULL, NULL, NULL);
INSERT INTO public.prestamo (id_prestamo, id_ejemplar, id_socio, id_empleado_prestamo, fecha_prestamo, fecha_limite, fecha_devolucion, id_empleado_devolucion, estado_prestamo, nombre, apellido, email, telefono, estado) OVERRIDING SYSTEM VALUE VALUES (335, 31, 97, 6, '2024-08-15', '2024-08-30', NULL, NULL, 'Vencido', NULL, NULL, NULL, NULL, NULL);
INSERT INTO public.prestamo (id_prestamo, id_ejemplar, id_socio, id_empleado_prestamo, fecha_prestamo, fecha_limite, fecha_devolucion, id_empleado_devolucion, estado_prestamo, nombre, apellido, email, telefono, estado) OVERRIDING SYSTEM VALUE VALUES (336, 231, 45, 10, '2024-09-08', '2024-09-23', NULL, NULL, 'Vencido', NULL, NULL, NULL, NULL, NULL);
INSERT INTO public.prestamo (id_prestamo, id_ejemplar, id_socio, id_empleado_prestamo, fecha_prestamo, fecha_limite, fecha_devolucion, id_empleado_devolucion, estado_prestamo, nombre, apellido, email, telefono, estado) OVERRIDING SYSTEM VALUE VALUES (337, 94, 64, 10, '2024-08-03', '2024-08-18', '2024-08-14', 10, 'Devuelto', NULL, NULL, NULL, NULL, NULL);
INSERT INTO public.prestamo (id_prestamo, id_ejemplar, id_socio, id_empleado_prestamo, fecha_prestamo, fecha_limite, fecha_devolucion, id_empleado_devolucion, estado_prestamo, nombre, apellido, email, telefono, estado) OVERRIDING SYSTEM VALUE VALUES (338, 185, 8, 11, '2024-08-01', '2024-08-16', NULL, NULL, 'Vencido', NULL, NULL, NULL, NULL, NULL);
INSERT INTO public.prestamo (id_prestamo, id_ejemplar, id_socio, id_empleado_prestamo, fecha_prestamo, fecha_limite, fecha_devolucion, id_empleado_devolucion, estado_prestamo, nombre, apellido, email, telefono, estado) OVERRIDING SYSTEM VALUE VALUES (339, 249, 92, 6, '2024-12-13', '2024-12-28', NULL, NULL, 'Vencido', NULL, NULL, NULL, NULL, NULL);
INSERT INTO public.prestamo (id_prestamo, id_ejemplar, id_socio, id_empleado_prestamo, fecha_prestamo, fecha_limite, fecha_devolucion, id_empleado_devolucion, estado_prestamo, nombre, apellido, email, telefono, estado) OVERRIDING SYSTEM VALUE VALUES (340, 27, 81, 7, '2025-06-29', '2025-07-14', NULL, NULL, 'Vencido', NULL, NULL, NULL, NULL, NULL);
INSERT INTO public.prestamo (id_prestamo, id_ejemplar, id_socio, id_empleado_prestamo, fecha_prestamo, fecha_limite, fecha_devolucion, id_empleado_devolucion, estado_prestamo, nombre, apellido, email, telefono, estado) OVERRIDING SYSTEM VALUE VALUES (341, 225, 92, 10, '2025-10-10', '2025-10-25', NULL, NULL, 'Vencido', NULL, NULL, NULL, NULL, NULL);
INSERT INTO public.prestamo (id_prestamo, id_ejemplar, id_socio, id_empleado_prestamo, fecha_prestamo, fecha_limite, fecha_devolucion, id_empleado_devolucion, estado_prestamo, nombre, apellido, email, telefono, estado) OVERRIDING SYSTEM VALUE VALUES (342, 69, 5, 3, '2025-03-15', '2025-03-30', '2025-03-17', NULL, 'Devuelto', NULL, NULL, NULL, NULL, NULL);
INSERT INTO public.prestamo (id_prestamo, id_ejemplar, id_socio, id_empleado_prestamo, fecha_prestamo, fecha_limite, fecha_devolucion, id_empleado_devolucion, estado_prestamo, nombre, apellido, email, telefono, estado) OVERRIDING SYSTEM VALUE VALUES (343, 53, 54, 15, '2025-06-13', '2025-06-28', '2025-06-16', NULL, 'Devuelto', NULL, NULL, NULL, NULL, NULL);
INSERT INTO public.prestamo (id_prestamo, id_ejemplar, id_socio, id_empleado_prestamo, fecha_prestamo, fecha_limite, fecha_devolucion, id_empleado_devolucion, estado_prestamo, nombre, apellido, email, telefono, estado) OVERRIDING SYSTEM VALUE VALUES (344, 171, 78, 3, '2024-12-30', '2025-01-14', NULL, NULL, 'Vencido', NULL, NULL, NULL, NULL, NULL);
INSERT INTO public.prestamo (id_prestamo, id_ejemplar, id_socio, id_empleado_prestamo, fecha_prestamo, fecha_limite, fecha_devolucion, id_empleado_devolucion, estado_prestamo, nombre, apellido, email, telefono, estado) OVERRIDING SYSTEM VALUE VALUES (345, 2, 19, 3, '2024-02-20', '2024-03-06', NULL, NULL, 'Vencido', NULL, NULL, NULL, NULL, NULL);
INSERT INTO public.prestamo (id_prestamo, id_ejemplar, id_socio, id_empleado_prestamo, fecha_prestamo, fecha_limite, fecha_devolucion, id_empleado_devolucion, estado_prestamo, nombre, apellido, email, telefono, estado) OVERRIDING SYSTEM VALUE VALUES (346, 220, 19, 13, '2024-08-31', '2024-09-15', NULL, NULL, 'Vencido', NULL, NULL, NULL, NULL, NULL);
INSERT INTO public.prestamo (id_prestamo, id_ejemplar, id_socio, id_empleado_prestamo, fecha_prestamo, fecha_limite, fecha_devolucion, id_empleado_devolucion, estado_prestamo, nombre, apellido, email, telefono, estado) OVERRIDING SYSTEM VALUE VALUES (347, 68, 49, 2, '2025-12-11', '2025-12-26', NULL, NULL, 'Vencido', NULL, NULL, NULL, NULL, NULL);
INSERT INTO public.prestamo (id_prestamo, id_ejemplar, id_socio, id_empleado_prestamo, fecha_prestamo, fecha_limite, fecha_devolucion, id_empleado_devolucion, estado_prestamo, nombre, apellido, email, telefono, estado) OVERRIDING SYSTEM VALUE VALUES (348, 2, 98, 12, '2024-11-14', '2024-11-29', '2024-11-26', 13, 'Devuelto', NULL, NULL, NULL, NULL, NULL);
INSERT INTO public.prestamo (id_prestamo, id_ejemplar, id_socio, id_empleado_prestamo, fecha_prestamo, fecha_limite, fecha_devolucion, id_empleado_devolucion, estado_prestamo, nombre, apellido, email, telefono, estado) OVERRIDING SYSTEM VALUE VALUES (349, 138, 55, 12, '2024-10-26', '2024-11-10', NULL, NULL, 'Vencido', NULL, NULL, NULL, NULL, NULL);
INSERT INTO public.prestamo (id_prestamo, id_ejemplar, id_socio, id_empleado_prestamo, fecha_prestamo, fecha_limite, fecha_devolucion, id_empleado_devolucion, estado_prestamo, nombre, apellido, email, telefono, estado) OVERRIDING SYSTEM VALUE VALUES (350, 208, 93, 1, '2025-02-15', '2025-03-02', NULL, NULL, 'Vencido', NULL, NULL, NULL, NULL, NULL);
INSERT INTO public.prestamo (id_prestamo, id_ejemplar, id_socio, id_empleado_prestamo, fecha_prestamo, fecha_limite, fecha_devolucion, id_empleado_devolucion, estado_prestamo, nombre, apellido, email, telefono, estado) OVERRIDING SYSTEM VALUE VALUES (351, 222, 71, 15, '2024-01-27', '2024-02-11', NULL, NULL, 'Vencido', NULL, NULL, NULL, NULL, NULL);
INSERT INTO public.prestamo (id_prestamo, id_ejemplar, id_socio, id_empleado_prestamo, fecha_prestamo, fecha_limite, fecha_devolucion, id_empleado_devolucion, estado_prestamo, nombre, apellido, email, telefono, estado) OVERRIDING SYSTEM VALUE VALUES (352, 42, 88, 5, '2025-04-04', '2025-04-19', NULL, NULL, 'Vencido', NULL, NULL, NULL, NULL, NULL);
INSERT INTO public.prestamo (id_prestamo, id_ejemplar, id_socio, id_empleado_prestamo, fecha_prestamo, fecha_limite, fecha_devolucion, id_empleado_devolucion, estado_prestamo, nombre, apellido, email, telefono, estado) OVERRIDING SYSTEM VALUE VALUES (353, 243, 32, 7, '2025-07-25', '2025-08-09', NULL, NULL, 'Vencido', NULL, NULL, NULL, NULL, NULL);
INSERT INTO public.prestamo (id_prestamo, id_ejemplar, id_socio, id_empleado_prestamo, fecha_prestamo, fecha_limite, fecha_devolucion, id_empleado_devolucion, estado_prestamo, nombre, apellido, email, telefono, estado) OVERRIDING SYSTEM VALUE VALUES (354, 105, 29, 3, '2025-11-07', '2025-11-22', NULL, NULL, 'Vencido', NULL, NULL, NULL, NULL, NULL);
INSERT INTO public.prestamo (id_prestamo, id_ejemplar, id_socio, id_empleado_prestamo, fecha_prestamo, fecha_limite, fecha_devolucion, id_empleado_devolucion, estado_prestamo, nombre, apellido, email, telefono, estado) OVERRIDING SYSTEM VALUE VALUES (355, 168, 42, 4, '2025-03-13', '2025-03-28', NULL, NULL, 'Vencido', NULL, NULL, NULL, NULL, NULL);
INSERT INTO public.prestamo (id_prestamo, id_ejemplar, id_socio, id_empleado_prestamo, fecha_prestamo, fecha_limite, fecha_devolucion, id_empleado_devolucion, estado_prestamo, nombre, apellido, email, telefono, estado) OVERRIDING SYSTEM VALUE VALUES (356, 272, 97, 7, '2024-07-14', '2024-07-29', NULL, NULL, 'Vencido', NULL, NULL, NULL, NULL, NULL);
INSERT INTO public.prestamo (id_prestamo, id_ejemplar, id_socio, id_empleado_prestamo, fecha_prestamo, fecha_limite, fecha_devolucion, id_empleado_devolucion, estado_prestamo, nombre, apellido, email, telefono, estado) OVERRIDING SYSTEM VALUE VALUES (357, 54, 3, 1, '2025-06-03', '2025-06-18', NULL, NULL, 'Vencido', NULL, NULL, NULL, NULL, NULL);
INSERT INTO public.prestamo (id_prestamo, id_ejemplar, id_socio, id_empleado_prestamo, fecha_prestamo, fecha_limite, fecha_devolucion, id_empleado_devolucion, estado_prestamo, nombre, apellido, email, telefono, estado) OVERRIDING SYSTEM VALUE VALUES (358, 258, 10, 9, '2024-11-26', '2024-12-11', NULL, NULL, 'Vencido', NULL, NULL, NULL, NULL, NULL);
INSERT INTO public.prestamo (id_prestamo, id_ejemplar, id_socio, id_empleado_prestamo, fecha_prestamo, fecha_limite, fecha_devolucion, id_empleado_devolucion, estado_prestamo, nombre, apellido, email, telefono, estado) OVERRIDING SYSTEM VALUE VALUES (359, 133, 13, 11, '2025-02-08', '2025-02-23', NULL, 9, 'Vencido', NULL, NULL, NULL, NULL, NULL);
INSERT INTO public.prestamo (id_prestamo, id_ejemplar, id_socio, id_empleado_prestamo, fecha_prestamo, fecha_limite, fecha_devolucion, id_empleado_devolucion, estado_prestamo, nombre, apellido, email, telefono, estado) OVERRIDING SYSTEM VALUE VALUES (360, 115, 42, 13, '2024-10-31', '2024-11-15', NULL, NULL, 'Vencido', NULL, NULL, NULL, NULL, NULL);
INSERT INTO public.prestamo (id_prestamo, id_ejemplar, id_socio, id_empleado_prestamo, fecha_prestamo, fecha_limite, fecha_devolucion, id_empleado_devolucion, estado_prestamo, nombre, apellido, email, telefono, estado) OVERRIDING SYSTEM VALUE VALUES (361, 136, 39, 7, '2025-05-22', '2025-06-06', NULL, NULL, 'Vencido', NULL, NULL, NULL, NULL, NULL);
INSERT INTO public.prestamo (id_prestamo, id_ejemplar, id_socio, id_empleado_prestamo, fecha_prestamo, fecha_limite, fecha_devolucion, id_empleado_devolucion, estado_prestamo, nombre, apellido, email, telefono, estado) OVERRIDING SYSTEM VALUE VALUES (362, 288, 19, 7, '2024-07-24', '2024-08-08', NULL, NULL, 'Vencido', NULL, NULL, NULL, NULL, NULL);
INSERT INTO public.prestamo (id_prestamo, id_ejemplar, id_socio, id_empleado_prestamo, fecha_prestamo, fecha_limite, fecha_devolucion, id_empleado_devolucion, estado_prestamo, nombre, apellido, email, telefono, estado) OVERRIDING SYSTEM VALUE VALUES (363, 227, 65, 6, '2024-10-05', '2024-10-20', NULL, NULL, 'Vencido', NULL, NULL, NULL, NULL, NULL);
INSERT INTO public.prestamo (id_prestamo, id_ejemplar, id_socio, id_empleado_prestamo, fecha_prestamo, fecha_limite, fecha_devolucion, id_empleado_devolucion, estado_prestamo, nombre, apellido, email, telefono, estado) OVERRIDING SYSTEM VALUE VALUES (364, 14, 36, 3, '2025-12-27', '2026-01-11', NULL, NULL, 'Vencido', NULL, NULL, NULL, NULL, NULL);
INSERT INTO public.prestamo (id_prestamo, id_ejemplar, id_socio, id_empleado_prestamo, fecha_prestamo, fecha_limite, fecha_devolucion, id_empleado_devolucion, estado_prestamo, nombre, apellido, email, telefono, estado) OVERRIDING SYSTEM VALUE VALUES (365, 26, 56, 2, '2024-09-04', '2024-09-19', NULL, NULL, 'Vencido', NULL, NULL, NULL, NULL, NULL);
INSERT INTO public.prestamo (id_prestamo, id_ejemplar, id_socio, id_empleado_prestamo, fecha_prestamo, fecha_limite, fecha_devolucion, id_empleado_devolucion, estado_prestamo, nombre, apellido, email, telefono, estado) OVERRIDING SYSTEM VALUE VALUES (366, 35, 42, 10, '2025-12-03', '2025-12-18', '2025-12-16', 15, 'Devuelto', NULL, NULL, NULL, NULL, NULL);
INSERT INTO public.prestamo (id_prestamo, id_ejemplar, id_socio, id_empleado_prestamo, fecha_prestamo, fecha_limite, fecha_devolucion, id_empleado_devolucion, estado_prestamo, nombre, apellido, email, telefono, estado) OVERRIDING SYSTEM VALUE VALUES (367, 39, 87, 13, '2025-02-03', '2025-02-18', NULL, NULL, 'Vencido', NULL, NULL, NULL, NULL, NULL);
INSERT INTO public.prestamo (id_prestamo, id_ejemplar, id_socio, id_empleado_prestamo, fecha_prestamo, fecha_limite, fecha_devolucion, id_empleado_devolucion, estado_prestamo, nombre, apellido, email, telefono, estado) OVERRIDING SYSTEM VALUE VALUES (368, 131, 90, 4, '2025-02-18', '2025-03-05', NULL, NULL, 'Vencido', NULL, NULL, NULL, NULL, NULL);
INSERT INTO public.prestamo (id_prestamo, id_ejemplar, id_socio, id_empleado_prestamo, fecha_prestamo, fecha_limite, fecha_devolucion, id_empleado_devolucion, estado_prestamo, nombre, apellido, email, telefono, estado) OVERRIDING SYSTEM VALUE VALUES (369, 152, 51, 9, '2024-12-25', '2025-01-09', '2025-01-02', 7, 'Devuelto', NULL, NULL, NULL, NULL, NULL);
INSERT INTO public.prestamo (id_prestamo, id_ejemplar, id_socio, id_empleado_prestamo, fecha_prestamo, fecha_limite, fecha_devolucion, id_empleado_devolucion, estado_prestamo, nombre, apellido, email, telefono, estado) OVERRIDING SYSTEM VALUE VALUES (370, 225, 69, 5, '2025-04-19', '2025-05-04', NULL, NULL, 'Vencido', NULL, NULL, NULL, NULL, NULL);
INSERT INTO public.prestamo (id_prestamo, id_ejemplar, id_socio, id_empleado_prestamo, fecha_prestamo, fecha_limite, fecha_devolucion, id_empleado_devolucion, estado_prestamo, nombre, apellido, email, telefono, estado) OVERRIDING SYSTEM VALUE VALUES (371, 98, 93, 10, '2024-03-23', '2024-04-07', '2024-03-25', 6, 'Devuelto', NULL, NULL, NULL, NULL, NULL);
INSERT INTO public.prestamo (id_prestamo, id_ejemplar, id_socio, id_empleado_prestamo, fecha_prestamo, fecha_limite, fecha_devolucion, id_empleado_devolucion, estado_prestamo, nombre, apellido, email, telefono, estado) OVERRIDING SYSTEM VALUE VALUES (372, 187, 26, 2, '2025-06-28', '2025-07-13', NULL, NULL, 'Vencido', NULL, NULL, NULL, NULL, NULL);
INSERT INTO public.prestamo (id_prestamo, id_ejemplar, id_socio, id_empleado_prestamo, fecha_prestamo, fecha_limite, fecha_devolucion, id_empleado_devolucion, estado_prestamo, nombre, apellido, email, telefono, estado) OVERRIDING SYSTEM VALUE VALUES (373, 102, 75, 7, '2025-07-29', '2025-08-13', NULL, NULL, 'Vencido', NULL, NULL, NULL, NULL, NULL);
INSERT INTO public.prestamo (id_prestamo, id_ejemplar, id_socio, id_empleado_prestamo, fecha_prestamo, fecha_limite, fecha_devolucion, id_empleado_devolucion, estado_prestamo, nombre, apellido, email, telefono, estado) OVERRIDING SYSTEM VALUE VALUES (374, 63, 89, 4, '2024-08-31', '2024-09-15', NULL, NULL, 'Vencido', NULL, NULL, NULL, NULL, NULL);
INSERT INTO public.prestamo (id_prestamo, id_ejemplar, id_socio, id_empleado_prestamo, fecha_prestamo, fecha_limite, fecha_devolucion, id_empleado_devolucion, estado_prestamo, nombre, apellido, email, telefono, estado) OVERRIDING SYSTEM VALUE VALUES (375, 250, 6, 7, '2025-03-21', '2025-04-05', NULL, NULL, 'Vencido', NULL, NULL, NULL, NULL, NULL);
INSERT INTO public.prestamo (id_prestamo, id_ejemplar, id_socio, id_empleado_prestamo, fecha_prestamo, fecha_limite, fecha_devolucion, id_empleado_devolucion, estado_prestamo, nombre, apellido, email, telefono, estado) OVERRIDING SYSTEM VALUE VALUES (376, 31, 35, 5, '2025-11-13', '2025-11-28', NULL, NULL, 'Vencido', NULL, NULL, NULL, NULL, NULL);
INSERT INTO public.prestamo (id_prestamo, id_ejemplar, id_socio, id_empleado_prestamo, fecha_prestamo, fecha_limite, fecha_devolucion, id_empleado_devolucion, estado_prestamo, nombre, apellido, email, telefono, estado) OVERRIDING SYSTEM VALUE VALUES (377, 153, 20, 14, '2025-04-11', '2025-04-26', NULL, NULL, 'Vencido', NULL, NULL, NULL, NULL, NULL);
INSERT INTO public.prestamo (id_prestamo, id_ejemplar, id_socio, id_empleado_prestamo, fecha_prestamo, fecha_limite, fecha_devolucion, id_empleado_devolucion, estado_prestamo, nombre, apellido, email, telefono, estado) OVERRIDING SYSTEM VALUE VALUES (378, 129, 12, 3, '2024-10-21', '2024-11-05', NULL, NULL, 'Vencido', NULL, NULL, NULL, NULL, NULL);
INSERT INTO public.prestamo (id_prestamo, id_ejemplar, id_socio, id_empleado_prestamo, fecha_prestamo, fecha_limite, fecha_devolucion, id_empleado_devolucion, estado_prestamo, nombre, apellido, email, telefono, estado) OVERRIDING SYSTEM VALUE VALUES (379, 262, 82, 13, '2024-08-12', '2024-08-27', NULL, 6, 'Vencido', NULL, NULL, NULL, NULL, NULL);
INSERT INTO public.prestamo (id_prestamo, id_ejemplar, id_socio, id_empleado_prestamo, fecha_prestamo, fecha_limite, fecha_devolucion, id_empleado_devolucion, estado_prestamo, nombre, apellido, email, telefono, estado) OVERRIDING SYSTEM VALUE VALUES (380, 123, 49, 13, '2025-06-05', '2025-06-20', NULL, NULL, 'Vencido', NULL, NULL, NULL, NULL, NULL);
INSERT INTO public.prestamo (id_prestamo, id_ejemplar, id_socio, id_empleado_prestamo, fecha_prestamo, fecha_limite, fecha_devolucion, id_empleado_devolucion, estado_prestamo, nombre, apellido, email, telefono, estado) OVERRIDING SYSTEM VALUE VALUES (381, 87, 98, 11, '2024-01-12', '2024-01-27', NULL, NULL, 'Vencido', NULL, NULL, NULL, NULL, NULL);
INSERT INTO public.prestamo (id_prestamo, id_ejemplar, id_socio, id_empleado_prestamo, fecha_prestamo, fecha_limite, fecha_devolucion, id_empleado_devolucion, estado_prestamo, nombre, apellido, email, telefono, estado) OVERRIDING SYSTEM VALUE VALUES (382, 138, 46, 10, '2024-04-02', '2024-04-17', NULL, NULL, 'Vencido', NULL, NULL, NULL, NULL, NULL);
INSERT INTO public.prestamo (id_prestamo, id_ejemplar, id_socio, id_empleado_prestamo, fecha_prestamo, fecha_limite, fecha_devolucion, id_empleado_devolucion, estado_prestamo, nombre, apellido, email, telefono, estado) OVERRIDING SYSTEM VALUE VALUES (383, 289, 8, 15, '2024-01-25', '2024-02-09', NULL, NULL, 'Vencido', NULL, NULL, NULL, NULL, NULL);
INSERT INTO public.prestamo (id_prestamo, id_ejemplar, id_socio, id_empleado_prestamo, fecha_prestamo, fecha_limite, fecha_devolucion, id_empleado_devolucion, estado_prestamo, nombre, apellido, email, telefono, estado) OVERRIDING SYSTEM VALUE VALUES (384, 157, 68, 9, '2025-07-06', '2025-07-21', '2025-07-19', 5, 'Devuelto', NULL, NULL, NULL, NULL, NULL);
INSERT INTO public.prestamo (id_prestamo, id_ejemplar, id_socio, id_empleado_prestamo, fecha_prestamo, fecha_limite, fecha_devolucion, id_empleado_devolucion, estado_prestamo, nombre, apellido, email, telefono, estado) OVERRIDING SYSTEM VALUE VALUES (385, 86, 97, 15, '2024-08-10', '2024-08-25', NULL, NULL, 'Vencido', NULL, NULL, NULL, NULL, NULL);
INSERT INTO public.prestamo (id_prestamo, id_ejemplar, id_socio, id_empleado_prestamo, fecha_prestamo, fecha_limite, fecha_devolucion, id_empleado_devolucion, estado_prestamo, nombre, apellido, email, telefono, estado) OVERRIDING SYSTEM VALUE VALUES (386, 274, 26, 13, '2025-06-12', '2025-06-27', NULL, NULL, 'Vencido', NULL, NULL, NULL, NULL, NULL);
INSERT INTO public.prestamo (id_prestamo, id_ejemplar, id_socio, id_empleado_prestamo, fecha_prestamo, fecha_limite, fecha_devolucion, id_empleado_devolucion, estado_prestamo, nombre, apellido, email, telefono, estado) OVERRIDING SYSTEM VALUE VALUES (387, 53, 33, 3, '2024-06-13', '2024-06-28', NULL, NULL, 'Vencido', NULL, NULL, NULL, NULL, NULL);
INSERT INTO public.prestamo (id_prestamo, id_ejemplar, id_socio, id_empleado_prestamo, fecha_prestamo, fecha_limite, fecha_devolucion, id_empleado_devolucion, estado_prestamo, nombre, apellido, email, telefono, estado) OVERRIDING SYSTEM VALUE VALUES (388, 62, 38, 3, '2025-06-05', '2025-06-20', '2025-06-15', 5, 'Devuelto', NULL, NULL, NULL, NULL, NULL);
INSERT INTO public.prestamo (id_prestamo, id_ejemplar, id_socio, id_empleado_prestamo, fecha_prestamo, fecha_limite, fecha_devolucion, id_empleado_devolucion, estado_prestamo, nombre, apellido, email, telefono, estado) OVERRIDING SYSTEM VALUE VALUES (389, 35, 83, 12, '2025-09-25', '2025-10-10', NULL, NULL, 'Vencido', NULL, NULL, NULL, NULL, NULL);
INSERT INTO public.prestamo (id_prestamo, id_ejemplar, id_socio, id_empleado_prestamo, fecha_prestamo, fecha_limite, fecha_devolucion, id_empleado_devolucion, estado_prestamo, nombre, apellido, email, telefono, estado) OVERRIDING SYSTEM VALUE VALUES (390, 295, 70, 14, '2025-02-05', '2025-02-20', NULL, NULL, 'Vencido', NULL, NULL, NULL, NULL, NULL);
INSERT INTO public.prestamo (id_prestamo, id_ejemplar, id_socio, id_empleado_prestamo, fecha_prestamo, fecha_limite, fecha_devolucion, id_empleado_devolucion, estado_prestamo, nombre, apellido, email, telefono, estado) OVERRIDING SYSTEM VALUE VALUES (391, 56, 9, 6, '2024-08-14', '2024-08-29', NULL, NULL, 'Vencido', NULL, NULL, NULL, NULL, NULL);
INSERT INTO public.prestamo (id_prestamo, id_ejemplar, id_socio, id_empleado_prestamo, fecha_prestamo, fecha_limite, fecha_devolucion, id_empleado_devolucion, estado_prestamo, nombre, apellido, email, telefono, estado) OVERRIDING SYSTEM VALUE VALUES (392, 148, 9, 9, '2024-09-17', '2024-10-02', NULL, NULL, 'Vencido', NULL, NULL, NULL, NULL, NULL);
INSERT INTO public.prestamo (id_prestamo, id_ejemplar, id_socio, id_empleado_prestamo, fecha_prestamo, fecha_limite, fecha_devolucion, id_empleado_devolucion, estado_prestamo, nombre, apellido, email, telefono, estado) OVERRIDING SYSTEM VALUE VALUES (393, 42, 39, 3, '2025-07-04', '2025-07-19', '2025-07-14', 2, 'Devuelto', NULL, NULL, NULL, NULL, NULL);
INSERT INTO public.prestamo (id_prestamo, id_ejemplar, id_socio, id_empleado_prestamo, fecha_prestamo, fecha_limite, fecha_devolucion, id_empleado_devolucion, estado_prestamo, nombre, apellido, email, telefono, estado) OVERRIDING SYSTEM VALUE VALUES (394, 160, 91, 7, '2025-07-08', '2025-07-23', NULL, NULL, 'Vencido', NULL, NULL, NULL, NULL, NULL);
INSERT INTO public.prestamo (id_prestamo, id_ejemplar, id_socio, id_empleado_prestamo, fecha_prestamo, fecha_limite, fecha_devolucion, id_empleado_devolucion, estado_prestamo, nombre, apellido, email, telefono, estado) OVERRIDING SYSTEM VALUE VALUES (395, 296, 55, 9, '2024-06-20', '2024-07-05', NULL, 15, 'Vencido', NULL, NULL, NULL, NULL, NULL);
INSERT INTO public.prestamo (id_prestamo, id_ejemplar, id_socio, id_empleado_prestamo, fecha_prestamo, fecha_limite, fecha_devolucion, id_empleado_devolucion, estado_prestamo, nombre, apellido, email, telefono, estado) OVERRIDING SYSTEM VALUE VALUES (396, 53, 69, 7, '2024-10-19', '2024-11-03', NULL, NULL, 'Vencido', NULL, NULL, NULL, NULL, NULL);
INSERT INTO public.prestamo (id_prestamo, id_ejemplar, id_socio, id_empleado_prestamo, fecha_prestamo, fecha_limite, fecha_devolucion, id_empleado_devolucion, estado_prestamo, nombre, apellido, email, telefono, estado) OVERRIDING SYSTEM VALUE VALUES (397, 121, 11, 14, '2024-04-12', '2024-04-27', NULL, NULL, 'Vencido', NULL, NULL, NULL, NULL, NULL);
INSERT INTO public.prestamo (id_prestamo, id_ejemplar, id_socio, id_empleado_prestamo, fecha_prestamo, fecha_limite, fecha_devolucion, id_empleado_devolucion, estado_prestamo, nombre, apellido, email, telefono, estado) OVERRIDING SYSTEM VALUE VALUES (398, 179, 34, 9, '2025-06-24', '2025-07-09', '2025-07-06', NULL, 'Devuelto', NULL, NULL, NULL, NULL, NULL);
INSERT INTO public.prestamo (id_prestamo, id_ejemplar, id_socio, id_empleado_prestamo, fecha_prestamo, fecha_limite, fecha_devolucion, id_empleado_devolucion, estado_prestamo, nombre, apellido, email, telefono, estado) OVERRIDING SYSTEM VALUE VALUES (399, 56, 19, 10, '2024-06-08', '2024-06-23', '2024-06-21', 1, 'Devuelto', NULL, NULL, NULL, NULL, NULL);
INSERT INTO public.prestamo (id_prestamo, id_ejemplar, id_socio, id_empleado_prestamo, fecha_prestamo, fecha_limite, fecha_devolucion, id_empleado_devolucion, estado_prestamo, nombre, apellido, email, telefono, estado) OVERRIDING SYSTEM VALUE VALUES (400, 186, 42, 3, '2024-04-22', '2024-05-07', NULL, NULL, 'Vencido', NULL, NULL, NULL, NULL, NULL);
INSERT INTO public.prestamo (id_prestamo, id_ejemplar, id_socio, id_empleado_prestamo, fecha_prestamo, fecha_limite, fecha_devolucion, id_empleado_devolucion, estado_prestamo, nombre, apellido, email, telefono, estado) OVERRIDING SYSTEM VALUE VALUES (401, 9, 90, 3, '2025-02-01', '2025-02-16', '2025-02-11', NULL, 'Devuelto', NULL, NULL, NULL, NULL, NULL);
INSERT INTO public.prestamo (id_prestamo, id_ejemplar, id_socio, id_empleado_prestamo, fecha_prestamo, fecha_limite, fecha_devolucion, id_empleado_devolucion, estado_prestamo, nombre, apellido, email, telefono, estado) OVERRIDING SYSTEM VALUE VALUES (402, 93, 77, 6, '2025-10-19', '2025-11-03', NULL, NULL, 'Vencido', NULL, NULL, NULL, NULL, NULL);
INSERT INTO public.prestamo (id_prestamo, id_ejemplar, id_socio, id_empleado_prestamo, fecha_prestamo, fecha_limite, fecha_devolucion, id_empleado_devolucion, estado_prestamo, nombre, apellido, email, telefono, estado) OVERRIDING SYSTEM VALUE VALUES (403, 133, 47, 4, '2024-06-11', '2024-06-26', '2024-06-20', 15, 'Devuelto', NULL, NULL, NULL, NULL, NULL);
INSERT INTO public.prestamo (id_prestamo, id_ejemplar, id_socio, id_empleado_prestamo, fecha_prestamo, fecha_limite, fecha_devolucion, id_empleado_devolucion, estado_prestamo, nombre, apellido, email, telefono, estado) OVERRIDING SYSTEM VALUE VALUES (404, 9, 81, 11, '2024-12-24', '2025-01-08', NULL, NULL, 'Vencido', NULL, NULL, NULL, NULL, NULL);
INSERT INTO public.prestamo (id_prestamo, id_ejemplar, id_socio, id_empleado_prestamo, fecha_prestamo, fecha_limite, fecha_devolucion, id_empleado_devolucion, estado_prestamo, nombre, apellido, email, telefono, estado) OVERRIDING SYSTEM VALUE VALUES (405, 189, 89, 10, '2024-08-13', '2024-08-28', NULL, NULL, 'Vencido', NULL, NULL, NULL, NULL, NULL);
INSERT INTO public.prestamo (id_prestamo, id_ejemplar, id_socio, id_empleado_prestamo, fecha_prestamo, fecha_limite, fecha_devolucion, id_empleado_devolucion, estado_prestamo, nombre, apellido, email, telefono, estado) OVERRIDING SYSTEM VALUE VALUES (406, 144, 11, 6, '2025-01-30', '2025-02-14', NULL, NULL, 'Vencido', NULL, NULL, NULL, NULL, NULL);
INSERT INTO public.prestamo (id_prestamo, id_ejemplar, id_socio, id_empleado_prestamo, fecha_prestamo, fecha_limite, fecha_devolucion, id_empleado_devolucion, estado_prestamo, nombre, apellido, email, telefono, estado) OVERRIDING SYSTEM VALUE VALUES (407, 8, 61, 3, '2025-08-08', '2025-08-23', NULL, NULL, 'Vencido', NULL, NULL, NULL, NULL, NULL);
INSERT INTO public.prestamo (id_prestamo, id_ejemplar, id_socio, id_empleado_prestamo, fecha_prestamo, fecha_limite, fecha_devolucion, id_empleado_devolucion, estado_prestamo, nombre, apellido, email, telefono, estado) OVERRIDING SYSTEM VALUE VALUES (408, 101, 75, 8, '2025-04-15', '2025-04-30', '2025-04-18', 9, 'Devuelto', NULL, NULL, NULL, NULL, NULL);
INSERT INTO public.prestamo (id_prestamo, id_ejemplar, id_socio, id_empleado_prestamo, fecha_prestamo, fecha_limite, fecha_devolucion, id_empleado_devolucion, estado_prestamo, nombre, apellido, email, telefono, estado) OVERRIDING SYSTEM VALUE VALUES (409, 10, 43, 8, '2025-09-27', '2025-10-12', NULL, NULL, 'Vencido', NULL, NULL, NULL, NULL, NULL);
INSERT INTO public.prestamo (id_prestamo, id_ejemplar, id_socio, id_empleado_prestamo, fecha_prestamo, fecha_limite, fecha_devolucion, id_empleado_devolucion, estado_prestamo, nombre, apellido, email, telefono, estado) OVERRIDING SYSTEM VALUE VALUES (410, 36, 1, 13, '2024-12-23', '2025-01-07', NULL, NULL, 'Vencido', NULL, NULL, NULL, NULL, NULL);
INSERT INTO public.prestamo (id_prestamo, id_ejemplar, id_socio, id_empleado_prestamo, fecha_prestamo, fecha_limite, fecha_devolucion, id_empleado_devolucion, estado_prestamo, nombre, apellido, email, telefono, estado) OVERRIDING SYSTEM VALUE VALUES (411, 208, 87, 2, '2025-07-16', '2025-07-31', NULL, NULL, 'Vencido', NULL, NULL, NULL, NULL, NULL);
INSERT INTO public.prestamo (id_prestamo, id_ejemplar, id_socio, id_empleado_prestamo, fecha_prestamo, fecha_limite, fecha_devolucion, id_empleado_devolucion, estado_prestamo, nombre, apellido, email, telefono, estado) OVERRIDING SYSTEM VALUE VALUES (412, 88, 1, 8, '2024-12-03', '2024-12-18', NULL, NULL, 'Vencido', NULL, NULL, NULL, NULL, NULL);
INSERT INTO public.prestamo (id_prestamo, id_ejemplar, id_socio, id_empleado_prestamo, fecha_prestamo, fecha_limite, fecha_devolucion, id_empleado_devolucion, estado_prestamo, nombre, apellido, email, telefono, estado) OVERRIDING SYSTEM VALUE VALUES (413, 44, 66, 3, '2025-07-20', '2025-08-04', '2025-07-25', NULL, 'Devuelto', NULL, NULL, NULL, NULL, NULL);
INSERT INTO public.prestamo (id_prestamo, id_ejemplar, id_socio, id_empleado_prestamo, fecha_prestamo, fecha_limite, fecha_devolucion, id_empleado_devolucion, estado_prestamo, nombre, apellido, email, telefono, estado) OVERRIDING SYSTEM VALUE VALUES (414, 235, 77, 6, '2025-05-17', '2025-06-01', '2025-05-21', 14, 'Devuelto', NULL, NULL, NULL, NULL, NULL);
INSERT INTO public.prestamo (id_prestamo, id_ejemplar, id_socio, id_empleado_prestamo, fecha_prestamo, fecha_limite, fecha_devolucion, id_empleado_devolucion, estado_prestamo, nombre, apellido, email, telefono, estado) OVERRIDING SYSTEM VALUE VALUES (415, 6, 66, 8, '2024-02-05', '2024-02-20', '2024-02-17', 9, 'Devuelto', NULL, NULL, NULL, NULL, NULL);
INSERT INTO public.prestamo (id_prestamo, id_ejemplar, id_socio, id_empleado_prestamo, fecha_prestamo, fecha_limite, fecha_devolucion, id_empleado_devolucion, estado_prestamo, nombre, apellido, email, telefono, estado) OVERRIDING SYSTEM VALUE VALUES (416, 197, 85, 11, '2024-12-20', '2025-01-04', NULL, NULL, 'Vencido', NULL, NULL, NULL, NULL, NULL);
INSERT INTO public.prestamo (id_prestamo, id_ejemplar, id_socio, id_empleado_prestamo, fecha_prestamo, fecha_limite, fecha_devolucion, id_empleado_devolucion, estado_prestamo, nombre, apellido, email, telefono, estado) OVERRIDING SYSTEM VALUE VALUES (417, 37, 84, 2, '2025-10-30', '2025-11-14', NULL, NULL, 'Vencido', NULL, NULL, NULL, NULL, NULL);
INSERT INTO public.prestamo (id_prestamo, id_ejemplar, id_socio, id_empleado_prestamo, fecha_prestamo, fecha_limite, fecha_devolucion, id_empleado_devolucion, estado_prestamo, nombre, apellido, email, telefono, estado) OVERRIDING SYSTEM VALUE VALUES (418, 169, 96, 1, '2024-06-16', '2024-07-01', NULL, NULL, 'Vencido', NULL, NULL, NULL, NULL, NULL);
INSERT INTO public.prestamo (id_prestamo, id_ejemplar, id_socio, id_empleado_prestamo, fecha_prestamo, fecha_limite, fecha_devolucion, id_empleado_devolucion, estado_prestamo, nombre, apellido, email, telefono, estado) OVERRIDING SYSTEM VALUE VALUES (419, 169, 81, 7, '2024-12-07', '2024-12-22', NULL, NULL, 'Vencido', NULL, NULL, NULL, NULL, NULL);
INSERT INTO public.prestamo (id_prestamo, id_ejemplar, id_socio, id_empleado_prestamo, fecha_prestamo, fecha_limite, fecha_devolucion, id_empleado_devolucion, estado_prestamo, nombre, apellido, email, telefono, estado) OVERRIDING SYSTEM VALUE VALUES (420, 177, 30, 8, '2025-06-23', '2025-07-08', NULL, NULL, 'Vencido', NULL, NULL, NULL, NULL, NULL);
INSERT INTO public.prestamo (id_prestamo, id_ejemplar, id_socio, id_empleado_prestamo, fecha_prestamo, fecha_limite, fecha_devolucion, id_empleado_devolucion, estado_prestamo, nombre, apellido, email, telefono, estado) OVERRIDING SYSTEM VALUE VALUES (421, 250, 7, 3, '2025-10-07', '2025-10-22', NULL, NULL, 'Vencido', NULL, NULL, NULL, NULL, NULL);
INSERT INTO public.prestamo (id_prestamo, id_ejemplar, id_socio, id_empleado_prestamo, fecha_prestamo, fecha_limite, fecha_devolucion, id_empleado_devolucion, estado_prestamo, nombre, apellido, email, telefono, estado) OVERRIDING SYSTEM VALUE VALUES (422, 108, 12, 6, '2025-06-15', '2025-06-30', '2025-06-26', NULL, 'Devuelto', NULL, NULL, NULL, NULL, NULL);
INSERT INTO public.prestamo (id_prestamo, id_ejemplar, id_socio, id_empleado_prestamo, fecha_prestamo, fecha_limite, fecha_devolucion, id_empleado_devolucion, estado_prestamo, nombre, apellido, email, telefono, estado) OVERRIDING SYSTEM VALUE VALUES (423, 263, 74, 4, '2025-04-04', '2025-04-19', '2025-04-12', 12, 'Devuelto', NULL, NULL, NULL, NULL, NULL);
INSERT INTO public.prestamo (id_prestamo, id_ejemplar, id_socio, id_empleado_prestamo, fecha_prestamo, fecha_limite, fecha_devolucion, id_empleado_devolucion, estado_prestamo, nombre, apellido, email, telefono, estado) OVERRIDING SYSTEM VALUE VALUES (424, 212, 74, 12, '2024-01-26', '2024-02-10', NULL, NULL, 'Vencido', NULL, NULL, NULL, NULL, NULL);
INSERT INTO public.prestamo (id_prestamo, id_ejemplar, id_socio, id_empleado_prestamo, fecha_prestamo, fecha_limite, fecha_devolucion, id_empleado_devolucion, estado_prestamo, nombre, apellido, email, telefono, estado) OVERRIDING SYSTEM VALUE VALUES (425, 38, 5, 14, '2024-05-13', '2024-05-28', NULL, NULL, 'Vencido', NULL, NULL, NULL, NULL, NULL);
INSERT INTO public.prestamo (id_prestamo, id_ejemplar, id_socio, id_empleado_prestamo, fecha_prestamo, fecha_limite, fecha_devolucion, id_empleado_devolucion, estado_prestamo, nombre, apellido, email, telefono, estado) OVERRIDING SYSTEM VALUE VALUES (426, 107, 33, 4, '2024-10-02', '2024-10-17', NULL, NULL, 'Vencido', NULL, NULL, NULL, NULL, NULL);
INSERT INTO public.prestamo (id_prestamo, id_ejemplar, id_socio, id_empleado_prestamo, fecha_prestamo, fecha_limite, fecha_devolucion, id_empleado_devolucion, estado_prestamo, nombre, apellido, email, telefono, estado) OVERRIDING SYSTEM VALUE VALUES (427, 99, 75, 11, '2025-08-14', '2025-08-29', NULL, NULL, 'Vencido', NULL, NULL, NULL, NULL, NULL);
INSERT INTO public.prestamo (id_prestamo, id_ejemplar, id_socio, id_empleado_prestamo, fecha_prestamo, fecha_limite, fecha_devolucion, id_empleado_devolucion, estado_prestamo, nombre, apellido, email, telefono, estado) OVERRIDING SYSTEM VALUE VALUES (428, 254, 24, 9, '2024-04-01', '2024-04-16', NULL, NULL, 'Vencido', NULL, NULL, NULL, NULL, NULL);
INSERT INTO public.prestamo (id_prestamo, id_ejemplar, id_socio, id_empleado_prestamo, fecha_prestamo, fecha_limite, fecha_devolucion, id_empleado_devolucion, estado_prestamo, nombre, apellido, email, telefono, estado) OVERRIDING SYSTEM VALUE VALUES (429, 18, 53, 6, '2025-03-15', '2025-03-30', '2025-03-19', 15, 'Devuelto', NULL, NULL, NULL, NULL, NULL);
INSERT INTO public.prestamo (id_prestamo, id_ejemplar, id_socio, id_empleado_prestamo, fecha_prestamo, fecha_limite, fecha_devolucion, id_empleado_devolucion, estado_prestamo, nombre, apellido, email, telefono, estado) OVERRIDING SYSTEM VALUE VALUES (430, 239, 67, 10, '2025-03-09', '2025-03-24', NULL, NULL, 'Vencido', NULL, NULL, NULL, NULL, NULL);
INSERT INTO public.prestamo (id_prestamo, id_ejemplar, id_socio, id_empleado_prestamo, fecha_prestamo, fecha_limite, fecha_devolucion, id_empleado_devolucion, estado_prestamo, nombre, apellido, email, telefono, estado) OVERRIDING SYSTEM VALUE VALUES (431, 171, 77, 14, '2025-10-06', '2025-10-21', NULL, NULL, 'Vencido', NULL, NULL, NULL, NULL, NULL);
INSERT INTO public.prestamo (id_prestamo, id_ejemplar, id_socio, id_empleado_prestamo, fecha_prestamo, fecha_limite, fecha_devolucion, id_empleado_devolucion, estado_prestamo, nombre, apellido, email, telefono, estado) OVERRIDING SYSTEM VALUE VALUES (432, 218, 80, 1, '2025-03-18', '2025-04-02', NULL, NULL, 'Vencido', NULL, NULL, NULL, NULL, NULL);
INSERT INTO public.prestamo (id_prestamo, id_ejemplar, id_socio, id_empleado_prestamo, fecha_prestamo, fecha_limite, fecha_devolucion, id_empleado_devolucion, estado_prestamo, nombre, apellido, email, telefono, estado) OVERRIDING SYSTEM VALUE VALUES (433, 168, 32, 8, '2024-10-20', '2024-11-04', NULL, NULL, 'Vencido', NULL, NULL, NULL, NULL, NULL);
INSERT INTO public.prestamo (id_prestamo, id_ejemplar, id_socio, id_empleado_prestamo, fecha_prestamo, fecha_limite, fecha_devolucion, id_empleado_devolucion, estado_prestamo, nombre, apellido, email, telefono, estado) OVERRIDING SYSTEM VALUE VALUES (434, 227, 48, 12, '2024-05-10', '2024-05-25', NULL, 13, 'Vencido', NULL, NULL, NULL, NULL, NULL);
INSERT INTO public.prestamo (id_prestamo, id_ejemplar, id_socio, id_empleado_prestamo, fecha_prestamo, fecha_limite, fecha_devolucion, id_empleado_devolucion, estado_prestamo, nombre, apellido, email, telefono, estado) OVERRIDING SYSTEM VALUE VALUES (435, 84, 16, 8, '2025-11-20', '2025-12-05', NULL, NULL, 'Vencido', NULL, NULL, NULL, NULL, NULL);
INSERT INTO public.prestamo (id_prestamo, id_ejemplar, id_socio, id_empleado_prestamo, fecha_prestamo, fecha_limite, fecha_devolucion, id_empleado_devolucion, estado_prestamo, nombre, apellido, email, telefono, estado) OVERRIDING SYSTEM VALUE VALUES (436, 244, 26, 12, '2025-11-18', '2025-12-03', '2025-12-02', NULL, 'Devuelto', NULL, NULL, NULL, NULL, NULL);
INSERT INTO public.prestamo (id_prestamo, id_ejemplar, id_socio, id_empleado_prestamo, fecha_prestamo, fecha_limite, fecha_devolucion, id_empleado_devolucion, estado_prestamo, nombre, apellido, email, telefono, estado) OVERRIDING SYSTEM VALUE VALUES (437, 8, 48, 10, '2025-09-22', '2025-10-07', NULL, NULL, 'Vencido', NULL, NULL, NULL, NULL, NULL);
INSERT INTO public.prestamo (id_prestamo, id_ejemplar, id_socio, id_empleado_prestamo, fecha_prestamo, fecha_limite, fecha_devolucion, id_empleado_devolucion, estado_prestamo, nombre, apellido, email, telefono, estado) OVERRIDING SYSTEM VALUE VALUES (438, 2, 25, 12, '2025-11-03', '2025-11-18', NULL, NULL, 'Vencido', NULL, NULL, NULL, NULL, NULL);
INSERT INTO public.prestamo (id_prestamo, id_ejemplar, id_socio, id_empleado_prestamo, fecha_prestamo, fecha_limite, fecha_devolucion, id_empleado_devolucion, estado_prestamo, nombre, apellido, email, telefono, estado) OVERRIDING SYSTEM VALUE VALUES (439, 20, 23, 15, '2024-11-16', '2024-12-01', '2024-11-22', 6, 'Devuelto', NULL, NULL, NULL, NULL, NULL);
INSERT INTO public.prestamo (id_prestamo, id_ejemplar, id_socio, id_empleado_prestamo, fecha_prestamo, fecha_limite, fecha_devolucion, id_empleado_devolucion, estado_prestamo, nombre, apellido, email, telefono, estado) OVERRIDING SYSTEM VALUE VALUES (440, 262, 28, 13, '2024-07-07', '2024-07-22', NULL, NULL, 'Vencido', NULL, NULL, NULL, NULL, NULL);
INSERT INTO public.prestamo (id_prestamo, id_ejemplar, id_socio, id_empleado_prestamo, fecha_prestamo, fecha_limite, fecha_devolucion, id_empleado_devolucion, estado_prestamo, nombre, apellido, email, telefono, estado) OVERRIDING SYSTEM VALUE VALUES (441, 6, 73, 5, '2025-12-04', '2025-12-19', NULL, NULL, 'Vencido', NULL, NULL, NULL, NULL, NULL);
INSERT INTO public.prestamo (id_prestamo, id_ejemplar, id_socio, id_empleado_prestamo, fecha_prestamo, fecha_limite, fecha_devolucion, id_empleado_devolucion, estado_prestamo, nombre, apellido, email, telefono, estado) OVERRIDING SYSTEM VALUE VALUES (442, 296, 50, 15, '2025-08-27', '2025-09-11', NULL, NULL, 'Vencido', NULL, NULL, NULL, NULL, NULL);
INSERT INTO public.prestamo (id_prestamo, id_ejemplar, id_socio, id_empleado_prestamo, fecha_prestamo, fecha_limite, fecha_devolucion, id_empleado_devolucion, estado_prestamo, nombre, apellido, email, telefono, estado) OVERRIDING SYSTEM VALUE VALUES (443, 172, 98, 1, '2024-03-26', '2024-04-10', NULL, NULL, 'Vencido', NULL, NULL, NULL, NULL, NULL);
INSERT INTO public.prestamo (id_prestamo, id_ejemplar, id_socio, id_empleado_prestamo, fecha_prestamo, fecha_limite, fecha_devolucion, id_empleado_devolucion, estado_prestamo, nombre, apellido, email, telefono, estado) OVERRIDING SYSTEM VALUE VALUES (444, 105, 3, 9, '2024-06-27', '2024-07-12', NULL, NULL, 'Vencido', NULL, NULL, NULL, NULL, NULL);
INSERT INTO public.prestamo (id_prestamo, id_ejemplar, id_socio, id_empleado_prestamo, fecha_prestamo, fecha_limite, fecha_devolucion, id_empleado_devolucion, estado_prestamo, nombre, apellido, email, telefono, estado) OVERRIDING SYSTEM VALUE VALUES (445, 259, 50, 5, '2025-12-15', '2025-12-30', NULL, 10, 'Vencido', NULL, NULL, NULL, NULL, NULL);
INSERT INTO public.prestamo (id_prestamo, id_ejemplar, id_socio, id_empleado_prestamo, fecha_prestamo, fecha_limite, fecha_devolucion, id_empleado_devolucion, estado_prestamo, nombre, apellido, email, telefono, estado) OVERRIDING SYSTEM VALUE VALUES (446, 86, 78, 10, '2024-09-22', '2024-10-07', NULL, NULL, 'Vencido', NULL, NULL, NULL, NULL, NULL);
INSERT INTO public.prestamo (id_prestamo, id_ejemplar, id_socio, id_empleado_prestamo, fecha_prestamo, fecha_limite, fecha_devolucion, id_empleado_devolucion, estado_prestamo, nombre, apellido, email, telefono, estado) OVERRIDING SYSTEM VALUE VALUES (447, 278, 58, 9, '2025-10-15', '2025-10-30', NULL, NULL, 'Vencido', NULL, NULL, NULL, NULL, NULL);
INSERT INTO public.prestamo (id_prestamo, id_ejemplar, id_socio, id_empleado_prestamo, fecha_prestamo, fecha_limite, fecha_devolucion, id_empleado_devolucion, estado_prestamo, nombre, apellido, email, telefono, estado) OVERRIDING SYSTEM VALUE VALUES (448, 122, 57, 13, '2024-12-10', '2024-12-25', NULL, NULL, 'Vencido', NULL, NULL, NULL, NULL, NULL);
INSERT INTO public.prestamo (id_prestamo, id_ejemplar, id_socio, id_empleado_prestamo, fecha_prestamo, fecha_limite, fecha_devolucion, id_empleado_devolucion, estado_prestamo, nombre, apellido, email, telefono, estado) OVERRIDING SYSTEM VALUE VALUES (449, 153, 13, 3, '2024-11-16', '2024-12-01', NULL, NULL, 'Vencido', NULL, NULL, NULL, NULL, NULL);
INSERT INTO public.prestamo (id_prestamo, id_ejemplar, id_socio, id_empleado_prestamo, fecha_prestamo, fecha_limite, fecha_devolucion, id_empleado_devolucion, estado_prestamo, nombre, apellido, email, telefono, estado) OVERRIDING SYSTEM VALUE VALUES (450, 198, 7, 2, '2025-10-09', '2025-10-24', NULL, NULL, 'Vencido', NULL, NULL, NULL, NULL, NULL);
INSERT INTO public.prestamo (id_prestamo, id_ejemplar, id_socio, id_empleado_prestamo, fecha_prestamo, fecha_limite, fecha_devolucion, id_empleado_devolucion, estado_prestamo, nombre, apellido, email, telefono, estado) OVERRIDING SYSTEM VALUE VALUES (451, 152, 47, 12, '2025-04-04', '2025-04-19', NULL, NULL, 'Vencido', NULL, NULL, NULL, NULL, NULL);
INSERT INTO public.prestamo (id_prestamo, id_ejemplar, id_socio, id_empleado_prestamo, fecha_prestamo, fecha_limite, fecha_devolucion, id_empleado_devolucion, estado_prestamo, nombre, apellido, email, telefono, estado) OVERRIDING SYSTEM VALUE VALUES (452, 47, 55, 4, '2025-07-19', '2025-08-03', '2025-07-27', 13, 'Devuelto', NULL, NULL, NULL, NULL, NULL);
INSERT INTO public.prestamo (id_prestamo, id_ejemplar, id_socio, id_empleado_prestamo, fecha_prestamo, fecha_limite, fecha_devolucion, id_empleado_devolucion, estado_prestamo, nombre, apellido, email, telefono, estado) OVERRIDING SYSTEM VALUE VALUES (453, 159, 49, 4, '2024-11-19', '2024-12-04', NULL, NULL, 'Vencido', NULL, NULL, NULL, NULL, NULL);
INSERT INTO public.prestamo (id_prestamo, id_ejemplar, id_socio, id_empleado_prestamo, fecha_prestamo, fecha_limite, fecha_devolucion, id_empleado_devolucion, estado_prestamo, nombre, apellido, email, telefono, estado) OVERRIDING SYSTEM VALUE VALUES (454, 278, 68, 9, '2025-07-18', '2025-08-02', NULL, NULL, 'Vencido', NULL, NULL, NULL, NULL, NULL);
INSERT INTO public.prestamo (id_prestamo, id_ejemplar, id_socio, id_empleado_prestamo, fecha_prestamo, fecha_limite, fecha_devolucion, id_empleado_devolucion, estado_prestamo, nombre, apellido, email, telefono, estado) OVERRIDING SYSTEM VALUE VALUES (455, 174, 5, 15, '2024-04-07', '2024-04-22', NULL, 8, 'Vencido', NULL, NULL, NULL, NULL, NULL);
INSERT INTO public.prestamo (id_prestamo, id_ejemplar, id_socio, id_empleado_prestamo, fecha_prestamo, fecha_limite, fecha_devolucion, id_empleado_devolucion, estado_prestamo, nombre, apellido, email, telefono, estado) OVERRIDING SYSTEM VALUE VALUES (456, 185, 90, 5, '2025-02-12', '2025-02-27', NULL, NULL, 'Vencido', NULL, NULL, NULL, NULL, NULL);
INSERT INTO public.prestamo (id_prestamo, id_ejemplar, id_socio, id_empleado_prestamo, fecha_prestamo, fecha_limite, fecha_devolucion, id_empleado_devolucion, estado_prestamo, nombre, apellido, email, telefono, estado) OVERRIDING SYSTEM VALUE VALUES (457, 226, 71, 9, '2024-11-26', '2024-12-11', NULL, NULL, 'Vencido', NULL, NULL, NULL, NULL, NULL);
INSERT INTO public.prestamo (id_prestamo, id_ejemplar, id_socio, id_empleado_prestamo, fecha_prestamo, fecha_limite, fecha_devolucion, id_empleado_devolucion, estado_prestamo, nombre, apellido, email, telefono, estado) OVERRIDING SYSTEM VALUE VALUES (458, 157, 40, 3, '2024-07-24', '2024-08-08', NULL, NULL, 'Vencido', NULL, NULL, NULL, NULL, NULL);
INSERT INTO public.prestamo (id_prestamo, id_ejemplar, id_socio, id_empleado_prestamo, fecha_prestamo, fecha_limite, fecha_devolucion, id_empleado_devolucion, estado_prestamo, nombre, apellido, email, telefono, estado) OVERRIDING SYSTEM VALUE VALUES (459, 271, 47, 4, '2024-01-25', '2024-02-09', '2024-01-28', 9, 'Devuelto', NULL, NULL, NULL, NULL, NULL);
INSERT INTO public.prestamo (id_prestamo, id_ejemplar, id_socio, id_empleado_prestamo, fecha_prestamo, fecha_limite, fecha_devolucion, id_empleado_devolucion, estado_prestamo, nombre, apellido, email, telefono, estado) OVERRIDING SYSTEM VALUE VALUES (460, 195, 9, 1, '2024-10-14', '2024-10-29', NULL, NULL, 'Vencido', NULL, NULL, NULL, NULL, NULL);
INSERT INTO public.prestamo (id_prestamo, id_ejemplar, id_socio, id_empleado_prestamo, fecha_prestamo, fecha_limite, fecha_devolucion, id_empleado_devolucion, estado_prestamo, nombre, apellido, email, telefono, estado) OVERRIDING SYSTEM VALUE VALUES (461, 206, 67, 6, '2025-01-18', '2025-02-02', NULL, NULL, 'Vencido', NULL, NULL, NULL, NULL, NULL);
INSERT INTO public.prestamo (id_prestamo, id_ejemplar, id_socio, id_empleado_prestamo, fecha_prestamo, fecha_limite, fecha_devolucion, id_empleado_devolucion, estado_prestamo, nombre, apellido, email, telefono, estado) OVERRIDING SYSTEM VALUE VALUES (462, 71, 22, 12, '2024-09-20', '2024-10-05', NULL, NULL, 'Vencido', NULL, NULL, NULL, NULL, NULL);
INSERT INTO public.prestamo (id_prestamo, id_ejemplar, id_socio, id_empleado_prestamo, fecha_prestamo, fecha_limite, fecha_devolucion, id_empleado_devolucion, estado_prestamo, nombre, apellido, email, telefono, estado) OVERRIDING SYSTEM VALUE VALUES (463, 202, 42, 2, '2025-05-17', '2025-06-01', NULL, NULL, 'Vencido', NULL, NULL, NULL, NULL, NULL);
INSERT INTO public.prestamo (id_prestamo, id_ejemplar, id_socio, id_empleado_prestamo, fecha_prestamo, fecha_limite, fecha_devolucion, id_empleado_devolucion, estado_prestamo, nombre, apellido, email, telefono, estado) OVERRIDING SYSTEM VALUE VALUES (464, 146, 56, 15, '2025-07-18', '2025-08-02', NULL, NULL, 'Vencido', NULL, NULL, NULL, NULL, NULL);
INSERT INTO public.prestamo (id_prestamo, id_ejemplar, id_socio, id_empleado_prestamo, fecha_prestamo, fecha_limite, fecha_devolucion, id_empleado_devolucion, estado_prestamo, nombre, apellido, email, telefono, estado) OVERRIDING SYSTEM VALUE VALUES (465, 136, 91, 11, '2025-04-06', '2025-04-21', NULL, NULL, 'Vencido', NULL, NULL, NULL, NULL, NULL);
INSERT INTO public.prestamo (id_prestamo, id_ejemplar, id_socio, id_empleado_prestamo, fecha_prestamo, fecha_limite, fecha_devolucion, id_empleado_devolucion, estado_prestamo, nombre, apellido, email, telefono, estado) OVERRIDING SYSTEM VALUE VALUES (466, 128, 93, 7, '2025-09-02', '2025-09-17', NULL, NULL, 'Vencido', NULL, NULL, NULL, NULL, NULL);
INSERT INTO public.prestamo (id_prestamo, id_ejemplar, id_socio, id_empleado_prestamo, fecha_prestamo, fecha_limite, fecha_devolucion, id_empleado_devolucion, estado_prestamo, nombre, apellido, email, telefono, estado) OVERRIDING SYSTEM VALUE VALUES (467, 151, 54, 12, '2025-08-30', '2025-09-14', NULL, NULL, 'Vencido', NULL, NULL, NULL, NULL, NULL);
INSERT INTO public.prestamo (id_prestamo, id_ejemplar, id_socio, id_empleado_prestamo, fecha_prestamo, fecha_limite, fecha_devolucion, id_empleado_devolucion, estado_prestamo, nombre, apellido, email, telefono, estado) OVERRIDING SYSTEM VALUE VALUES (468, 103, 21, 14, '2024-08-31', '2024-09-15', NULL, NULL, 'Vencido', NULL, NULL, NULL, NULL, NULL);
INSERT INTO public.prestamo (id_prestamo, id_ejemplar, id_socio, id_empleado_prestamo, fecha_prestamo, fecha_limite, fecha_devolucion, id_empleado_devolucion, estado_prestamo, nombre, apellido, email, telefono, estado) OVERRIDING SYSTEM VALUE VALUES (469, 153, 35, 7, '2024-09-12', '2024-09-27', NULL, NULL, 'Vencido', NULL, NULL, NULL, NULL, NULL);
INSERT INTO public.prestamo (id_prestamo, id_ejemplar, id_socio, id_empleado_prestamo, fecha_prestamo, fecha_limite, fecha_devolucion, id_empleado_devolucion, estado_prestamo, nombre, apellido, email, telefono, estado) OVERRIDING SYSTEM VALUE VALUES (470, 77, 59, 12, '2024-04-11', '2024-04-26', '2024-04-21', 10, 'Devuelto', NULL, NULL, NULL, NULL, NULL);
INSERT INTO public.prestamo (id_prestamo, id_ejemplar, id_socio, id_empleado_prestamo, fecha_prestamo, fecha_limite, fecha_devolucion, id_empleado_devolucion, estado_prestamo, nombre, apellido, email, telefono, estado) OVERRIDING SYSTEM VALUE VALUES (471, 97, 25, 12, '2024-10-26', '2024-11-10', NULL, 3, 'Vencido', NULL, NULL, NULL, NULL, NULL);
INSERT INTO public.prestamo (id_prestamo, id_ejemplar, id_socio, id_empleado_prestamo, fecha_prestamo, fecha_limite, fecha_devolucion, id_empleado_devolucion, estado_prestamo, nombre, apellido, email, telefono, estado) OVERRIDING SYSTEM VALUE VALUES (472, 75, 42, 11, '2024-05-19', '2024-06-03', NULL, NULL, 'Vencido', NULL, NULL, NULL, NULL, NULL);
INSERT INTO public.prestamo (id_prestamo, id_ejemplar, id_socio, id_empleado_prestamo, fecha_prestamo, fecha_limite, fecha_devolucion, id_empleado_devolucion, estado_prestamo, nombre, apellido, email, telefono, estado) OVERRIDING SYSTEM VALUE VALUES (473, 84, 45, 15, '2024-12-12', '2024-12-27', NULL, NULL, 'Vencido', NULL, NULL, NULL, NULL, NULL);
INSERT INTO public.prestamo (id_prestamo, id_ejemplar, id_socio, id_empleado_prestamo, fecha_prestamo, fecha_limite, fecha_devolucion, id_empleado_devolucion, estado_prestamo, nombre, apellido, email, telefono, estado) OVERRIDING SYSTEM VALUE VALUES (474, 58, 88, 6, '2025-02-24', '2025-03-11', NULL, NULL, 'Vencido', NULL, NULL, NULL, NULL, NULL);
INSERT INTO public.prestamo (id_prestamo, id_ejemplar, id_socio, id_empleado_prestamo, fecha_prestamo, fecha_limite, fecha_devolucion, id_empleado_devolucion, estado_prestamo, nombre, apellido, email, telefono, estado) OVERRIDING SYSTEM VALUE VALUES (475, 25, 29, 2, '2025-06-01', '2025-06-16', '2025-06-06', 11, 'Devuelto', NULL, NULL, NULL, NULL, NULL);
INSERT INTO public.prestamo (id_prestamo, id_ejemplar, id_socio, id_empleado_prestamo, fecha_prestamo, fecha_limite, fecha_devolucion, id_empleado_devolucion, estado_prestamo, nombre, apellido, email, telefono, estado) OVERRIDING SYSTEM VALUE VALUES (476, 193, 48, 12, '2025-12-08', '2025-12-23', NULL, NULL, 'Vencido', NULL, NULL, NULL, NULL, NULL);
INSERT INTO public.prestamo (id_prestamo, id_ejemplar, id_socio, id_empleado_prestamo, fecha_prestamo, fecha_limite, fecha_devolucion, id_empleado_devolucion, estado_prestamo, nombre, apellido, email, telefono, estado) OVERRIDING SYSTEM VALUE VALUES (477, 154, 2, 11, '2024-01-02', '2024-01-17', NULL, NULL, 'Vencido', NULL, NULL, NULL, NULL, NULL);
INSERT INTO public.prestamo (id_prestamo, id_ejemplar, id_socio, id_empleado_prestamo, fecha_prestamo, fecha_limite, fecha_devolucion, id_empleado_devolucion, estado_prestamo, nombre, apellido, email, telefono, estado) OVERRIDING SYSTEM VALUE VALUES (478, 138, 67, 13, '2024-11-11', '2024-11-26', NULL, NULL, 'Vencido', NULL, NULL, NULL, NULL, NULL);
INSERT INTO public.prestamo (id_prestamo, id_ejemplar, id_socio, id_empleado_prestamo, fecha_prestamo, fecha_limite, fecha_devolucion, id_empleado_devolucion, estado_prestamo, nombre, apellido, email, telefono, estado) OVERRIDING SYSTEM VALUE VALUES (479, 81, 56, 11, '2025-11-23', '2025-12-08', NULL, 4, 'Vencido', NULL, NULL, NULL, NULL, NULL);
INSERT INTO public.prestamo (id_prestamo, id_ejemplar, id_socio, id_empleado_prestamo, fecha_prestamo, fecha_limite, fecha_devolucion, id_empleado_devolucion, estado_prestamo, nombre, apellido, email, telefono, estado) OVERRIDING SYSTEM VALUE VALUES (480, 230, 30, 1, '2024-12-29', '2025-01-13', NULL, NULL, 'Vencido', NULL, NULL, NULL, NULL, NULL);
INSERT INTO public.prestamo (id_prestamo, id_ejemplar, id_socio, id_empleado_prestamo, fecha_prestamo, fecha_limite, fecha_devolucion, id_empleado_devolucion, estado_prestamo, nombre, apellido, email, telefono, estado) OVERRIDING SYSTEM VALUE VALUES (481, 72, 81, 10, '2024-12-07', '2024-12-22', NULL, NULL, 'Vencido', NULL, NULL, NULL, NULL, NULL);
INSERT INTO public.prestamo (id_prestamo, id_ejemplar, id_socio, id_empleado_prestamo, fecha_prestamo, fecha_limite, fecha_devolucion, id_empleado_devolucion, estado_prestamo, nombre, apellido, email, telefono, estado) OVERRIDING SYSTEM VALUE VALUES (482, 74, 68, 5, '2024-06-01', '2024-06-16', '2024-06-13', 13, 'Devuelto', NULL, NULL, NULL, NULL, NULL);
INSERT INTO public.prestamo (id_prestamo, id_ejemplar, id_socio, id_empleado_prestamo, fecha_prestamo, fecha_limite, fecha_devolucion, id_empleado_devolucion, estado_prestamo, nombre, apellido, email, telefono, estado) OVERRIDING SYSTEM VALUE VALUES (483, 102, 8, 8, '2025-03-23', '2025-04-07', NULL, NULL, 'Vencido', NULL, NULL, NULL, NULL, NULL);
INSERT INTO public.prestamo (id_prestamo, id_ejemplar, id_socio, id_empleado_prestamo, fecha_prestamo, fecha_limite, fecha_devolucion, id_empleado_devolucion, estado_prestamo, nombre, apellido, email, telefono, estado) OVERRIDING SYSTEM VALUE VALUES (484, 55, 88, 11, '2025-12-22', '2026-01-06', NULL, NULL, 'Vencido', NULL, NULL, NULL, NULL, NULL);
INSERT INTO public.prestamo (id_prestamo, id_ejemplar, id_socio, id_empleado_prestamo, fecha_prestamo, fecha_limite, fecha_devolucion, id_empleado_devolucion, estado_prestamo, nombre, apellido, email, telefono, estado) OVERRIDING SYSTEM VALUE VALUES (485, 275, 72, 1, '2025-02-13', '2025-02-28', NULL, NULL, 'Vencido', NULL, NULL, NULL, NULL, NULL);
INSERT INTO public.prestamo (id_prestamo, id_ejemplar, id_socio, id_empleado_prestamo, fecha_prestamo, fecha_limite, fecha_devolucion, id_empleado_devolucion, estado_prestamo, nombre, apellido, email, telefono, estado) OVERRIDING SYSTEM VALUE VALUES (486, 163, 32, 4, '2025-10-02', '2025-10-17', '2025-10-10', NULL, 'Devuelto', NULL, NULL, NULL, NULL, NULL);
INSERT INTO public.prestamo (id_prestamo, id_ejemplar, id_socio, id_empleado_prestamo, fecha_prestamo, fecha_limite, fecha_devolucion, id_empleado_devolucion, estado_prestamo, nombre, apellido, email, telefono, estado) OVERRIDING SYSTEM VALUE VALUES (487, 157, 37, 12, '2024-12-02', '2024-12-17', NULL, NULL, 'Vencido', NULL, NULL, NULL, NULL, NULL);
INSERT INTO public.prestamo (id_prestamo, id_ejemplar, id_socio, id_empleado_prestamo, fecha_prestamo, fecha_limite, fecha_devolucion, id_empleado_devolucion, estado_prestamo, nombre, apellido, email, telefono, estado) OVERRIDING SYSTEM VALUE VALUES (488, 98, 14, 3, '2024-03-08', '2024-03-23', '2024-03-11', 5, 'Devuelto', NULL, NULL, NULL, NULL, NULL);
INSERT INTO public.prestamo (id_prestamo, id_ejemplar, id_socio, id_empleado_prestamo, fecha_prestamo, fecha_limite, fecha_devolucion, id_empleado_devolucion, estado_prestamo, nombre, apellido, email, telefono, estado) OVERRIDING SYSTEM VALUE VALUES (489, 3, 32, 10, '2024-12-27', '2025-01-11', NULL, 9, 'Vencido', NULL, NULL, NULL, NULL, NULL);
INSERT INTO public.prestamo (id_prestamo, id_ejemplar, id_socio, id_empleado_prestamo, fecha_prestamo, fecha_limite, fecha_devolucion, id_empleado_devolucion, estado_prestamo, nombre, apellido, email, telefono, estado) OVERRIDING SYSTEM VALUE VALUES (490, 251, 5, 10, '2025-03-23', '2025-04-07', NULL, NULL, 'Vencido', NULL, NULL, NULL, NULL, NULL);
INSERT INTO public.prestamo (id_prestamo, id_ejemplar, id_socio, id_empleado_prestamo, fecha_prestamo, fecha_limite, fecha_devolucion, id_empleado_devolucion, estado_prestamo, nombre, apellido, email, telefono, estado) OVERRIDING SYSTEM VALUE VALUES (491, 47, 5, 2, '2024-03-18', '2024-04-02', NULL, 13, 'Vencido', NULL, NULL, NULL, NULL, NULL);
INSERT INTO public.prestamo (id_prestamo, id_ejemplar, id_socio, id_empleado_prestamo, fecha_prestamo, fecha_limite, fecha_devolucion, id_empleado_devolucion, estado_prestamo, nombre, apellido, email, telefono, estado) OVERRIDING SYSTEM VALUE VALUES (492, 283, 48, 9, '2025-04-21', '2025-05-06', NULL, NULL, 'Vencido', NULL, NULL, NULL, NULL, NULL);
INSERT INTO public.prestamo (id_prestamo, id_ejemplar, id_socio, id_empleado_prestamo, fecha_prestamo, fecha_limite, fecha_devolucion, id_empleado_devolucion, estado_prestamo, nombre, apellido, email, telefono, estado) OVERRIDING SYSTEM VALUE VALUES (493, 17, 65, 15, '2024-07-21', '2024-08-05', '2024-07-30', NULL, 'Devuelto', NULL, NULL, NULL, NULL, NULL);
INSERT INTO public.prestamo (id_prestamo, id_ejemplar, id_socio, id_empleado_prestamo, fecha_prestamo, fecha_limite, fecha_devolucion, id_empleado_devolucion, estado_prestamo, nombre, apellido, email, telefono, estado) OVERRIDING SYSTEM VALUE VALUES (494, 138, 74, 2, '2024-09-22', '2024-10-07', NULL, 11, 'Vencido', NULL, NULL, NULL, NULL, NULL);
INSERT INTO public.prestamo (id_prestamo, id_ejemplar, id_socio, id_empleado_prestamo, fecha_prestamo, fecha_limite, fecha_devolucion, id_empleado_devolucion, estado_prestamo, nombre, apellido, email, telefono, estado) OVERRIDING SYSTEM VALUE VALUES (495, 47, 8, 2, '2025-03-07', '2025-03-22', NULL, 5, 'Vencido', NULL, NULL, NULL, NULL, NULL);
INSERT INTO public.prestamo (id_prestamo, id_ejemplar, id_socio, id_empleado_prestamo, fecha_prestamo, fecha_limite, fecha_devolucion, id_empleado_devolucion, estado_prestamo, nombre, apellido, email, telefono, estado) OVERRIDING SYSTEM VALUE VALUES (496, 124, 81, 5, '2024-05-20', '2024-06-04', NULL, NULL, 'Vencido', NULL, NULL, NULL, NULL, NULL);
INSERT INTO public.prestamo (id_prestamo, id_ejemplar, id_socio, id_empleado_prestamo, fecha_prestamo, fecha_limite, fecha_devolucion, id_empleado_devolucion, estado_prestamo, nombre, apellido, email, telefono, estado) OVERRIDING SYSTEM VALUE VALUES (497, 294, 74, 6, '2024-05-08', '2024-05-23', '2024-05-20', 14, 'Devuelto', NULL, NULL, NULL, NULL, NULL);
INSERT INTO public.prestamo (id_prestamo, id_ejemplar, id_socio, id_empleado_prestamo, fecha_prestamo, fecha_limite, fecha_devolucion, id_empleado_devolucion, estado_prestamo, nombre, apellido, email, telefono, estado) OVERRIDING SYSTEM VALUE VALUES (498, 9, 44, 9, '2024-10-26', '2024-11-10', NULL, NULL, 'Vencido', NULL, NULL, NULL, NULL, NULL);
INSERT INTO public.prestamo (id_prestamo, id_ejemplar, id_socio, id_empleado_prestamo, fecha_prestamo, fecha_limite, fecha_devolucion, id_empleado_devolucion, estado_prestamo, nombre, apellido, email, telefono, estado) OVERRIDING SYSTEM VALUE VALUES (499, 150, 35, 8, '2024-07-04', '2024-07-19', NULL, NULL, 'Vencido', NULL, NULL, NULL, NULL, NULL);
INSERT INTO public.prestamo (id_prestamo, id_ejemplar, id_socio, id_empleado_prestamo, fecha_prestamo, fecha_limite, fecha_devolucion, id_empleado_devolucion, estado_prestamo, nombre, apellido, email, telefono, estado) OVERRIDING SYSTEM VALUE VALUES (500, 227, 9, 12, '2025-02-04', '2025-02-19', NULL, NULL, 'Vencido', NULL, NULL, NULL, NULL, NULL);


--
-- Data for Name: tarifa_multa; Type: TABLE DATA; Schema: public; Owner: postgres
--

INSERT INTO public.tarifa_multa (id_tarifa, descripcion, precio_por_dia) OVERRIDING SYSTEM VALUE VALUES (1, 'Estudiante ', 0.50);
INSERT INTO public.tarifa_multa (id_tarifa, descripcion, precio_por_dia) OVERRIDING SYSTEM VALUE VALUES (2, 'General ', 1.00);


--
-- Data for Name: multa; Type: TABLE DATA; Schema: public; Owner: postgres
--

INSERT INTO public.multa (id_multa, id_prestamo, id_tarifa, dias_retraso, monto_total, estado_pago) OVERRIDING SYSTEM VALUE VALUES (1, 131, 2, 421, 421.00, 'Pendiente');
INSERT INTO public.multa (id_multa, id_prestamo, id_tarifa, dias_retraso, monto_total, estado_pago) OVERRIDING SYSTEM VALUE VALUES (2, 132, 2, 158, 158.00, 'Pendiente');
INSERT INTO public.multa (id_multa, id_prestamo, id_tarifa, dias_retraso, monto_total, estado_pago) OVERRIDING SYSTEM VALUE VALUES (3, 134, 2, 692, 692.00, 'Pendiente');
INSERT INTO public.multa (id_multa, id_prestamo, id_tarifa, dias_retraso, monto_total, estado_pago) OVERRIDING SYSTEM VALUE VALUES (4, 135, 2, 187, 187.00, 'Pendiente');
INSERT INTO public.multa (id_multa, id_prestamo, id_tarifa, dias_retraso, monto_total, estado_pago) OVERRIDING SYSTEM VALUE VALUES (5, 136, 2, 534, 534.00, 'Pendiente');
INSERT INTO public.multa (id_multa, id_prestamo, id_tarifa, dias_retraso, monto_total, estado_pago) OVERRIDING SYSTEM VALUE VALUES (6, 137, 2, 213, 213.00, 'Pendiente');
INSERT INTO public.multa (id_multa, id_prestamo, id_tarifa, dias_retraso, monto_total, estado_pago) OVERRIDING SYSTEM VALUE VALUES (7, 138, 2, 561, 561.00, 'Pendiente');
INSERT INTO public.multa (id_multa, id_prestamo, id_tarifa, dias_retraso, monto_total, estado_pago) OVERRIDING SYSTEM VALUE VALUES (8, 140, 2, 486, 486.00, 'Pendiente');
INSERT INTO public.multa (id_multa, id_prestamo, id_tarifa, dias_retraso, monto_total, estado_pago) OVERRIDING SYSTEM VALUE VALUES (9, 141, 2, 797, 797.00, 'Pendiente');
INSERT INTO public.multa (id_multa, id_prestamo, id_tarifa, dias_retraso, monto_total, estado_pago) OVERRIDING SYSTEM VALUE VALUES (10, 142, 2, 720, 720.00, 'Pendiente');
INSERT INTO public.multa (id_multa, id_prestamo, id_tarifa, dias_retraso, monto_total, estado_pago) OVERRIDING SYSTEM VALUE VALUES (11, 144, 2, 579, 579.00, 'Pendiente');
INSERT INTO public.multa (id_multa, id_prestamo, id_tarifa, dias_retraso, monto_total, estado_pago) OVERRIDING SYSTEM VALUE VALUES (12, 145, 2, 368, 368.00, 'Pendiente');
INSERT INTO public.multa (id_multa, id_prestamo, id_tarifa, dias_retraso, monto_total, estado_pago) OVERRIDING SYSTEM VALUE VALUES (13, 147, 2, 320, 320.00, 'Pendiente');
INSERT INTO public.multa (id_multa, id_prestamo, id_tarifa, dias_retraso, monto_total, estado_pago) OVERRIDING SYSTEM VALUE VALUES (14, 148, 2, 717, 717.00, 'Pendiente');
INSERT INTO public.multa (id_multa, id_prestamo, id_tarifa, dias_retraso, monto_total, estado_pago) OVERRIDING SYSTEM VALUE VALUES (15, 149, 2, 548, 548.00, 'Pendiente');
INSERT INTO public.multa (id_multa, id_prestamo, id_tarifa, dias_retraso, monto_total, estado_pago) OVERRIDING SYSTEM VALUE VALUES (16, 150, 2, 838, 838.00, 'Pendiente');
INSERT INTO public.multa (id_multa, id_prestamo, id_tarifa, dias_retraso, monto_total, estado_pago) OVERRIDING SYSTEM VALUE VALUES (17, 151, 2, 325, 325.00, 'Pendiente');
INSERT INTO public.multa (id_multa, id_prestamo, id_tarifa, dias_retraso, monto_total, estado_pago) OVERRIDING SYSTEM VALUE VALUES (18, 153, 2, 403, 403.00, 'Pendiente');
INSERT INTO public.multa (id_multa, id_prestamo, id_tarifa, dias_retraso, monto_total, estado_pago) OVERRIDING SYSTEM VALUE VALUES (19, 154, 2, 820, 820.00, 'Pendiente');
INSERT INTO public.multa (id_multa, id_prestamo, id_tarifa, dias_retraso, monto_total, estado_pago) OVERRIDING SYSTEM VALUE VALUES (20, 155, 2, 268, 268.00, 'Pendiente');
INSERT INTO public.multa (id_multa, id_prestamo, id_tarifa, dias_retraso, monto_total, estado_pago) OVERRIDING SYSTEM VALUE VALUES (21, 156, 2, 285, 285.00, 'Pendiente');
INSERT INTO public.multa (id_multa, id_prestamo, id_tarifa, dias_retraso, monto_total, estado_pago) OVERRIDING SYSTEM VALUE VALUES (22, 157, 2, 323, 323.00, 'Pendiente');
INSERT INTO public.multa (id_multa, id_prestamo, id_tarifa, dias_retraso, monto_total, estado_pago) OVERRIDING SYSTEM VALUE VALUES (23, 158, 2, 788, 788.00, 'Pendiente');
INSERT INTO public.multa (id_multa, id_prestamo, id_tarifa, dias_retraso, monto_total, estado_pago) OVERRIDING SYSTEM VALUE VALUES (24, 159, 2, 637, 637.00, 'Pendiente');
INSERT INTO public.multa (id_multa, id_prestamo, id_tarifa, dias_retraso, monto_total, estado_pago) OVERRIDING SYSTEM VALUE VALUES (25, 160, 2, 270, 270.00, 'Pendiente');
INSERT INTO public.multa (id_multa, id_prestamo, id_tarifa, dias_retraso, monto_total, estado_pago) OVERRIDING SYSTEM VALUE VALUES (26, 161, 2, 512, 512.00, 'Pendiente');
INSERT INTO public.multa (id_multa, id_prestamo, id_tarifa, dias_retraso, monto_total, estado_pago) OVERRIDING SYSTEM VALUE VALUES (27, 162, 2, 799, 799.00, 'Pendiente');
INSERT INTO public.multa (id_multa, id_prestamo, id_tarifa, dias_retraso, monto_total, estado_pago) OVERRIDING SYSTEM VALUE VALUES (28, 163, 2, 189, 189.00, 'Pendiente');
INSERT INTO public.multa (id_multa, id_prestamo, id_tarifa, dias_retraso, monto_total, estado_pago) OVERRIDING SYSTEM VALUE VALUES (29, 164, 2, 174, 174.00, 'Pendiente');
INSERT INTO public.multa (id_multa, id_prestamo, id_tarifa, dias_retraso, monto_total, estado_pago) OVERRIDING SYSTEM VALUE VALUES (30, 165, 2, 391, 391.00, 'Pendiente');
INSERT INTO public.multa (id_multa, id_prestamo, id_tarifa, dias_retraso, monto_total, estado_pago) OVERRIDING SYSTEM VALUE VALUES (31, 166, 2, 853, 853.00, 'Pendiente');
INSERT INTO public.multa (id_multa, id_prestamo, id_tarifa, dias_retraso, monto_total, estado_pago) OVERRIDING SYSTEM VALUE VALUES (32, 168, 2, 277, 277.00, 'Pendiente');
INSERT INTO public.multa (id_multa, id_prestamo, id_tarifa, dias_retraso, monto_total, estado_pago) OVERRIDING SYSTEM VALUE VALUES (33, 170, 2, 787, 787.00, 'Pendiente');
INSERT INTO public.multa (id_multa, id_prestamo, id_tarifa, dias_retraso, monto_total, estado_pago) OVERRIDING SYSTEM VALUE VALUES (34, 171, 2, 205, 205.00, 'Pendiente');
INSERT INTO public.multa (id_multa, id_prestamo, id_tarifa, dias_retraso, monto_total, estado_pago) OVERRIDING SYSTEM VALUE VALUES (35, 172, 2, 550, 550.00, 'Pendiente');
INSERT INTO public.multa (id_multa, id_prestamo, id_tarifa, dias_retraso, monto_total, estado_pago) OVERRIDING SYSTEM VALUE VALUES (36, 173, 2, 868, 868.00, 'Pendiente');
INSERT INTO public.multa (id_multa, id_prestamo, id_tarifa, dias_retraso, monto_total, estado_pago) OVERRIDING SYSTEM VALUE VALUES (37, 175, 2, 641, 641.00, 'Pendiente');
INSERT INTO public.multa (id_multa, id_prestamo, id_tarifa, dias_retraso, monto_total, estado_pago) OVERRIDING SYSTEM VALUE VALUES (38, 176, 2, 277, 277.00, 'Pendiente');
INSERT INTO public.multa (id_multa, id_prestamo, id_tarifa, dias_retraso, monto_total, estado_pago) OVERRIDING SYSTEM VALUE VALUES (39, 177, 2, 599, 599.00, 'Pendiente');
INSERT INTO public.multa (id_multa, id_prestamo, id_tarifa, dias_retraso, monto_total, estado_pago) OVERRIDING SYSTEM VALUE VALUES (40, 178, 2, 333, 333.00, 'Pendiente');
INSERT INTO public.multa (id_multa, id_prestamo, id_tarifa, dias_retraso, monto_total, estado_pago) OVERRIDING SYSTEM VALUE VALUES (41, 179, 2, 273, 273.00, 'Pendiente');
INSERT INTO public.multa (id_multa, id_prestamo, id_tarifa, dias_retraso, monto_total, estado_pago) OVERRIDING SYSTEM VALUE VALUES (42, 182, 2, 830, 830.00, 'Pendiente');
INSERT INTO public.multa (id_multa, id_prestamo, id_tarifa, dias_retraso, monto_total, estado_pago) OVERRIDING SYSTEM VALUE VALUES (43, 183, 2, 464, 464.00, 'Pendiente');
INSERT INTO public.multa (id_multa, id_prestamo, id_tarifa, dias_retraso, monto_total, estado_pago) OVERRIDING SYSTEM VALUE VALUES (44, 184, 2, 247, 247.00, 'Pendiente');
INSERT INTO public.multa (id_multa, id_prestamo, id_tarifa, dias_retraso, monto_total, estado_pago) OVERRIDING SYSTEM VALUE VALUES (45, 185, 2, 716, 716.00, 'Pendiente');
INSERT INTO public.multa (id_multa, id_prestamo, id_tarifa, dias_retraso, monto_total, estado_pago) OVERRIDING SYSTEM VALUE VALUES (46, 188, 2, 302, 302.00, 'Pendiente');
INSERT INTO public.multa (id_multa, id_prestamo, id_tarifa, dias_retraso, monto_total, estado_pago) OVERRIDING SYSTEM VALUE VALUES (47, 189, 2, 564, 564.00, 'Pendiente');
INSERT INTO public.multa (id_multa, id_prestamo, id_tarifa, dias_retraso, monto_total, estado_pago) OVERRIDING SYSTEM VALUE VALUES (48, 190, 2, 297, 297.00, 'Pendiente');
INSERT INTO public.multa (id_multa, id_prestamo, id_tarifa, dias_retraso, monto_total, estado_pago) OVERRIDING SYSTEM VALUE VALUES (49, 191, 2, 226, 226.00, 'Pendiente');
INSERT INTO public.multa (id_multa, id_prestamo, id_tarifa, dias_retraso, monto_total, estado_pago) OVERRIDING SYSTEM VALUE VALUES (50, 192, 2, 802, 802.00, 'Pendiente');
INSERT INTO public.multa (id_multa, id_prestamo, id_tarifa, dias_retraso, monto_total, estado_pago) OVERRIDING SYSTEM VALUE VALUES (51, 193, 2, 572, 572.00, 'Pendiente');
INSERT INTO public.multa (id_multa, id_prestamo, id_tarifa, dias_retraso, monto_total, estado_pago) OVERRIDING SYSTEM VALUE VALUES (52, 194, 2, 237, 237.00, 'Pendiente');
INSERT INTO public.multa (id_multa, id_prestamo, id_tarifa, dias_retraso, monto_total, estado_pago) OVERRIDING SYSTEM VALUE VALUES (53, 196, 2, 649, 649.00, 'Pendiente');
INSERT INTO public.multa (id_multa, id_prestamo, id_tarifa, dias_retraso, monto_total, estado_pago) OVERRIDING SYSTEM VALUE VALUES (54, 197, 2, 244, 244.00, 'Pendiente');
INSERT INTO public.multa (id_multa, id_prestamo, id_tarifa, dias_retraso, monto_total, estado_pago) OVERRIDING SYSTEM VALUE VALUES (55, 198, 2, 471, 471.00, 'Pendiente');
INSERT INTO public.multa (id_multa, id_prestamo, id_tarifa, dias_retraso, monto_total, estado_pago) OVERRIDING SYSTEM VALUE VALUES (56, 199, 2, 485, 485.00, 'Pendiente');
INSERT INTO public.multa (id_multa, id_prestamo, id_tarifa, dias_retraso, monto_total, estado_pago) OVERRIDING SYSTEM VALUE VALUES (57, 200, 2, 301, 301.00, 'Pendiente');
INSERT INTO public.multa (id_multa, id_prestamo, id_tarifa, dias_retraso, monto_total, estado_pago) OVERRIDING SYSTEM VALUE VALUES (58, 202, 2, 433, 433.00, 'Pendiente');
INSERT INTO public.multa (id_multa, id_prestamo, id_tarifa, dias_retraso, monto_total, estado_pago) OVERRIDING SYSTEM VALUE VALUES (59, 204, 2, 688, 688.00, 'Pendiente');
INSERT INTO public.multa (id_multa, id_prestamo, id_tarifa, dias_retraso, monto_total, estado_pago) OVERRIDING SYSTEM VALUE VALUES (60, 205, 2, 506, 506.00, 'Pendiente');
INSERT INTO public.multa (id_multa, id_prestamo, id_tarifa, dias_retraso, monto_total, estado_pago) OVERRIDING SYSTEM VALUE VALUES (61, 206, 2, 777, 777.00, 'Pendiente');
INSERT INTO public.multa (id_multa, id_prestamo, id_tarifa, dias_retraso, monto_total, estado_pago) OVERRIDING SYSTEM VALUE VALUES (62, 207, 2, 152, 152.00, 'Pendiente');
INSERT INTO public.multa (id_multa, id_prestamo, id_tarifa, dias_retraso, monto_total, estado_pago) OVERRIDING SYSTEM VALUE VALUES (63, 210, 2, 153, 153.00, 'Pendiente');
INSERT INTO public.multa (id_multa, id_prestamo, id_tarifa, dias_retraso, monto_total, estado_pago) OVERRIDING SYSTEM VALUE VALUES (64, 211, 2, 342, 342.00, 'Pendiente');
INSERT INTO public.multa (id_multa, id_prestamo, id_tarifa, dias_retraso, monto_total, estado_pago) OVERRIDING SYSTEM VALUE VALUES (65, 212, 2, 800, 800.00, 'Pendiente');
INSERT INTO public.multa (id_multa, id_prestamo, id_tarifa, dias_retraso, monto_total, estado_pago) OVERRIDING SYSTEM VALUE VALUES (66, 213, 2, 184, 184.00, 'Pendiente');
INSERT INTO public.multa (id_multa, id_prestamo, id_tarifa, dias_retraso, monto_total, estado_pago) OVERRIDING SYSTEM VALUE VALUES (67, 214, 2, 534, 534.00, 'Pendiente');
INSERT INTO public.multa (id_multa, id_prestamo, id_tarifa, dias_retraso, monto_total, estado_pago) OVERRIDING SYSTEM VALUE VALUES (68, 215, 2, 194, 194.00, 'Pendiente');
INSERT INTO public.multa (id_multa, id_prestamo, id_tarifa, dias_retraso, monto_total, estado_pago) OVERRIDING SYSTEM VALUE VALUES (69, 216, 2, 561, 561.00, 'Pendiente');
INSERT INTO public.multa (id_multa, id_prestamo, id_tarifa, dias_retraso, monto_total, estado_pago) OVERRIDING SYSTEM VALUE VALUES (70, 220, 2, 394, 394.00, 'Pendiente');
INSERT INTO public.multa (id_multa, id_prestamo, id_tarifa, dias_retraso, monto_total, estado_pago) OVERRIDING SYSTEM VALUE VALUES (71, 221, 2, 806, 806.00, 'Pendiente');
INSERT INTO public.multa (id_multa, id_prestamo, id_tarifa, dias_retraso, monto_total, estado_pago) OVERRIDING SYSTEM VALUE VALUES (72, 222, 2, 662, 662.00, 'Pendiente');
INSERT INTO public.multa (id_multa, id_prestamo, id_tarifa, dias_retraso, monto_total, estado_pago) OVERRIDING SYSTEM VALUE VALUES (73, 223, 2, 534, 534.00, 'Pendiente');
INSERT INTO public.multa (id_multa, id_prestamo, id_tarifa, dias_retraso, monto_total, estado_pago) OVERRIDING SYSTEM VALUE VALUES (74, 225, 2, 648, 648.00, 'Pendiente');
INSERT INTO public.multa (id_multa, id_prestamo, id_tarifa, dias_retraso, monto_total, estado_pago) OVERRIDING SYSTEM VALUE VALUES (75, 226, 2, 218, 218.00, 'Pendiente');
INSERT INTO public.multa (id_multa, id_prestamo, id_tarifa, dias_retraso, monto_total, estado_pago) OVERRIDING SYSTEM VALUE VALUES (76, 227, 2, 788, 788.00, 'Pendiente');
INSERT INTO public.multa (id_multa, id_prestamo, id_tarifa, dias_retraso, monto_total, estado_pago) OVERRIDING SYSTEM VALUE VALUES (77, 228, 2, 333, 333.00, 'Pendiente');
INSERT INTO public.multa (id_multa, id_prestamo, id_tarifa, dias_retraso, monto_total, estado_pago) OVERRIDING SYSTEM VALUE VALUES (78, 231, 2, 778, 778.00, 'Pendiente');
INSERT INTO public.multa (id_multa, id_prestamo, id_tarifa, dias_retraso, monto_total, estado_pago) OVERRIDING SYSTEM VALUE VALUES (79, 232, 2, 499, 499.00, 'Pendiente');
INSERT INTO public.multa (id_multa, id_prestamo, id_tarifa, dias_retraso, monto_total, estado_pago) OVERRIDING SYSTEM VALUE VALUES (80, 233, 2, 665, 665.00, 'Pendiente');
INSERT INTO public.multa (id_multa, id_prestamo, id_tarifa, dias_retraso, monto_total, estado_pago) OVERRIDING SYSTEM VALUE VALUES (81, 235, 2, 862, 862.00, 'Pendiente');
INSERT INTO public.multa (id_multa, id_prestamo, id_tarifa, dias_retraso, monto_total, estado_pago) OVERRIDING SYSTEM VALUE VALUES (82, 237, 2, 285, 285.00, 'Pendiente');
INSERT INTO public.multa (id_multa, id_prestamo, id_tarifa, dias_retraso, monto_total, estado_pago) OVERRIDING SYSTEM VALUE VALUES (83, 238, 2, 247, 247.00, 'Pendiente');
INSERT INTO public.multa (id_multa, id_prestamo, id_tarifa, dias_retraso, monto_total, estado_pago) OVERRIDING SYSTEM VALUE VALUES (84, 239, 2, 707, 707.00, 'Pendiente');
INSERT INTO public.multa (id_multa, id_prestamo, id_tarifa, dias_retraso, monto_total, estado_pago) OVERRIDING SYSTEM VALUE VALUES (85, 241, 2, 675, 675.00, 'Pendiente');
INSERT INTO public.multa (id_multa, id_prestamo, id_tarifa, dias_retraso, monto_total, estado_pago) OVERRIDING SYSTEM VALUE VALUES (86, 242, 2, 723, 723.00, 'Pendiente');
INSERT INTO public.multa (id_multa, id_prestamo, id_tarifa, dias_retraso, monto_total, estado_pago) OVERRIDING SYSTEM VALUE VALUES (87, 243, 2, 669, 669.00, 'Pendiente');
INSERT INTO public.multa (id_multa, id_prestamo, id_tarifa, dias_retraso, monto_total, estado_pago) OVERRIDING SYSTEM VALUE VALUES (88, 244, 2, 267, 267.00, 'Pendiente');
INSERT INTO public.multa (id_multa, id_prestamo, id_tarifa, dias_retraso, monto_total, estado_pago) OVERRIDING SYSTEM VALUE VALUES (89, 245, 2, 721, 721.00, 'Pendiente');
INSERT INTO public.multa (id_multa, id_prestamo, id_tarifa, dias_retraso, monto_total, estado_pago) OVERRIDING SYSTEM VALUE VALUES (90, 246, 2, 725, 725.00, 'Pendiente');
INSERT INTO public.multa (id_multa, id_prestamo, id_tarifa, dias_retraso, monto_total, estado_pago) OVERRIDING SYSTEM VALUE VALUES (91, 247, 2, 665, 665.00, 'Pendiente');
INSERT INTO public.multa (id_multa, id_prestamo, id_tarifa, dias_retraso, monto_total, estado_pago) OVERRIDING SYSTEM VALUE VALUES (92, 248, 2, 770, 770.00, 'Pendiente');
INSERT INTO public.multa (id_multa, id_prestamo, id_tarifa, dias_retraso, monto_total, estado_pago) OVERRIDING SYSTEM VALUE VALUES (93, 249, 2, 266, 266.00, 'Pendiente');
INSERT INTO public.multa (id_multa, id_prestamo, id_tarifa, dias_retraso, monto_total, estado_pago) OVERRIDING SYSTEM VALUE VALUES (94, 250, 2, 474, 474.00, 'Pendiente');
INSERT INTO public.multa (id_multa, id_prestamo, id_tarifa, dias_retraso, monto_total, estado_pago) OVERRIDING SYSTEM VALUE VALUES (95, 251, 2, 477, 477.00, 'Pendiente');
INSERT INTO public.multa (id_multa, id_prestamo, id_tarifa, dias_retraso, monto_total, estado_pago) OVERRIDING SYSTEM VALUE VALUES (96, 252, 2, 704, 704.00, 'Pendiente');
INSERT INTO public.multa (id_multa, id_prestamo, id_tarifa, dias_retraso, monto_total, estado_pago) OVERRIDING SYSTEM VALUE VALUES (97, 254, 2, 851, 851.00, 'Pendiente');
INSERT INTO public.multa (id_multa, id_prestamo, id_tarifa, dias_retraso, monto_total, estado_pago) OVERRIDING SYSTEM VALUE VALUES (98, 256, 2, 451, 451.00, 'Pendiente');
INSERT INTO public.multa (id_multa, id_prestamo, id_tarifa, dias_retraso, monto_total, estado_pago) OVERRIDING SYSTEM VALUE VALUES (99, 259, 2, 462, 462.00, 'Pendiente');
INSERT INTO public.multa (id_multa, id_prestamo, id_tarifa, dias_retraso, monto_total, estado_pago) OVERRIDING SYSTEM VALUE VALUES (100, 260, 2, 197, 197.00, 'Pendiente');
INSERT INTO public.multa (id_multa, id_prestamo, id_tarifa, dias_retraso, monto_total, estado_pago) OVERRIDING SYSTEM VALUE VALUES (101, 261, 2, 412, 412.00, 'Pendiente');
INSERT INTO public.multa (id_multa, id_prestamo, id_tarifa, dias_retraso, monto_total, estado_pago) OVERRIDING SYSTEM VALUE VALUES (102, 262, 2, 278, 278.00, 'Pendiente');
INSERT INTO public.multa (id_multa, id_prestamo, id_tarifa, dias_retraso, monto_total, estado_pago) OVERRIDING SYSTEM VALUE VALUES (103, 264, 2, 289, 289.00, 'Pendiente');
INSERT INTO public.multa (id_multa, id_prestamo, id_tarifa, dias_retraso, monto_total, estado_pago) OVERRIDING SYSTEM VALUE VALUES (104, 265, 2, 754, 754.00, 'Pendiente');
INSERT INTO public.multa (id_multa, id_prestamo, id_tarifa, dias_retraso, monto_total, estado_pago) OVERRIDING SYSTEM VALUE VALUES (105, 266, 2, 686, 686.00, 'Pendiente');
INSERT INTO public.multa (id_multa, id_prestamo, id_tarifa, dias_retraso, monto_total, estado_pago) OVERRIDING SYSTEM VALUE VALUES (106, 267, 2, 257, 257.00, 'Pendiente');
INSERT INTO public.multa (id_multa, id_prestamo, id_tarifa, dias_retraso, monto_total, estado_pago) OVERRIDING SYSTEM VALUE VALUES (107, 268, 2, 474, 474.00, 'Pendiente');
INSERT INTO public.multa (id_multa, id_prestamo, id_tarifa, dias_retraso, monto_total, estado_pago) OVERRIDING SYSTEM VALUE VALUES (108, 270, 2, 368, 368.00, 'Pendiente');
INSERT INTO public.multa (id_multa, id_prestamo, id_tarifa, dias_retraso, monto_total, estado_pago) OVERRIDING SYSTEM VALUE VALUES (109, 271, 2, 815, 815.00, 'Pendiente');
INSERT INTO public.multa (id_multa, id_prestamo, id_tarifa, dias_retraso, monto_total, estado_pago) OVERRIDING SYSTEM VALUE VALUES (110, 274, 2, 330, 330.00, 'Pendiente');
INSERT INTO public.multa (id_multa, id_prestamo, id_tarifa, dias_retraso, monto_total, estado_pago) OVERRIDING SYSTEM VALUE VALUES (111, 275, 2, 593, 593.00, 'Pendiente');
INSERT INTO public.multa (id_multa, id_prestamo, id_tarifa, dias_retraso, monto_total, estado_pago) OVERRIDING SYSTEM VALUE VALUES (112, 276, 2, 756, 756.00, 'Pendiente');
INSERT INTO public.multa (id_multa, id_prestamo, id_tarifa, dias_retraso, monto_total, estado_pago) OVERRIDING SYSTEM VALUE VALUES (113, 277, 2, 771, 771.00, 'Pendiente');
INSERT INTO public.multa (id_multa, id_prestamo, id_tarifa, dias_retraso, monto_total, estado_pago) OVERRIDING SYSTEM VALUE VALUES (114, 278, 2, 304, 304.00, 'Pendiente');
INSERT INTO public.multa (id_multa, id_prestamo, id_tarifa, dias_retraso, monto_total, estado_pago) OVERRIDING SYSTEM VALUE VALUES (115, 279, 2, 499, 499.00, 'Pendiente');
INSERT INTO public.multa (id_multa, id_prestamo, id_tarifa, dias_retraso, monto_total, estado_pago) OVERRIDING SYSTEM VALUE VALUES (116, 280, 2, 539, 539.00, 'Pendiente');
INSERT INTO public.multa (id_multa, id_prestamo, id_tarifa, dias_retraso, monto_total, estado_pago) OVERRIDING SYSTEM VALUE VALUES (117, 281, 2, 797, 797.00, 'Pendiente');
INSERT INTO public.multa (id_multa, id_prestamo, id_tarifa, dias_retraso, monto_total, estado_pago) OVERRIDING SYSTEM VALUE VALUES (118, 283, 2, 190, 190.00, 'Pendiente');
INSERT INTO public.multa (id_multa, id_prestamo, id_tarifa, dias_retraso, monto_total, estado_pago) OVERRIDING SYSTEM VALUE VALUES (119, 284, 2, 785, 785.00, 'Pendiente');
INSERT INTO public.multa (id_multa, id_prestamo, id_tarifa, dias_retraso, monto_total, estado_pago) OVERRIDING SYSTEM VALUE VALUES (120, 285, 2, 418, 418.00, 'Pendiente');
INSERT INTO public.multa (id_multa, id_prestamo, id_tarifa, dias_retraso, monto_total, estado_pago) OVERRIDING SYSTEM VALUE VALUES (121, 286, 2, 581, 581.00, 'Pendiente');
INSERT INTO public.multa (id_multa, id_prestamo, id_tarifa, dias_retraso, monto_total, estado_pago) OVERRIDING SYSTEM VALUE VALUES (122, 287, 2, 374, 374.00, 'Pendiente');
INSERT INTO public.multa (id_multa, id_prestamo, id_tarifa, dias_retraso, monto_total, estado_pago) OVERRIDING SYSTEM VALUE VALUES (123, 288, 2, 430, 430.00, 'Pendiente');
INSERT INTO public.multa (id_multa, id_prestamo, id_tarifa, dias_retraso, monto_total, estado_pago) OVERRIDING SYSTEM VALUE VALUES (124, 289, 2, 331, 331.00, 'Pendiente');
INSERT INTO public.multa (id_multa, id_prestamo, id_tarifa, dias_retraso, monto_total, estado_pago) OVERRIDING SYSTEM VALUE VALUES (125, 290, 2, 700, 700.00, 'Pendiente');
INSERT INTO public.multa (id_multa, id_prestamo, id_tarifa, dias_retraso, monto_total, estado_pago) OVERRIDING SYSTEM VALUE VALUES (126, 293, 2, 511, 511.00, 'Pendiente');
INSERT INTO public.multa (id_multa, id_prestamo, id_tarifa, dias_retraso, monto_total, estado_pago) OVERRIDING SYSTEM VALUE VALUES (127, 294, 2, 525, 525.00, 'Pendiente');
INSERT INTO public.multa (id_multa, id_prestamo, id_tarifa, dias_retraso, monto_total, estado_pago) OVERRIDING SYSTEM VALUE VALUES (128, 296, 2, 671, 671.00, 'Pendiente');
INSERT INTO public.multa (id_multa, id_prestamo, id_tarifa, dias_retraso, monto_total, estado_pago) OVERRIDING SYSTEM VALUE VALUES (129, 297, 2, 184, 184.00, 'Pendiente');
INSERT INTO public.multa (id_multa, id_prestamo, id_tarifa, dias_retraso, monto_total, estado_pago) OVERRIDING SYSTEM VALUE VALUES (130, 299, 2, 467, 467.00, 'Pendiente');
INSERT INTO public.multa (id_multa, id_prestamo, id_tarifa, dias_retraso, monto_total, estado_pago) OVERRIDING SYSTEM VALUE VALUES (131, 300, 2, 569, 569.00, 'Pendiente');
INSERT INTO public.multa (id_multa, id_prestamo, id_tarifa, dias_retraso, monto_total, estado_pago) OVERRIDING SYSTEM VALUE VALUES (132, 301, 2, 551, 551.00, 'Pendiente');
INSERT INTO public.multa (id_multa, id_prestamo, id_tarifa, dias_retraso, monto_total, estado_pago) OVERRIDING SYSTEM VALUE VALUES (133, 303, 2, 147, 147.00, 'Pendiente');
INSERT INTO public.multa (id_multa, id_prestamo, id_tarifa, dias_retraso, monto_total, estado_pago) OVERRIDING SYSTEM VALUE VALUES (134, 305, 2, 204, 204.00, 'Pendiente');
INSERT INTO public.multa (id_multa, id_prestamo, id_tarifa, dias_retraso, monto_total, estado_pago) OVERRIDING SYSTEM VALUE VALUES (135, 306, 2, 561, 561.00, 'Pendiente');
INSERT INTO public.multa (id_multa, id_prestamo, id_tarifa, dias_retraso, monto_total, estado_pago) OVERRIDING SYSTEM VALUE VALUES (136, 307, 2, 739, 739.00, 'Pendiente');
INSERT INTO public.multa (id_multa, id_prestamo, id_tarifa, dias_retraso, monto_total, estado_pago) OVERRIDING SYSTEM VALUE VALUES (137, 308, 2, 254, 254.00, 'Pendiente');
INSERT INTO public.multa (id_multa, id_prestamo, id_tarifa, dias_retraso, monto_total, estado_pago) OVERRIDING SYSTEM VALUE VALUES (138, 310, 2, 656, 656.00, 'Pendiente');
INSERT INTO public.multa (id_multa, id_prestamo, id_tarifa, dias_retraso, monto_total, estado_pago) OVERRIDING SYSTEM VALUE VALUES (139, 311, 2, 193, 193.00, 'Pendiente');
INSERT INTO public.multa (id_multa, id_prestamo, id_tarifa, dias_retraso, monto_total, estado_pago) OVERRIDING SYSTEM VALUE VALUES (140, 312, 2, 793, 793.00, 'Pendiente');
INSERT INTO public.multa (id_multa, id_prestamo, id_tarifa, dias_retraso, monto_total, estado_pago) OVERRIDING SYSTEM VALUE VALUES (141, 313, 2, 812, 812.00, 'Pendiente');
INSERT INTO public.multa (id_multa, id_prestamo, id_tarifa, dias_retraso, monto_total, estado_pago) OVERRIDING SYSTEM VALUE VALUES (142, 314, 2, 581, 581.00, 'Pendiente');
INSERT INTO public.multa (id_multa, id_prestamo, id_tarifa, dias_retraso, monto_total, estado_pago) OVERRIDING SYSTEM VALUE VALUES (143, 315, 2, 635, 635.00, 'Pendiente');
INSERT INTO public.multa (id_multa, id_prestamo, id_tarifa, dias_retraso, monto_total, estado_pago) OVERRIDING SYSTEM VALUE VALUES (144, 316, 2, 209, 209.00, 'Pendiente');
INSERT INTO public.multa (id_multa, id_prestamo, id_tarifa, dias_retraso, monto_total, estado_pago) OVERRIDING SYSTEM VALUE VALUES (145, 317, 2, 833, 833.00, 'Pendiente');
INSERT INTO public.multa (id_multa, id_prestamo, id_tarifa, dias_retraso, monto_total, estado_pago) OVERRIDING SYSTEM VALUE VALUES (146, 319, 2, 244, 244.00, 'Pendiente');
INSERT INTO public.multa (id_multa, id_prestamo, id_tarifa, dias_retraso, monto_total, estado_pago) OVERRIDING SYSTEM VALUE VALUES (147, 321, 2, 863, 863.00, 'Pendiente');
INSERT INTO public.multa (id_multa, id_prestamo, id_tarifa, dias_retraso, monto_total, estado_pago) OVERRIDING SYSTEM VALUE VALUES (148, 322, 2, 302, 302.00, 'Pendiente');
INSERT INTO public.multa (id_multa, id_prestamo, id_tarifa, dias_retraso, monto_total, estado_pago) OVERRIDING SYSTEM VALUE VALUES (149, 323, 2, 543, 543.00, 'Pendiente');
INSERT INTO public.multa (id_multa, id_prestamo, id_tarifa, dias_retraso, monto_total, estado_pago) OVERRIDING SYSTEM VALUE VALUES (150, 325, 2, 277, 277.00, 'Pendiente');
INSERT INTO public.multa (id_multa, id_prestamo, id_tarifa, dias_retraso, monto_total, estado_pago) OVERRIDING SYSTEM VALUE VALUES (151, 326, 2, 516, 516.00, 'Pendiente');
INSERT INTO public.multa (id_multa, id_prestamo, id_tarifa, dias_retraso, monto_total, estado_pago) OVERRIDING SYSTEM VALUE VALUES (152, 328, 2, 336, 336.00, 'Pendiente');
INSERT INTO public.multa (id_multa, id_prestamo, id_tarifa, dias_retraso, monto_total, estado_pago) OVERRIDING SYSTEM VALUE VALUES (153, 329, 2, 506, 506.00, 'Pendiente');
INSERT INTO public.multa (id_multa, id_prestamo, id_tarifa, dias_retraso, monto_total, estado_pago) OVERRIDING SYSTEM VALUE VALUES (154, 330, 2, 704, 704.00, 'Pendiente');
INSERT INTO public.multa (id_multa, id_prestamo, id_tarifa, dias_retraso, monto_total, estado_pago) OVERRIDING SYSTEM VALUE VALUES (155, 331, 2, 238, 238.00, 'Pendiente');
INSERT INTO public.multa (id_multa, id_prestamo, id_tarifa, dias_retraso, monto_total, estado_pago) OVERRIDING SYSTEM VALUE VALUES (156, 332, 2, 675, 675.00, 'Pendiente');
INSERT INTO public.multa (id_multa, id_prestamo, id_tarifa, dias_retraso, monto_total, estado_pago) OVERRIDING SYSTEM VALUE VALUES (157, 334, 2, 228, 228.00, 'Pendiente');
INSERT INTO public.multa (id_multa, id_prestamo, id_tarifa, dias_retraso, monto_total, estado_pago) OVERRIDING SYSTEM VALUE VALUES (158, 335, 2, 642, 642.00, 'Pendiente');
INSERT INTO public.multa (id_multa, id_prestamo, id_tarifa, dias_retraso, monto_total, estado_pago) OVERRIDING SYSTEM VALUE VALUES (159, 336, 2, 618, 618.00, 'Pendiente');
INSERT INTO public.multa (id_multa, id_prestamo, id_tarifa, dias_retraso, monto_total, estado_pago) OVERRIDING SYSTEM VALUE VALUES (160, 338, 2, 656, 656.00, 'Pendiente');
INSERT INTO public.multa (id_multa, id_prestamo, id_tarifa, dias_retraso, monto_total, estado_pago) OVERRIDING SYSTEM VALUE VALUES (161, 339, 2, 522, 522.00, 'Pendiente');
INSERT INTO public.multa (id_multa, id_prestamo, id_tarifa, dias_retraso, monto_total, estado_pago) OVERRIDING SYSTEM VALUE VALUES (162, 340, 2, 324, 324.00, 'Pendiente');
INSERT INTO public.multa (id_multa, id_prestamo, id_tarifa, dias_retraso, monto_total, estado_pago) OVERRIDING SYSTEM VALUE VALUES (163, 341, 2, 221, 221.00, 'Pendiente');
INSERT INTO public.multa (id_multa, id_prestamo, id_tarifa, dias_retraso, monto_total, estado_pago) OVERRIDING SYSTEM VALUE VALUES (164, 344, 2, 505, 505.00, 'Pendiente');
INSERT INTO public.multa (id_multa, id_prestamo, id_tarifa, dias_retraso, monto_total, estado_pago) OVERRIDING SYSTEM VALUE VALUES (165, 345, 2, 819, 819.00, 'Pendiente');
INSERT INTO public.multa (id_multa, id_prestamo, id_tarifa, dias_retraso, monto_total, estado_pago) OVERRIDING SYSTEM VALUE VALUES (166, 346, 2, 626, 626.00, 'Pendiente');
INSERT INTO public.multa (id_multa, id_prestamo, id_tarifa, dias_retraso, monto_total, estado_pago) OVERRIDING SYSTEM VALUE VALUES (167, 347, 2, 159, 159.00, 'Pendiente');
INSERT INTO public.multa (id_multa, id_prestamo, id_tarifa, dias_retraso, monto_total, estado_pago) OVERRIDING SYSTEM VALUE VALUES (168, 349, 2, 570, 570.00, 'Pendiente');
INSERT INTO public.multa (id_multa, id_prestamo, id_tarifa, dias_retraso, monto_total, estado_pago) OVERRIDING SYSTEM VALUE VALUES (169, 350, 2, 458, 458.00, 'Pendiente');
INSERT INTO public.multa (id_multa, id_prestamo, id_tarifa, dias_retraso, monto_total, estado_pago) OVERRIDING SYSTEM VALUE VALUES (170, 351, 2, 843, 843.00, 'Pendiente');
INSERT INTO public.multa (id_multa, id_prestamo, id_tarifa, dias_retraso, monto_total, estado_pago) OVERRIDING SYSTEM VALUE VALUES (171, 352, 2, 410, 410.00, 'Pendiente');
INSERT INTO public.multa (id_multa, id_prestamo, id_tarifa, dias_retraso, monto_total, estado_pago) OVERRIDING SYSTEM VALUE VALUES (172, 353, 2, 298, 298.00, 'Pendiente');
INSERT INTO public.multa (id_multa, id_prestamo, id_tarifa, dias_retraso, monto_total, estado_pago) OVERRIDING SYSTEM VALUE VALUES (173, 354, 2, 193, 193.00, 'Pendiente');
INSERT INTO public.multa (id_multa, id_prestamo, id_tarifa, dias_retraso, monto_total, estado_pago) OVERRIDING SYSTEM VALUE VALUES (174, 355, 2, 432, 432.00, 'Pendiente');
INSERT INTO public.multa (id_multa, id_prestamo, id_tarifa, dias_retraso, monto_total, estado_pago) OVERRIDING SYSTEM VALUE VALUES (175, 356, 2, 674, 674.00, 'Pendiente');
INSERT INTO public.multa (id_multa, id_prestamo, id_tarifa, dias_retraso, monto_total, estado_pago) OVERRIDING SYSTEM VALUE VALUES (176, 357, 2, 350, 350.00, 'Pendiente');
INSERT INTO public.multa (id_multa, id_prestamo, id_tarifa, dias_retraso, monto_total, estado_pago) OVERRIDING SYSTEM VALUE VALUES (177, 358, 2, 539, 539.00, 'Pendiente');
INSERT INTO public.multa (id_multa, id_prestamo, id_tarifa, dias_retraso, monto_total, estado_pago) OVERRIDING SYSTEM VALUE VALUES (178, 359, 2, 465, 465.00, 'Pendiente');
INSERT INTO public.multa (id_multa, id_prestamo, id_tarifa, dias_retraso, monto_total, estado_pago) OVERRIDING SYSTEM VALUE VALUES (179, 360, 2, 565, 565.00, 'Pendiente');
INSERT INTO public.multa (id_multa, id_prestamo, id_tarifa, dias_retraso, monto_total, estado_pago) OVERRIDING SYSTEM VALUE VALUES (180, 361, 2, 362, 362.00, 'Pendiente');
INSERT INTO public.multa (id_multa, id_prestamo, id_tarifa, dias_retraso, monto_total, estado_pago) OVERRIDING SYSTEM VALUE VALUES (181, 362, 2, 664, 664.00, 'Pendiente');
INSERT INTO public.multa (id_multa, id_prestamo, id_tarifa, dias_retraso, monto_total, estado_pago) OVERRIDING SYSTEM VALUE VALUES (182, 363, 2, 591, 591.00, 'Pendiente');
INSERT INTO public.multa (id_multa, id_prestamo, id_tarifa, dias_retraso, monto_total, estado_pago) OVERRIDING SYSTEM VALUE VALUES (183, 364, 2, 143, 143.00, 'Pendiente');
INSERT INTO public.multa (id_multa, id_prestamo, id_tarifa, dias_retraso, monto_total, estado_pago) OVERRIDING SYSTEM VALUE VALUES (184, 365, 2, 622, 622.00, 'Pendiente');
INSERT INTO public.multa (id_multa, id_prestamo, id_tarifa, dias_retraso, monto_total, estado_pago) OVERRIDING SYSTEM VALUE VALUES (185, 367, 2, 470, 470.00, 'Pendiente');
INSERT INTO public.multa (id_multa, id_prestamo, id_tarifa, dias_retraso, monto_total, estado_pago) OVERRIDING SYSTEM VALUE VALUES (186, 368, 2, 455, 455.00, 'Pendiente');
INSERT INTO public.multa (id_multa, id_prestamo, id_tarifa, dias_retraso, monto_total, estado_pago) OVERRIDING SYSTEM VALUE VALUES (187, 370, 2, 395, 395.00, 'Pendiente');
INSERT INTO public.multa (id_multa, id_prestamo, id_tarifa, dias_retraso, monto_total, estado_pago) OVERRIDING SYSTEM VALUE VALUES (188, 372, 2, 325, 325.00, 'Pendiente');
INSERT INTO public.multa (id_multa, id_prestamo, id_tarifa, dias_retraso, monto_total, estado_pago) OVERRIDING SYSTEM VALUE VALUES (189, 373, 2, 294, 294.00, 'Pendiente');
INSERT INTO public.multa (id_multa, id_prestamo, id_tarifa, dias_retraso, monto_total, estado_pago) OVERRIDING SYSTEM VALUE VALUES (190, 374, 2, 626, 626.00, 'Pendiente');
INSERT INTO public.multa (id_multa, id_prestamo, id_tarifa, dias_retraso, monto_total, estado_pago) OVERRIDING SYSTEM VALUE VALUES (191, 375, 2, 424, 424.00, 'Pendiente');
INSERT INTO public.multa (id_multa, id_prestamo, id_tarifa, dias_retraso, monto_total, estado_pago) OVERRIDING SYSTEM VALUE VALUES (192, 376, 2, 187, 187.00, 'Pendiente');
INSERT INTO public.multa (id_multa, id_prestamo, id_tarifa, dias_retraso, monto_total, estado_pago) OVERRIDING SYSTEM VALUE VALUES (193, 377, 2, 403, 403.00, 'Pendiente');
INSERT INTO public.multa (id_multa, id_prestamo, id_tarifa, dias_retraso, monto_total, estado_pago) OVERRIDING SYSTEM VALUE VALUES (194, 378, 2, 575, 575.00, 'Pendiente');
INSERT INTO public.multa (id_multa, id_prestamo, id_tarifa, dias_retraso, monto_total, estado_pago) OVERRIDING SYSTEM VALUE VALUES (195, 379, 2, 645, 645.00, 'Pendiente');
INSERT INTO public.multa (id_multa, id_prestamo, id_tarifa, dias_retraso, monto_total, estado_pago) OVERRIDING SYSTEM VALUE VALUES (196, 380, 2, 348, 348.00, 'Pendiente');
INSERT INTO public.multa (id_multa, id_prestamo, id_tarifa, dias_retraso, monto_total, estado_pago) OVERRIDING SYSTEM VALUE VALUES (197, 381, 2, 858, 858.00, 'Pendiente');
INSERT INTO public.multa (id_multa, id_prestamo, id_tarifa, dias_retraso, monto_total, estado_pago) OVERRIDING SYSTEM VALUE VALUES (198, 382, 2, 777, 777.00, 'Pendiente');
INSERT INTO public.multa (id_multa, id_prestamo, id_tarifa, dias_retraso, monto_total, estado_pago) OVERRIDING SYSTEM VALUE VALUES (199, 383, 2, 845, 845.00, 'Pendiente');
INSERT INTO public.multa (id_multa, id_prestamo, id_tarifa, dias_retraso, monto_total, estado_pago) OVERRIDING SYSTEM VALUE VALUES (200, 385, 2, 647, 647.00, 'Pendiente');
INSERT INTO public.multa (id_multa, id_prestamo, id_tarifa, dias_retraso, monto_total, estado_pago) OVERRIDING SYSTEM VALUE VALUES (201, 386, 2, 341, 341.00, 'Pendiente');
INSERT INTO public.multa (id_multa, id_prestamo, id_tarifa, dias_retraso, monto_total, estado_pago) OVERRIDING SYSTEM VALUE VALUES (202, 387, 2, 705, 705.00, 'Pendiente');
INSERT INTO public.multa (id_multa, id_prestamo, id_tarifa, dias_retraso, monto_total, estado_pago) OVERRIDING SYSTEM VALUE VALUES (203, 389, 2, 236, 236.00, 'Pendiente');
INSERT INTO public.multa (id_multa, id_prestamo, id_tarifa, dias_retraso, monto_total, estado_pago) OVERRIDING SYSTEM VALUE VALUES (204, 390, 2, 468, 468.00, 'Pendiente');
INSERT INTO public.multa (id_multa, id_prestamo, id_tarifa, dias_retraso, monto_total, estado_pago) OVERRIDING SYSTEM VALUE VALUES (205, 391, 2, 643, 643.00, 'Pendiente');
INSERT INTO public.multa (id_multa, id_prestamo, id_tarifa, dias_retraso, monto_total, estado_pago) OVERRIDING SYSTEM VALUE VALUES (206, 392, 2, 609, 609.00, 'Pendiente');
INSERT INTO public.multa (id_multa, id_prestamo, id_tarifa, dias_retraso, monto_total, estado_pago) OVERRIDING SYSTEM VALUE VALUES (207, 394, 2, 315, 315.00, 'Pendiente');
INSERT INTO public.multa (id_multa, id_prestamo, id_tarifa, dias_retraso, monto_total, estado_pago) OVERRIDING SYSTEM VALUE VALUES (208, 395, 2, 698, 698.00, 'Pendiente');
INSERT INTO public.multa (id_multa, id_prestamo, id_tarifa, dias_retraso, monto_total, estado_pago) OVERRIDING SYSTEM VALUE VALUES (209, 396, 2, 577, 577.00, 'Pendiente');
INSERT INTO public.multa (id_multa, id_prestamo, id_tarifa, dias_retraso, monto_total, estado_pago) OVERRIDING SYSTEM VALUE VALUES (210, 397, 2, 767, 767.00, 'Pendiente');
INSERT INTO public.multa (id_multa, id_prestamo, id_tarifa, dias_retraso, monto_total, estado_pago) OVERRIDING SYSTEM VALUE VALUES (211, 400, 2, 757, 757.00, 'Pendiente');
INSERT INTO public.multa (id_multa, id_prestamo, id_tarifa, dias_retraso, monto_total, estado_pago) OVERRIDING SYSTEM VALUE VALUES (212, 402, 2, 212, 212.00, 'Pendiente');
INSERT INTO public.multa (id_multa, id_prestamo, id_tarifa, dias_retraso, monto_total, estado_pago) OVERRIDING SYSTEM VALUE VALUES (213, 404, 2, 511, 511.00, 'Pendiente');
INSERT INTO public.multa (id_multa, id_prestamo, id_tarifa, dias_retraso, monto_total, estado_pago) OVERRIDING SYSTEM VALUE VALUES (214, 405, 2, 644, 644.00, 'Pendiente');
INSERT INTO public.multa (id_multa, id_prestamo, id_tarifa, dias_retraso, monto_total, estado_pago) OVERRIDING SYSTEM VALUE VALUES (215, 406, 2, 474, 474.00, 'Pendiente');
INSERT INTO public.multa (id_multa, id_prestamo, id_tarifa, dias_retraso, monto_total, estado_pago) OVERRIDING SYSTEM VALUE VALUES (216, 407, 2, 284, 284.00, 'Pendiente');
INSERT INTO public.multa (id_multa, id_prestamo, id_tarifa, dias_retraso, monto_total, estado_pago) OVERRIDING SYSTEM VALUE VALUES (217, 409, 2, 234, 234.00, 'Pendiente');
INSERT INTO public.multa (id_multa, id_prestamo, id_tarifa, dias_retraso, monto_total, estado_pago) OVERRIDING SYSTEM VALUE VALUES (218, 410, 2, 512, 512.00, 'Pendiente');
INSERT INTO public.multa (id_multa, id_prestamo, id_tarifa, dias_retraso, monto_total, estado_pago) OVERRIDING SYSTEM VALUE VALUES (219, 411, 2, 307, 307.00, 'Pendiente');
INSERT INTO public.multa (id_multa, id_prestamo, id_tarifa, dias_retraso, monto_total, estado_pago) OVERRIDING SYSTEM VALUE VALUES (220, 412, 2, 532, 532.00, 'Pendiente');
INSERT INTO public.multa (id_multa, id_prestamo, id_tarifa, dias_retraso, monto_total, estado_pago) OVERRIDING SYSTEM VALUE VALUES (221, 416, 2, 515, 515.00, 'Pendiente');
INSERT INTO public.multa (id_multa, id_prestamo, id_tarifa, dias_retraso, monto_total, estado_pago) OVERRIDING SYSTEM VALUE VALUES (222, 417, 2, 201, 201.00, 'Pendiente');
INSERT INTO public.multa (id_multa, id_prestamo, id_tarifa, dias_retraso, monto_total, estado_pago) OVERRIDING SYSTEM VALUE VALUES (223, 418, 2, 702, 702.00, 'Pendiente');
INSERT INTO public.multa (id_multa, id_prestamo, id_tarifa, dias_retraso, monto_total, estado_pago) OVERRIDING SYSTEM VALUE VALUES (224, 419, 2, 528, 528.00, 'Pendiente');
INSERT INTO public.multa (id_multa, id_prestamo, id_tarifa, dias_retraso, monto_total, estado_pago) OVERRIDING SYSTEM VALUE VALUES (225, 420, 2, 330, 330.00, 'Pendiente');
INSERT INTO public.multa (id_multa, id_prestamo, id_tarifa, dias_retraso, monto_total, estado_pago) OVERRIDING SYSTEM VALUE VALUES (226, 421, 2, 224, 224.00, 'Pendiente');
INSERT INTO public.multa (id_multa, id_prestamo, id_tarifa, dias_retraso, monto_total, estado_pago) OVERRIDING SYSTEM VALUE VALUES (227, 424, 2, 844, 844.00, 'Pendiente');
INSERT INTO public.multa (id_multa, id_prestamo, id_tarifa, dias_retraso, monto_total, estado_pago) OVERRIDING SYSTEM VALUE VALUES (228, 425, 2, 736, 736.00, 'Pendiente');
INSERT INTO public.multa (id_multa, id_prestamo, id_tarifa, dias_retraso, monto_total, estado_pago) OVERRIDING SYSTEM VALUE VALUES (229, 426, 2, 594, 594.00, 'Pendiente');
INSERT INTO public.multa (id_multa, id_prestamo, id_tarifa, dias_retraso, monto_total, estado_pago) OVERRIDING SYSTEM VALUE VALUES (230, 427, 2, 278, 278.00, 'Pendiente');
INSERT INTO public.multa (id_multa, id_prestamo, id_tarifa, dias_retraso, monto_total, estado_pago) OVERRIDING SYSTEM VALUE VALUES (231, 428, 2, 778, 778.00, 'Pendiente');
INSERT INTO public.multa (id_multa, id_prestamo, id_tarifa, dias_retraso, monto_total, estado_pago) OVERRIDING SYSTEM VALUE VALUES (232, 430, 2, 436, 436.00, 'Pendiente');
INSERT INTO public.multa (id_multa, id_prestamo, id_tarifa, dias_retraso, monto_total, estado_pago) OVERRIDING SYSTEM VALUE VALUES (233, 431, 2, 225, 225.00, 'Pendiente');
INSERT INTO public.multa (id_multa, id_prestamo, id_tarifa, dias_retraso, monto_total, estado_pago) OVERRIDING SYSTEM VALUE VALUES (234, 432, 2, 427, 427.00, 'Pendiente');
INSERT INTO public.multa (id_multa, id_prestamo, id_tarifa, dias_retraso, monto_total, estado_pago) OVERRIDING SYSTEM VALUE VALUES (235, 433, 2, 576, 576.00, 'Pendiente');
INSERT INTO public.multa (id_multa, id_prestamo, id_tarifa, dias_retraso, monto_total, estado_pago) OVERRIDING SYSTEM VALUE VALUES (236, 434, 2, 739, 739.00, 'Pendiente');
INSERT INTO public.multa (id_multa, id_prestamo, id_tarifa, dias_retraso, monto_total, estado_pago) OVERRIDING SYSTEM VALUE VALUES (237, 435, 2, 180, 180.00, 'Pendiente');
INSERT INTO public.multa (id_multa, id_prestamo, id_tarifa, dias_retraso, monto_total, estado_pago) OVERRIDING SYSTEM VALUE VALUES (238, 437, 2, 239, 239.00, 'Pendiente');
INSERT INTO public.multa (id_multa, id_prestamo, id_tarifa, dias_retraso, monto_total, estado_pago) OVERRIDING SYSTEM VALUE VALUES (239, 438, 2, 197, 197.00, 'Pendiente');
INSERT INTO public.multa (id_multa, id_prestamo, id_tarifa, dias_retraso, monto_total, estado_pago) OVERRIDING SYSTEM VALUE VALUES (240, 440, 2, 681, 681.00, 'Pendiente');
INSERT INTO public.multa (id_multa, id_prestamo, id_tarifa, dias_retraso, monto_total, estado_pago) OVERRIDING SYSTEM VALUE VALUES (241, 441, 2, 166, 166.00, 'Pendiente');
INSERT INTO public.multa (id_multa, id_prestamo, id_tarifa, dias_retraso, monto_total, estado_pago) OVERRIDING SYSTEM VALUE VALUES (242, 442, 2, 265, 265.00, 'Pendiente');
INSERT INTO public.multa (id_multa, id_prestamo, id_tarifa, dias_retraso, monto_total, estado_pago) OVERRIDING SYSTEM VALUE VALUES (243, 443, 2, 784, 784.00, 'Pendiente');
INSERT INTO public.multa (id_multa, id_prestamo, id_tarifa, dias_retraso, monto_total, estado_pago) OVERRIDING SYSTEM VALUE VALUES (244, 444, 2, 691, 691.00, 'Pendiente');
INSERT INTO public.multa (id_multa, id_prestamo, id_tarifa, dias_retraso, monto_total, estado_pago) OVERRIDING SYSTEM VALUE VALUES (245, 445, 2, 155, 155.00, 'Pendiente');
INSERT INTO public.multa (id_multa, id_prestamo, id_tarifa, dias_retraso, monto_total, estado_pago) OVERRIDING SYSTEM VALUE VALUES (246, 446, 2, 604, 604.00, 'Pendiente');
INSERT INTO public.multa (id_multa, id_prestamo, id_tarifa, dias_retraso, monto_total, estado_pago) OVERRIDING SYSTEM VALUE VALUES (247, 447, 2, 216, 216.00, 'Pendiente');
INSERT INTO public.multa (id_multa, id_prestamo, id_tarifa, dias_retraso, monto_total, estado_pago) OVERRIDING SYSTEM VALUE VALUES (248, 448, 2, 525, 525.00, 'Pendiente');
INSERT INTO public.multa (id_multa, id_prestamo, id_tarifa, dias_retraso, monto_total, estado_pago) OVERRIDING SYSTEM VALUE VALUES (249, 449, 2, 549, 549.00, 'Pendiente');
INSERT INTO public.multa (id_multa, id_prestamo, id_tarifa, dias_retraso, monto_total, estado_pago) OVERRIDING SYSTEM VALUE VALUES (250, 450, 2, 222, 222.00, 'Pendiente');
INSERT INTO public.multa (id_multa, id_prestamo, id_tarifa, dias_retraso, monto_total, estado_pago) OVERRIDING SYSTEM VALUE VALUES (251, 451, 2, 410, 410.00, 'Pendiente');
INSERT INTO public.multa (id_multa, id_prestamo, id_tarifa, dias_retraso, monto_total, estado_pago) OVERRIDING SYSTEM VALUE VALUES (252, 453, 2, 546, 546.00, 'Pendiente');
INSERT INTO public.multa (id_multa, id_prestamo, id_tarifa, dias_retraso, monto_total, estado_pago) OVERRIDING SYSTEM VALUE VALUES (253, 454, 2, 305, 305.00, 'Pendiente');
INSERT INTO public.multa (id_multa, id_prestamo, id_tarifa, dias_retraso, monto_total, estado_pago) OVERRIDING SYSTEM VALUE VALUES (254, 455, 2, 772, 772.00, 'Pendiente');
INSERT INTO public.multa (id_multa, id_prestamo, id_tarifa, dias_retraso, monto_total, estado_pago) OVERRIDING SYSTEM VALUE VALUES (255, 456, 2, 461, 461.00, 'Pendiente');
INSERT INTO public.multa (id_multa, id_prestamo, id_tarifa, dias_retraso, monto_total, estado_pago) OVERRIDING SYSTEM VALUE VALUES (256, 457, 2, 539, 539.00, 'Pendiente');
INSERT INTO public.multa (id_multa, id_prestamo, id_tarifa, dias_retraso, monto_total, estado_pago) OVERRIDING SYSTEM VALUE VALUES (257, 458, 2, 664, 664.00, 'Pendiente');
INSERT INTO public.multa (id_multa, id_prestamo, id_tarifa, dias_retraso, monto_total, estado_pago) OVERRIDING SYSTEM VALUE VALUES (258, 460, 2, 582, 582.00, 'Pendiente');
INSERT INTO public.multa (id_multa, id_prestamo, id_tarifa, dias_retraso, monto_total, estado_pago) OVERRIDING SYSTEM VALUE VALUES (259, 461, 2, 486, 486.00, 'Pendiente');
INSERT INTO public.multa (id_multa, id_prestamo, id_tarifa, dias_retraso, monto_total, estado_pago) OVERRIDING SYSTEM VALUE VALUES (260, 462, 2, 606, 606.00, 'Pendiente');
INSERT INTO public.multa (id_multa, id_prestamo, id_tarifa, dias_retraso, monto_total, estado_pago) OVERRIDING SYSTEM VALUE VALUES (261, 463, 2, 367, 367.00, 'Pendiente');
INSERT INTO public.multa (id_multa, id_prestamo, id_tarifa, dias_retraso, monto_total, estado_pago) OVERRIDING SYSTEM VALUE VALUES (262, 464, 2, 305, 305.00, 'Pendiente');
INSERT INTO public.multa (id_multa, id_prestamo, id_tarifa, dias_retraso, monto_total, estado_pago) OVERRIDING SYSTEM VALUE VALUES (263, 465, 2, 408, 408.00, 'Pendiente');
INSERT INTO public.multa (id_multa, id_prestamo, id_tarifa, dias_retraso, monto_total, estado_pago) OVERRIDING SYSTEM VALUE VALUES (264, 466, 2, 259, 259.00, 'Pendiente');
INSERT INTO public.multa (id_multa, id_prestamo, id_tarifa, dias_retraso, monto_total, estado_pago) OVERRIDING SYSTEM VALUE VALUES (265, 467, 2, 262, 262.00, 'Pendiente');
INSERT INTO public.multa (id_multa, id_prestamo, id_tarifa, dias_retraso, monto_total, estado_pago) OVERRIDING SYSTEM VALUE VALUES (266, 468, 2, 626, 626.00, 'Pendiente');
INSERT INTO public.multa (id_multa, id_prestamo, id_tarifa, dias_retraso, monto_total, estado_pago) OVERRIDING SYSTEM VALUE VALUES (267, 469, 2, 614, 614.00, 'Pendiente');
INSERT INTO public.multa (id_multa, id_prestamo, id_tarifa, dias_retraso, monto_total, estado_pago) OVERRIDING SYSTEM VALUE VALUES (268, 471, 2, 570, 570.00, 'Pendiente');
INSERT INTO public.multa (id_multa, id_prestamo, id_tarifa, dias_retraso, monto_total, estado_pago) OVERRIDING SYSTEM VALUE VALUES (269, 472, 2, 730, 730.00, 'Pendiente');
INSERT INTO public.multa (id_multa, id_prestamo, id_tarifa, dias_retraso, monto_total, estado_pago) OVERRIDING SYSTEM VALUE VALUES (270, 473, 2, 523, 523.00, 'Pendiente');
INSERT INTO public.multa (id_multa, id_prestamo, id_tarifa, dias_retraso, monto_total, estado_pago) OVERRIDING SYSTEM VALUE VALUES (271, 474, 2, 449, 449.00, 'Pendiente');
INSERT INTO public.multa (id_multa, id_prestamo, id_tarifa, dias_retraso, monto_total, estado_pago) OVERRIDING SYSTEM VALUE VALUES (272, 476, 2, 162, 162.00, 'Pendiente');
INSERT INTO public.multa (id_multa, id_prestamo, id_tarifa, dias_retraso, monto_total, estado_pago) OVERRIDING SYSTEM VALUE VALUES (273, 477, 2, 868, 868.00, 'Pendiente');
INSERT INTO public.multa (id_multa, id_prestamo, id_tarifa, dias_retraso, monto_total, estado_pago) OVERRIDING SYSTEM VALUE VALUES (274, 478, 2, 554, 554.00, 'Pendiente');
INSERT INTO public.multa (id_multa, id_prestamo, id_tarifa, dias_retraso, monto_total, estado_pago) OVERRIDING SYSTEM VALUE VALUES (275, 479, 2, 177, 177.00, 'Pendiente');
INSERT INTO public.multa (id_multa, id_prestamo, id_tarifa, dias_retraso, monto_total, estado_pago) OVERRIDING SYSTEM VALUE VALUES (276, 480, 2, 506, 506.00, 'Pendiente');
INSERT INTO public.multa (id_multa, id_prestamo, id_tarifa, dias_retraso, monto_total, estado_pago) OVERRIDING SYSTEM VALUE VALUES (277, 481, 2, 528, 528.00, 'Pendiente');
INSERT INTO public.multa (id_multa, id_prestamo, id_tarifa, dias_retraso, monto_total, estado_pago) OVERRIDING SYSTEM VALUE VALUES (278, 483, 2, 422, 422.00, 'Pendiente');
INSERT INTO public.multa (id_multa, id_prestamo, id_tarifa, dias_retraso, monto_total, estado_pago) OVERRIDING SYSTEM VALUE VALUES (279, 484, 2, 148, 148.00, 'Pendiente');
INSERT INTO public.multa (id_multa, id_prestamo, id_tarifa, dias_retraso, monto_total, estado_pago) OVERRIDING SYSTEM VALUE VALUES (280, 485, 2, 460, 460.00, 'Pendiente');
INSERT INTO public.multa (id_multa, id_prestamo, id_tarifa, dias_retraso, monto_total, estado_pago) OVERRIDING SYSTEM VALUE VALUES (281, 487, 2, 533, 533.00, 'Pendiente');
INSERT INTO public.multa (id_multa, id_prestamo, id_tarifa, dias_retraso, monto_total, estado_pago) OVERRIDING SYSTEM VALUE VALUES (282, 489, 2, 508, 508.00, 'Pendiente');
INSERT INTO public.multa (id_multa, id_prestamo, id_tarifa, dias_retraso, monto_total, estado_pago) OVERRIDING SYSTEM VALUE VALUES (283, 490, 2, 422, 422.00, 'Pendiente');
INSERT INTO public.multa (id_multa, id_prestamo, id_tarifa, dias_retraso, monto_total, estado_pago) OVERRIDING SYSTEM VALUE VALUES (284, 491, 2, 792, 792.00, 'Pendiente');
INSERT INTO public.multa (id_multa, id_prestamo, id_tarifa, dias_retraso, monto_total, estado_pago) OVERRIDING SYSTEM VALUE VALUES (285, 492, 2, 393, 393.00, 'Pendiente');
INSERT INTO public.multa (id_multa, id_prestamo, id_tarifa, dias_retraso, monto_total, estado_pago) OVERRIDING SYSTEM VALUE VALUES (286, 494, 2, 604, 604.00, 'Pendiente');
INSERT INTO public.multa (id_multa, id_prestamo, id_tarifa, dias_retraso, monto_total, estado_pago) OVERRIDING SYSTEM VALUE VALUES (287, 495, 2, 438, 438.00, 'Pendiente');
INSERT INTO public.multa (id_multa, id_prestamo, id_tarifa, dias_retraso, monto_total, estado_pago) OVERRIDING SYSTEM VALUE VALUES (288, 496, 2, 729, 729.00, 'Pendiente');
INSERT INTO public.multa (id_multa, id_prestamo, id_tarifa, dias_retraso, monto_total, estado_pago) OVERRIDING SYSTEM VALUE VALUES (289, 498, 2, 570, 570.00, 'Pendiente');
INSERT INTO public.multa (id_multa, id_prestamo, id_tarifa, dias_retraso, monto_total, estado_pago) OVERRIDING SYSTEM VALUE VALUES (290, 499, 2, 684, 684.00, 'Pendiente');
INSERT INTO public.multa (id_multa, id_prestamo, id_tarifa, dias_retraso, monto_total, estado_pago) OVERRIDING SYSTEM VALUE VALUES (291, 500, 2, 469, 469.00, 'Pendiente');


--
-- Name: autor_id_autor_seq; Type: SEQUENCE SET; Schema: public; Owner: postgres
--

SELECT pg_catalog.setval('public.autor_id_autor_seq', 100, true);


--
-- Name: categoria_id_categoria_seq; Type: SEQUENCE SET; Schema: public; Owner: postgres
--

SELECT pg_catalog.setval('public.categoria_id_categoria_seq', 20, true);


--
-- Name: editorial_id_editorial_seq; Type: SEQUENCE SET; Schema: public; Owner: postgres
--

SELECT pg_catalog.setval('public.editorial_id_editorial_seq', 20, true);


--
-- Name: ejemplar_id_ejemplar_seq; Type: SEQUENCE SET; Schema: public; Owner: postgres
--

SELECT pg_catalog.setval('public.ejemplar_id_ejemplar_seq', 301, true);


--
-- Name: empleado_id_empleado_seq; Type: SEQUENCE SET; Schema: public; Owner: postgres
--

SELECT pg_catalog.setval('public.empleado_id_empleado_seq', 15, true);


--
-- Name: multa_id_multa_seq; Type: SEQUENCE SET; Schema: public; Owner: postgres
--

SELECT pg_catalog.setval('public.multa_id_multa_seq', 6, true);


--
-- Name: prestamo_id_prestamo_seq; Type: SEQUENCE SET; Schema: public; Owner: postgres
--

SELECT pg_catalog.setval('public.prestamo_id_prestamo_seq', 102, true);


--
-- Name: socio_id_socio_seq; Type: SEQUENCE SET; Schema: public; Owner: postgres
--

SELECT pg_catalog.setval('public.socio_id_socio_seq', 100, true);


--
-- Name: tarifa_multa_id_tarifa_seq; Type: SEQUENCE SET; Schema: public; Owner: postgres
--

SELECT pg_catalog.setval('public.tarifa_multa_id_tarifa_seq', 2, true);


--
-- PostgreSQL database dump complete
--

\unrestrict B95m7AKNAcWuVEK62M7Y3HF6D5TDcaDvQbkBzVbeKloH0pVfwmIchuSIR1pcFt1

SET session_replication_role = 'origin';
