--
-- PostgreSQL database dump
--

\restrict B95m7AKNAcWuVEK62M7Y3HF6D5TDcaDvQbkBzVbeKloH0pVfwmIchuSIR1pcFt1

-- Dumped from database version 18.3
-- Dumped by pg_dump version 18.3

SET statement_timeout = 0;
SET lock_timeout = 0;
SET idle_in_transaction_session_timeout = 0;
SET transaction_timeout = 0;
SET client_encoding = 'UTF8';
SET standard_conforming_strings = on;
SELECT pg_catalog.set_config('search_path', '', false);
SET check_function_bodies = false;
SET xmloption = content;
SET client_min_messages = warning;
SET row_security = off;

--
-- Data for Name: autor; Type: TABLE DATA; Schema: public; Owner: postgres
--

begin;

SET session_replication_role = 'replica';

INSERT INTO public.autor (id_autor, nombre, nacionalidad) OVERRIDING SYSTEM VALUE VALUES (1, 'Miguel de Cervantes', 'Española');
INSERT INTO public.autor (id_autor, nombre, nacionalidad) OVERRIDING SYSTEM VALUE VALUES (2, 'Gabriel García Márquez', 'Colombiana');
INSERT INTO public.autor (id_autor, nombre, nacionalidad) OVERRIDING SYSTEM VALUE VALUES (3, 'William Shakespeare', 'Británica');
INSERT INTO public.autor (id_autor, nombre, nacionalidad) OVERRIDING SYSTEM VALUE VALUES (4, 'Jorge Luis Borges', 'Argentina');
INSERT INTO public.autor (id_autor, nombre, nacionalidad) OVERRIDING SYSTEM VALUE VALUES (5, 'Julio Cortázar', 'Argentina');
INSERT INTO public.autor (id_autor, nombre, nacionalidad) OVERRIDING SYSTEM VALUE VALUES (6, 'Isabel Allende', 'Chilena');
INSERT INTO public.autor (id_autor, nombre, nacionalidad) OVERRIDING SYSTEM VALUE VALUES (7, 'Mario Vargas Llosa', 'Peruana');
INSERT INTO public.autor (id_autor, nombre, nacionalidad) OVERRIDING SYSTEM VALUE VALUES (8, 'Pablo Neruda', 'Chilena');
INSERT INTO public.autor (id_autor, nombre, nacionalidad) OVERRIDING SYSTEM VALUE VALUES (9, 'Federico García Lorca', 'Española');
INSERT INTO public.autor (id_autor, nombre, nacionalidad) OVERRIDING SYSTEM VALUE VALUES (10, 'Juan Rulfo', 'Mexicana');
INSERT INTO public.autor (id_autor, nombre, nacionalidad) OVERRIDING SYSTEM VALUE VALUES (11, 'Carlos Fuentes', 'Mexicana');
INSERT INTO public.autor (id_autor, nombre, nacionalidad) OVERRIDING SYSTEM VALUE VALUES (12, 'Octavio Paz', 'Mexicana');
INSERT INTO public.autor (id_autor, nombre, nacionalidad) OVERRIDING SYSTEM VALUE VALUES (13, 'Gabriela Mistral', 'Chilena');
INSERT INTO public.autor (id_autor, nombre, nacionalidad) OVERRIDING SYSTEM VALUE VALUES (14, 'Ernest Hemingway', 'Estadounidense');
INSERT INTO public.autor (id_autor, nombre, nacionalidad) OVERRIDING SYSTEM VALUE VALUES (15, 'F. Scott Fitzgerald', 'Estadounidense');
INSERT INTO public.autor (id_autor, nombre, nacionalidad) OVERRIDING SYSTEM VALUE VALUES (16, 'Mark Twain', 'Estadounidense');
INSERT INTO public.autor (id_autor, nombre, nacionalidad) OVERRIDING SYSTEM VALUE VALUES (17, 'Edgar Allan Poe', 'Estadounidense');
INSERT INTO public.autor (id_autor, nombre, nacionalidad) OVERRIDING SYSTEM VALUE VALUES (18, 'Virginia Woolf', 'Británica');
INSERT INTO public.autor (id_autor, nombre, nacionalidad) OVERRIDING SYSTEM VALUE VALUES (19, 'Jane Austen', 'Británica');
INSERT INTO public.autor (id_autor, nombre, nacionalidad) OVERRIDING SYSTEM VALUE VALUES (20, 'Charles Dickens', 'Británica');
INSERT INTO public.autor (id_autor, nombre, nacionalidad) OVERRIDING SYSTEM VALUE VALUES (21, 'George Orwell', 'Británica');
INSERT INTO public.autor (id_autor, nombre, nacionalidad) OVERRIDING SYSTEM VALUE VALUES (22, 'Aldous Huxley', 'Británica');
INSERT INTO public.autor (id_autor, nombre, nacionalidad) OVERRIDING SYSTEM VALUE VALUES (23, 'J.R.R. Tolkien', 'Británica');
INSERT INTO public.autor (id_autor, nombre, nacionalidad) OVERRIDING SYSTEM VALUE VALUES (24, 'Agatha Christie', 'Británica');
INSERT INTO public.autor (id_autor, nombre, nacionalidad) OVERRIDING SYSTEM VALUE VALUES (25, 'Fyodor Dostoevsky', 'Rusa');
INSERT INTO public.autor (id_autor, nombre, nacionalidad) OVERRIDING SYSTEM VALUE VALUES (26, 'Leo Tolstoy', 'Rusa');
INSERT INTO public.autor (id_autor, nombre, nacionalidad) OVERRIDING SYSTEM VALUE VALUES (27, 'Anton Chekhov', 'Rusa');
INSERT INTO public.autor (id_autor, nombre, nacionalidad) OVERRIDING SYSTEM VALUE VALUES (28, 'Vladimir Nabokov', 'Rusa');
INSERT INTO public.autor (id_autor, nombre, nacionalidad) OVERRIDING SYSTEM VALUE VALUES (29, 'Franz Kafka', 'Austrohúngara');
INSERT INTO public.autor (id_autor, nombre, nacionalidad) OVERRIDING SYSTEM VALUE VALUES (30, 'Thomas Mann', 'Alemana');
INSERT INTO public.autor (id_autor, nombre, nacionalidad) OVERRIDING SYSTEM VALUE VALUES (31, 'Johann Wolfgang von Goethe', 'Alemana');
INSERT INTO public.autor (id_autor, nombre, nacionalidad) OVERRIDING SYSTEM VALUE VALUES (32, 'Hermann Hesse', 'Alemana');
INSERT INTO public.autor (id_autor, nombre, nacionalidad) OVERRIDING SYSTEM VALUE VALUES (33, 'Victor Hugo', 'Francesa');
INSERT INTO public.autor (id_autor, nombre, nacionalidad) OVERRIDING SYSTEM VALUE VALUES (34, 'Gustave Flaubert', 'Francesa');
INSERT INTO public.autor (id_autor, nombre, nacionalidad) OVERRIDING SYSTEM VALUE VALUES (35, 'Albert Camus', 'Francesa');
INSERT INTO public.autor (id_autor, nombre, nacionalidad) OVERRIDING SYSTEM VALUE VALUES (36, 'Marcel Proust', 'Francesa');
INSERT INTO public.autor (id_autor, nombre, nacionalidad) OVERRIDING SYSTEM VALUE VALUES (37, 'Antoine de Saint-Exupéry', 'Francesa');
INSERT INTO public.autor (id_autor, nombre, nacionalidad) OVERRIDING SYSTEM VALUE VALUES (38, 'Honoré de Balzac', 'Francesa');
INSERT INTO public.autor (id_autor, nombre, nacionalidad) OVERRIDING SYSTEM VALUE VALUES (39, 'Alexandre Dumas', 'Francesa');
INSERT INTO public.autor (id_autor, nombre, nacionalidad) OVERRIDING SYSTEM VALUE VALUES (40, 'Jules Verne', 'Francesa');
INSERT INTO public.autor (id_autor, nombre, nacionalidad) OVERRIDING SYSTEM VALUE VALUES (41, 'Dante Alighieri', 'Italiana');
INSERT INTO public.autor (id_autor, nombre, nacionalidad) OVERRIDING SYSTEM VALUE VALUES (42, 'Italo Calvino', 'Italiana');
INSERT INTO public.autor (id_autor, nombre, nacionalidad) OVERRIDING SYSTEM VALUE VALUES (43, 'Umberto Eco', 'Italiana');
INSERT INTO public.autor (id_autor, nombre, nacionalidad) OVERRIDING SYSTEM VALUE VALUES (44, 'Fernando Pessoa', 'Portuguesa');
INSERT INTO public.autor (id_autor, nombre, nacionalidad) OVERRIDING SYSTEM VALUE VALUES (45, 'José Saramago', 'Portuguesa');
INSERT INTO public.autor (id_autor, nombre, nacionalidad) OVERRIDING SYSTEM VALUE VALUES (46, 'Clarice Lispector', 'Brasileña');
INSERT INTO public.autor (id_autor, nombre, nacionalidad) OVERRIDING SYSTEM VALUE VALUES (47, 'Jorge Amado', 'Brasileña');
INSERT INTO public.autor (id_autor, nombre, nacionalidad) OVERRIDING SYSTEM VALUE VALUES (48, 'Machado de Assis', 'Brasileña');
INSERT INTO public.autor (id_autor, nombre, nacionalidad) OVERRIDING SYSTEM VALUE VALUES (49, 'Haruki Murakami', 'Japonesa');
INSERT INTO public.autor (id_autor, nombre, nacionalidad) OVERRIDING SYSTEM VALUE VALUES (50, 'Yukio Mishima', 'Japonesa');
INSERT INTO public.autor (id_autor, nombre, nacionalidad) OVERRIDING SYSTEM VALUE VALUES (51, 'Yasunari Kawabata', 'Japonesa');
INSERT INTO public.autor (id_autor, nombre, nacionalidad) OVERRIDING SYSTEM VALUE VALUES (52, 'Kenzaburō Ōe', 'Japonesa');
INSERT INTO public.autor (id_autor, nombre, nacionalidad) OVERRIDING SYSTEM VALUE VALUES (53, 'Ryūnosuke Akutagawa', 'Japonesa');
INSERT INTO public.autor (id_autor, nombre, nacionalidad) OVERRIDING SYSTEM VALUE VALUES (54, 'Oscar Wilde', 'Irlandesa');
INSERT INTO public.autor (id_autor, nombre, nacionalidad) OVERRIDING SYSTEM VALUE VALUES (55, 'James Joyce', 'Irlandesa');
INSERT INTO public.autor (id_autor, nombre, nacionalidad) OVERRIDING SYSTEM VALUE VALUES (56, 'Samuel Beckett', 'Irlandesa');
INSERT INTO public.autor (id_autor, nombre, nacionalidad) OVERRIDING SYSTEM VALUE VALUES (57, 'Bram Stoker', 'Irlandesa');
INSERT INTO public.autor (id_autor, nombre, nacionalidad) OVERRIDING SYSTEM VALUE VALUES (58, 'Arthur Conan Doyle', 'Británica');
INSERT INTO public.autor (id_autor, nombre, nacionalidad) OVERRIDING SYSTEM VALUE VALUES (59, 'Mary Shelley', 'Británica');
INSERT INTO public.autor (id_autor, nombre, nacionalidad) OVERRIDING SYSTEM VALUE VALUES (60, 'Emily Brontë', 'Británica');
INSERT INTO public.autor (id_autor, nombre, nacionalidad) OVERRIDING SYSTEM VALUE VALUES (61, 'Charlotte Brontë', 'Británica');
INSERT INTO public.autor (id_autor, nombre, nacionalidad) OVERRIDING SYSTEM VALUE VALUES (62, 'Lewis Carroll', 'Británica');
INSERT INTO public.autor (id_autor, nombre, nacionalidad) OVERRIDING SYSTEM VALUE VALUES (63, 'H.G. Wells', 'Británica');
INSERT INTO public.autor (id_autor, nombre, nacionalidad) OVERRIDING SYSTEM VALUE VALUES (64, 'Stephen King', 'Estadounidense');
INSERT INTO public.autor (id_autor, nombre, nacionalidad) OVERRIDING SYSTEM VALUE VALUES (65, 'Isaac Asimov', 'Estadounidense');
INSERT INTO public.autor (id_autor, nombre, nacionalidad) OVERRIDING SYSTEM VALUE VALUES (66, 'Ray Bradbury', 'Estadounidense');
INSERT INTO public.autor (id_autor, nombre, nacionalidad) OVERRIDING SYSTEM VALUE VALUES (67, 'Philip K. Dick', 'Estadounidense');
INSERT INTO public.autor (id_autor, nombre, nacionalidad) OVERRIDING SYSTEM VALUE VALUES (68, 'Herman Melville', 'Estadounidense');
INSERT INTO public.autor (id_autor, nombre, nacionalidad) OVERRIDING SYSTEM VALUE VALUES (69, 'Nathaniel Hawthorne', 'Estadounidense');
INSERT INTO public.autor (id_autor, nombre, nacionalidad) OVERRIDING SYSTEM VALUE VALUES (70, 'Walt Whitman', 'Estadounidense');
INSERT INTO public.autor (id_autor, nombre, nacionalidad) OVERRIDING SYSTEM VALUE VALUES (71, 'Emily Dickinson', 'Estadounidense');
INSERT INTO public.autor (id_autor, nombre, nacionalidad) OVERRIDING SYSTEM VALUE VALUES (72, 'Toni Morrison', 'Estadounidense');
INSERT INTO public.autor (id_autor, nombre, nacionalidad) OVERRIDING SYSTEM VALUE VALUES (73, 'Maya Angelou', 'Estadounidense');
INSERT INTO public.autor (id_autor, nombre, nacionalidad) OVERRIDING SYSTEM VALUE VALUES (74, 'Harper Lee', 'Estadounidense');
INSERT INTO public.autor (id_autor, nombre, nacionalidad) OVERRIDING SYSTEM VALUE VALUES (75, 'Truman Capote', 'Estadounidense');
INSERT INTO public.autor (id_autor, nombre, nacionalidad) OVERRIDING SYSTEM VALUE VALUES (76, 'John Steinbeck', 'Estadounidense');
INSERT INTO public.autor (id_autor, nombre, nacionalidad) OVERRIDING SYSTEM VALUE VALUES (77, 'William Faulkner', 'Estadounidense');
INSERT INTO public.autor (id_autor, nombre, nacionalidad) OVERRIDING SYSTEM VALUE VALUES (78, 'Jorge Volpi', 'Mexicana');
INSERT INTO public.autor (id_autor, nombre, nacionalidad) OVERRIDING SYSTEM VALUE VALUES (79, 'Laura Esquivel', 'Mexicana');
INSERT INTO public.autor (id_autor, nombre, nacionalidad) OVERRIDING SYSTEM VALUE VALUES (80, 'Ángeles Mastretta', 'Mexicana');
INSERT INTO public.autor (id_autor, nombre, nacionalidad) OVERRIDING SYSTEM VALUE VALUES (81, 'Horacio Quiroga', 'Uruguaya');
INSERT INTO public.autor (id_autor, nombre, nacionalidad) OVERRIDING SYSTEM VALUE VALUES (82, 'Mario Benedetti', 'Uruguaya');
INSERT INTO public.autor (id_autor, nombre, nacionalidad) OVERRIDING SYSTEM VALUE VALUES (83, 'Eduardo Galeano', 'Uruguaya');
INSERT INTO public.autor (id_autor, nombre, nacionalidad) OVERRIDING SYSTEM VALUE VALUES (84, 'Juan Carlos Onetti', 'Uruguaya');
INSERT INTO public.autor (id_autor, nombre, nacionalidad) OVERRIDING SYSTEM VALUE VALUES (85, 'Augusto Roa Bastos', 'Paraguaya');
INSERT INTO public.autor (id_autor, nombre, nacionalidad) OVERRIDING SYSTEM VALUE VALUES (86, 'Miguel Ángel Asturias', 'Guatemalteca');
INSERT INTO public.autor (id_autor, nombre, nacionalidad) OVERRIDING SYSTEM VALUE VALUES (87, 'Ernesto Sabato', 'Argentina');
INSERT INTO public.autor (id_autor, nombre, nacionalidad) OVERRIDING SYSTEM VALUE VALUES (88, 'Adolfo Bioy Casares', 'Argentina');
INSERT INTO public.autor (id_autor, nombre, nacionalidad) OVERRIDING SYSTEM VALUE VALUES (89, 'Alejandra Pizarnik', 'Argentina');
INSERT INTO public.autor (id_autor, nombre, nacionalidad) OVERRIDING SYSTEM VALUE VALUES (90, 'Alfonsina Storni', 'Argentina');
INSERT INTO public.autor (id_autor, nombre, nacionalidad) OVERRIDING SYSTEM VALUE VALUES (91, 'José Martí', 'Cubana');
INSERT INTO public.autor (id_autor, nombre, nacionalidad) OVERRIDING SYSTEM VALUE VALUES (92, 'Alejo Carpentier', 'Cubana');
INSERT INTO public.autor (id_autor, nombre, nacionalidad) OVERRIDING SYSTEM VALUE VALUES (93, 'Reinaldo Arenas', 'Cubana');
INSERT INTO public.autor (id_autor, nombre, nacionalidad) OVERRIDING SYSTEM VALUE VALUES (94, 'Guillermo Cabrera Infante', 'Cubana');
INSERT INTO public.autor (id_autor, nombre, nacionalidad) OVERRIDING SYSTEM VALUE VALUES (95, 'Rómulo Gallegos', 'Venezolana');
INSERT INTO public.autor (id_autor, nombre, nacionalidad) OVERRIDING SYSTEM VALUE VALUES (96, 'Arturo Uslar Pietri', 'Venezolana');
INSERT INTO public.autor (id_autor, nombre, nacionalidad) OVERRIDING SYSTEM VALUE VALUES (97, 'Rafael Cadenas', 'Venezolana');
INSERT INTO public.autor (id_autor, nombre, nacionalidad) OVERRIDING SYSTEM VALUE VALUES (98, 'Milan Kundera', 'Checa');
INSERT INTO public.autor (id_autor, nombre, nacionalidad) OVERRIDING SYSTEM VALUE VALUES (99, 'José Luis Sanpedro', 'Española');
INSERT INTO public.autor (id_autor, nombre, nacionalidad) OVERRIDING SYSTEM VALUE VALUES (100, 'Arturo Pérez-Reverte', 'Española');

--
-- Data for Name: categoria; Type: TABLE DATA; Schema: public; Owner: postgres
--

INSERT INTO public.categoria (id_categoria, nombre_categoria) OVERRIDING SYSTEM VALUE VALUES (1, 'Realismo Mágico');
INSERT INTO public.categoria (id_categoria, nombre_categoria) OVERRIDING SYSTEM VALUE VALUES (2, 'Novela Histórica');
INSERT INTO public.categoria (id_categoria, nombre_categoria) OVERRIDING SYSTEM VALUE VALUES (3, 'Ciencia Ficción');
INSERT INTO public.categoria (id_categoria, nombre_categoria) OVERRIDING SYSTEM VALUE VALUES (4, 'Literatura de Terror');
INSERT INTO public.categoria (id_categoria, nombre_categoria) OVERRIDING SYSTEM VALUE VALUES (5, 'Novela Policiaca y Misterio');
INSERT INTO public.categoria (id_categoria, nombre_categoria) OVERRIDING SYSTEM VALUE VALUES (6, 'Poesía Lírica');
INSERT INTO public.categoria (id_categoria, nombre_categoria) OVERRIDING SYSTEM VALUE VALUES (7, 'Drama Teatral');
INSERT INTO public.categoria (id_categoria, nombre_categoria) OVERRIDING SYSTEM VALUE VALUES (8, 'Ensayo Filosófico');
INSERT INTO public.categoria (id_categoria, nombre_categoria) OVERRIDING SYSTEM VALUE VALUES (9, 'Literatura Satírica');
INSERT INTO public.categoria (id_categoria, nombre_categoria) OVERRIDING SYSTEM VALUE VALUES (10, 'Novela Psicológica');
INSERT INTO public.categoria (id_categoria, nombre_categoria) OVERRIDING SYSTEM VALUE VALUES (11, 'Fantasía Épica');
INSERT INTO public.categoria (id_categoria, nombre_categoria) OVERRIDING SYSTEM VALUE VALUES (12, 'Novela Romántica');
INSERT INTO public.categoria (id_categoria, nombre_categoria) OVERRIDING SYSTEM VALUE VALUES (13, 'Literatura de Aventuras');
INSERT INTO public.categoria (id_categoria, nombre_categoria) OVERRIDING SYSTEM VALUE VALUES (14, 'Realismo Social');
INSERT INTO public.categoria (id_categoria, nombre_categoria) OVERRIDING SYSTEM VALUE VALUES (15, 'Literatura Gótica');
INSERT INTO public.categoria (id_categoria, nombre_categoria) OVERRIDING SYSTEM VALUE VALUES (16, 'Crónica Periodística');
INSERT INTO public.categoria (id_categoria, nombre_categoria) OVERRIDING SYSTEM VALUE VALUES (17, 'Ficción Distópica');
INSERT INTO public.categoria (id_categoria, nombre_categoria) OVERRIDING SYSTEM VALUE VALUES (18, 'Literatura Existencialista');
INSERT INTO public.categoria (id_categoria, nombre_categoria) OVERRIDING SYSTEM VALUE VALUES (19, 'Cuento Corto');
INSERT INTO public.categoria (id_categoria, nombre_categoria) OVERRIDING SYSTEM VALUE VALUES (20, 'Vanguardismo');




--
-- Data for Name: editorial; Type: TABLE DATA; Schema: public; Owner: postgres
--

INSERT INTO public.editorial (id_editorial, nombre, pais) OVERRIDING SYSTEM VALUE VALUES (1, 'Editorial Sudamericana', 'Argentina');
INSERT INTO public.editorial (id_editorial, nombre, pais) OVERRIDING SYSTEM VALUE VALUES (2, 'Fondo de Cultura Económica', 'México');
INSERT INTO public.editorial (id_editorial, nombre, pais) OVERRIDING SYSTEM VALUE VALUES (3, 'Editorial Seix Barral', 'España');
INSERT INTO public.editorial (id_editorial, nombre, pais) OVERRIDING SYSTEM VALUE VALUES (4, 'Penguin Random House', 'Estados Unidos');
INSERT INTO public.editorial (id_editorial, nombre, pais) OVERRIDING SYSTEM VALUE VALUES (5, 'Editorial Anagrama', 'España');
INSERT INTO public.editorial (id_editorial, nombre, pais) OVERRIDING SYSTEM VALUE VALUES (6, 'George Allen & Unwin', 'Reino Unido');
INSERT INTO public.editorial (id_editorial, nombre, pais) OVERRIDING SYSTEM VALUE VALUES (7, 'Gallicard / Éditions Gallimard', 'Francia');
INSERT INTO public.editorial (id_editorial, nombre, pais) OVERRIDING SYSTEM VALUE VALUES (8, 'HarperCollins', 'Estados Unidos');
INSERT INTO public.editorial (id_editorial, nombre, pais) OVERRIDING SYSTEM VALUE VALUES (9, 'Editorial Losada', 'Argentina');
INSERT INTO public.editorial (id_editorial, nombre, pais) OVERRIDING SYSTEM VALUE VALUES (10, 'Charles Scribner''s Sons', 'Estados Unidos');
INSERT INTO public.editorial (id_editorial, nombre, pais) OVERRIDING SYSTEM VALUE VALUES (11, 'Macmillan Publishers', 'Reino Unido');
INSERT INTO public.editorial (id_editorial, nombre, pais) OVERRIDING SYSTEM VALUE VALUES (12, 'Editorial Alfaguara', 'España');
INSERT INTO public.editorial (id_editorial, nombre, pais) OVERRIDING SYSTEM VALUE VALUES (13, 'Casa de las Américas', 'Cuba');
INSERT INTO public.editorial (id_editorial, nombre, pais) OVERRIDING SYSTEM VALUE VALUES (14, 'Shinchosha', 'Japón');
INSERT INTO public.editorial (id_editorial, nombre, pais) OVERRIDING SYSTEM VALUE VALUES (15, 'Kurt Wolff Verlag', 'Alemania');
INSERT INTO public.editorial (id_editorial, nombre, pais) OVERRIDING SYSTEM VALUE VALUES (16, 'The Russian Messenger', 'Rusia');
INSERT INTO public.editorial (id_editorial, nombre, pais) OVERRIDING SYSTEM VALUE VALUES (17, 'Editorial Planeta', 'España');
INSERT INTO public.editorial (id_editorial, nombre, pais) OVERRIDING SYSTEM VALUE VALUES (18, 'Joaquín Mortiz', 'México');
INSERT INTO public.editorial (id_editorial, nombre, pais) OVERRIDING SYSTEM VALUE VALUES (19, 'Siglo XXI Editores', 'México');
INSERT INTO public.editorial (id_editorial, nombre, pais) OVERRIDING SYSTEM VALUE VALUES (20, 'Faber and Faber', 'Reino Unido');


--
-- Data for Name: libro; Type: TABLE DATA; Schema: public; Owner: postgres
--

INSERT INTO public.libro (isbn, titulo, anio_publicacion, id_editorial, id_categoria) OVERRIDING SYSTEM VALUE VALUES ('843760494-2', 'Don Quijote de la Mancha', 1605, 3, 9);
INSERT INTO public.libro (isbn, titulo, anio_publicacion, id_editorial, id_categoria) OVERRIDING SYSTEM VALUE VALUES ('950070038-1', 'Cien años de soledad', 1967, 1, 1);
INSERT INTO public.libro (isbn, titulo, anio_publicacion, id_editorial, id_categoria) OVERRIDING SYSTEM VALUE VALUES ('185326095-X', 'Hamlet', 1603, 11, 7);
INSERT INTO public.libro (isbn, titulo, anio_publicacion, id_editorial, id_categoria) OVERRIDING SYSTEM VALUE VALUES ('842063315-X', 'Ficciones', 1944, 9, 19);
INSERT INTO public.libro (isbn, titulo, anio_publicacion, id_editorial, id_categoria) OVERRIDING SYSTEM VALUE VALUES ('950515605-1', 'Rayuela', 1963, 1, 20);
INSERT INTO public.libro (isbn, titulo, anio_publicacion, id_editorial, id_categoria) OVERRIDING SYSTEM VALUE VALUES ('840134190-8', 'La casa de los espíritus', 1982, 12, 1);
INSERT INTO public.libro (isbn, titulo, anio_publicacion, id_editorial, id_categoria) OVERRIDING SYSTEM VALUE VALUES ('842044239-7', 'La ciudad y los perros', 1963, 12, 14);
INSERT INTO public.libro (isbn, titulo, anio_publicacion, id_editorial, id_categoria) OVERRIDING SYSTEM VALUE VALUES ('843760155-2', 'Veinte poemas de amor y una canción desesperada', 1924, 9, 6);
INSERT INTO public.libro (isbn, titulo, anio_publicacion, id_editorial, id_categoria) OVERRIDING SYSTEM VALUE VALUES ('843760165-X', 'Bodas de sangre', 1933, 3, 7);
INSERT INTO public.libro (isbn, titulo, anio_publicacion, id_editorial, id_categoria) OVERRIDING SYSTEM VALUE VALUES ('843760178-1', 'Pedro Páramo', 1955, 2, 1);
INSERT INTO public.libro (isbn, titulo, anio_publicacion, id_editorial, id_categoria) OVERRIDING SYSTEM VALUE VALUES ('968160105-2', 'La región más transparente', 1958, 2, 14);
INSERT INTO public.libro (isbn, titulo, anio_publicacion, id_editorial, id_categoria) OVERRIDING SYSTEM VALUE VALUES ('968160210-5', 'El laberinto de la soledad', 1950, 2, 8);
INSERT INTO public.libro (isbn, titulo, anio_publicacion, id_editorial, id_categoria) OVERRIDING SYSTEM VALUE VALUES ('843760205-2', 'Desolación', 1922, 9, 6);
INSERT INTO public.libro (isbn, titulo, anio_publicacion, id_editorial, id_categoria) OVERRIDING SYSTEM VALUE VALUES ('068480122-1', 'El viejo y el mar', 1952, 10, 13);
INSERT INTO public.libro (isbn, titulo, anio_publicacion, id_editorial, id_categoria) OVERRIDING SYSTEM VALUE VALUES ('014118274-1', 'El gran Gatsby', 1925, 10, 10);
INSERT INTO public.libro (isbn, titulo, anio_publicacion, id_editorial, id_categoria) OVERRIDING SYSTEM VALUE VALUES ('014303956-3', 'Las aventuras de Huckleberry Finn', 1884, 4, 13);
INSERT INTO public.libro (isbn, titulo, anio_publicacion, id_editorial, id_categoria) OVERRIDING SYSTEM VALUE VALUES ('014043007-5', 'Las narraciones extraordinarias', 1845, 4, 4);
INSERT INTO public.libro (isbn, titulo, anio_publicacion, id_editorial, id_categoria) OVERRIDING SYSTEM VALUE VALUES ('015695255-2', 'Al faro', 1927, 4, 10);
INSERT INTO public.libro (isbn, titulo, anio_publicacion, id_editorial, id_categoria) OVERRIDING SYSTEM VALUE VALUES ('014143951-3', 'Orgullo y prejuicio', 1813, 11, 12);
INSERT INTO public.libro (isbn, titulo, anio_publicacion, id_editorial, id_categoria) OVERRIDING SYSTEM VALUE VALUES ('014143955-6', 'Historia de dos ciudades', 1859, 11, 2);
INSERT INTO public.libro (isbn, titulo, anio_publicacion, id_editorial, id_categoria) OVERRIDING SYSTEM VALUE VALUES ('014118776-X', '1984', 1949, 20, 17);
INSERT INTO public.libro (isbn, titulo, anio_publicacion, id_editorial, id_categoria) OVERRIDING SYSTEM VALUE VALUES ('006085052-3', 'Un mundo feliz', 1932, 20, 17);
INSERT INTO public.libro (isbn, titulo, anio_publicacion, id_editorial, id_categoria) OVERRIDING SYSTEM VALUE VALUES ('026110235-4', 'El Señor de los Anillos', 1954, 6, 11);
INSERT INTO public.libro (isbn, titulo, anio_publicacion, id_editorial, id_categoria) OVERRIDING SYSTEM VALUE VALUES ('000711931-1', 'Asesinato en el Orient Express', 1934, 11, 5);
INSERT INTO public.libro (isbn, titulo, anio_publicacion, id_editorial, id_categoria) OVERRIDING SYSTEM VALUE VALUES ('014044913-2', 'Crimen y castigo', 1866, 16, 10);
INSERT INTO public.libro (isbn, titulo, anio_publicacion, id_editorial, id_categoria) OVERRIDING SYSTEM VALUE VALUES ('014044793-8', 'Guerra y paz', 1869, 16, 2);
INSERT INTO public.libro (isbn, titulo, anio_publicacion, id_editorial, id_categoria) OVERRIDING SYSTEM VALUE VALUES ('014044179-4', 'El jardín de los cerezos', 1904, 11, 7);
INSERT INTO public.libro (isbn, titulo, anio_publicacion, id_editorial, id_categoria) OVERRIDING SYSTEM VALUE VALUES ('067972342-0', 'Lolita', 1955, 4, 10);
INSERT INTO public.libro (isbn, titulo, anio_publicacion, id_editorial, id_categoria) OVERRIDING SYSTEM VALUE VALUES ('359621484-2', 'La metamorfosis', 1915, 15, 18);
INSERT INTO public.libro (isbn, titulo, anio_publicacion, id_editorial, id_categoria) OVERRIDING SYSTEM VALUE VALUES ('359621490-7', 'La montaña mágica', 1924, 15, 8);
INSERT INTO public.libro (isbn, titulo, anio_publicacion, id_editorial, id_categoria) OVERRIDING SYSTEM VALUE VALUES ('345831811-2', 'Fausto', 1808, 15, 7);
INSERT INTO public.libro (isbn, titulo, anio_publicacion, id_editorial, id_categoria) OVERRIDING SYSTEM VALUE VALUES ('359621500-8', 'El lobo estepario', 1927, 15, 18);
INSERT INTO public.libro (isbn, titulo, anio_publicacion, id_editorial, id_categoria) OVERRIDING SYSTEM VALUE VALUES ('207040081-3', 'Los miserables', 1862, 7, 14);
INSERT INTO public.libro (isbn, titulo, anio_publicacion, id_editorial, id_categoria) OVERRIDING SYSTEM VALUE VALUES ('207040984-5', 'Madame Bovary', 1857, 7, 12);
INSERT INTO public.libro (isbn, titulo, anio_publicacion, id_editorial, id_categoria) OVERRIDING SYSTEM VALUE VALUES ('207036042-0', 'El extranjero', 1942, 7, 18);
INSERT INTO public.libro (isbn, titulo, anio_publicacion, id_editorial, id_categoria) OVERRIDING SYSTEM VALUE VALUES ('207074643-4', 'Por el camino de Swann', 1913, 7, 10);
INSERT INTO public.libro (isbn, titulo, anio_publicacion, id_editorial, id_categoria) OVERRIDING SYSTEM VALUE VALUES ('207051342-1', 'El principito', 1943, 7, 8);
INSERT INTO public.libro (isbn, titulo, anio_publicacion, id_editorial, id_categoria) OVERRIDING SYSTEM VALUE VALUES ('207102033-X', 'Papá Goriot', 1835, 7, 14);
INSERT INTO public.libro (isbn, titulo, anio_publicacion, id_editorial, id_categoria) OVERRIDING SYSTEM VALUE VALUES ('207040443-6', 'Los tres mosqueteros', 1844, 7, 13);
INSERT INTO public.libro (isbn, titulo, anio_publicacion, id_editorial, id_categoria) OVERRIDING SYSTEM VALUE VALUES ('225300632-4', 'Veinte mil leguas de viaje submarino', 1870, 7, 3);
INSERT INTO public.libro (isbn, titulo, anio_publicacion, id_editorial, id_categoria) OVERRIDING SYSTEM VALUE VALUES ('884524853-2', 'La divina comedia', 1995, 11, 6);
INSERT INTO public.libro (isbn, titulo, anio_publicacion, id_editorial, id_categoria) OVERRIDING SYSTEM VALUE VALUES ('842065532-3', 'Las ciudades invisibles', 1972, 5, 8);
INSERT INTO public.libro (isbn, titulo, anio_publicacion, id_editorial, id_categoria) OVERRIDING SYSTEM VALUE VALUES ('843453805-1', 'El nombre de la rosa', 1980, 4, 5);
INSERT INTO public.libro (isbn, titulo, anio_publicacion, id_editorial, id_categoria) OVERRIDING SYSTEM VALUE VALUES ('972031343-2', 'El libro del desasosiego', 1982, 3, 18);
INSERT INTO public.libro (isbn, titulo, anio_publicacion, id_editorial, id_categoria) OVERRIDING SYSTEM VALUE VALUES ('842044243-5', 'Ensayo sobre la ceguera', 1995, 12, 17);
INSERT INTO public.libro (isbn, titulo, anio_publicacion, id_editorial, id_categoria) OVERRIDING SYSTEM VALUE VALUES ('842261904-9', 'Cerca del corazón salvaje', 1943, 5, 10);
INSERT INTO public.libro (isbn, titulo, anio_publicacion, id_editorial, id_categoria) OVERRIDING SYSTEM VALUE VALUES ('843453890-6', 'Doña Flor y sus dos maridos', 1966, 1, 1);
INSERT INTO public.libro (isbn, titulo, anio_publicacion, id_editorial, id_categoria) OVERRIDING SYSTEM VALUE VALUES ('842063325-7', 'Memorias póstumas de Blas Cubas', 1881, 3, 9);
INSERT INTO public.libro (isbn, titulo, anio_publicacion, id_editorial, id_categoria) OVERRIDING SYSTEM VALUE VALUES ('404104203-3', 'Tokio blues (Norwegian Wood)', 1987, 14, 10);
INSERT INTO public.libro (isbn, titulo, anio_publicacion, id_editorial, id_categoria) OVERRIDING SYSTEM VALUE VALUES ('404104250-5', 'El marino que perdió la gracia del mar', 1963, 14, 10);
INSERT INTO public.libro (isbn, titulo, anio_publicacion, id_editorial, id_categoria) OVERRIDING SYSTEM VALUE VALUES ('404104288-2', 'País de nieve', 1948, 14, 12);
INSERT INTO public.libro (isbn, titulo, anio_publicacion, id_editorial, id_categoria) OVERRIDING SYSTEM VALUE VALUES ('843391022-4', 'Cuadernos de notas', 1994, 5, 8);
INSERT INTO public.libro (isbn, titulo, anio_publicacion, id_editorial, id_categoria) OVERRIDING SYSTEM VALUE VALUES ('404104312-9', 'Rashomon', 1915, 14, 19);
INSERT INTO public.libro (isbn, titulo, anio_publicacion, id_editorial, id_categoria) OVERRIDING SYSTEM VALUE VALUES ('014043605-7', 'El retrato de Dorian Gray', 1890, 11, 15);
INSERT INTO public.libro (isbn, titulo, anio_publicacion, id_editorial, id_categoria) OVERRIDING SYSTEM VALUE VALUES ('014118287-3', 'Ulises', 1922, 11, 20);
INSERT INTO public.libro (isbn, titulo, anio_publicacion, id_editorial, id_categoria) OVERRIDING SYSTEM VALUE VALUES ('057117450-5', 'Esperando a Godot', 1952, 20, 7);
INSERT INTO public.libro (isbn, titulo, anio_publicacion, id_editorial, id_categoria) OVERRIDING SYSTEM VALUE VALUES ('014143934-3', 'Drácula', 1897, 11, 15);
INSERT INTO public.libro (isbn, titulo, anio_publicacion, id_editorial, id_categoria) OVERRIDING SYSTEM VALUE VALUES ('014143947-5', 'Estudio en escarlata', 1887, 11, 5);
INSERT INTO public.libro (isbn, titulo, anio_publicacion, id_editorial, id_categoria) OVERRIDING SYSTEM VALUE VALUES ('014143964-5', 'Frankenstein', 1818, 11, 15);
INSERT INTO public.libro (isbn, titulo, anio_publicacion, id_editorial, id_categoria) OVERRIDING SYSTEM VALUE VALUES ('014143958-0', 'Cumbres Borrascosas', 1847, 11, 15);
INSERT INTO public.libro (isbn, titulo, anio_publicacion, id_editorial, id_categoria) OVERRIDING SYSTEM VALUE VALUES ('014144114-3', 'Jane Eyre', 1847, 11, 12);
INSERT INTO public.libro (isbn, titulo, anio_publicacion, id_editorial, id_categoria) OVERRIDING SYSTEM VALUE VALUES ('014143977-7', 'Alicia en el país de las maravillas', 1865, 11, 11);
INSERT INTO public.libro (isbn, titulo, anio_publicacion, id_editorial, id_categoria) OVERRIDING SYSTEM VALUE VALUES ('014144103-8', 'La máquina del tiempo', 1895, 11, 3);
INSERT INTO public.libro (isbn, titulo, anio_publicacion, id_editorial, id_categoria) OVERRIDING SYSTEM VALUE VALUES ('034533968-1', 'El resplandor', 1977, 4, 4);
INSERT INTO public.libro (isbn, titulo, anio_publicacion, id_editorial, id_categoria) OVERRIDING SYSTEM VALUE VALUES ('055329636-1', 'Yo, robot', 1950, 4, 3);
INSERT INTO public.libro (isbn, titulo, anio_publicacion, id_editorial, id_categoria) OVERRIDING SYSTEM VALUE VALUES ('034535047-2', 'Crónicas marcianas', 1950, 4, 3);
INSERT INTO public.libro (isbn, titulo, anio_publicacion, id_editorial, id_categoria) OVERRIDING SYSTEM VALUE VALUES ('057507921-3', '¿Sueñan los androides con ovejas eléctricas?', 1968, 4, 17);
INSERT INTO public.libro (isbn, titulo, anio_publicacion, id_editorial, id_categoria) OVERRIDING SYSTEM VALUE VALUES ('014039053-7', 'Moby-Dick', 1851, 11, 13);
INSERT INTO public.libro (isbn, titulo, anio_publicacion, id_editorial, id_categoria) OVERRIDING SYSTEM VALUE VALUES ('014039085-5', 'La letra escarlata', 1850, 11, 14);
INSERT INTO public.libro (isbn, titulo, anio_publicacion, id_editorial, id_categoria) OVERRIDING SYSTEM VALUE VALUES ('039910842-3', 'Hojas de hierba', 1855, 4, 6);
INSERT INTO public.libro (isbn, titulo, anio_publicacion, id_editorial, id_categoria) OVERRIDING SYSTEM VALUE VALUES ('031618413-6', 'Poemas de Emily Dickinson', 1890, 8, 6);
INSERT INTO public.libro (isbn, titulo, anio_publicacion, id_editorial, id_categoria) OVERRIDING SYSTEM VALUE VALUES ('045226401-4', 'Beloved', 1987, 4, 2);
INSERT INTO public.libro (isbn, titulo, anio_publicacion, id_editorial, id_categoria) OVERRIDING SYSTEM VALUE VALUES ('034544407-8', 'Sé por qué canta el pájaro enjaulado', 1969, 4, 14);
INSERT INTO public.libro (isbn, titulo, anio_publicacion, id_editorial, id_categoria) OVERRIDING SYSTEM VALUE VALUES ('044631078-6', 'Matar un ruiseñor', 1960, 8, 14);
INSERT INTO public.libro (isbn, titulo, anio_publicacion, id_editorial, id_categoria) OVERRIDING SYSTEM VALUE VALUES ('067974557-2', 'A sangre fría', 1966, 4, 16);
INSERT INTO public.libro (isbn, titulo, anio_publicacion, id_editorial, id_categoria) OVERRIDING SYSTEM VALUE VALUES ('014017739-6', 'Las uvas de la ira', 1939, 4, 14);
INSERT INTO public.libro (isbn, titulo, anio_publicacion, id_editorial, id_categoria) OVERRIDING SYSTEM VALUE VALUES ('067973114-8', 'El ruido y la furia', 1929, 4, 10);
INSERT INTO public.libro (isbn, titulo, anio_publicacion, id_editorial, id_categoria) OVERRIDING SYSTEM VALUE VALUES ('968411425-X', 'En busca de Klingsor', 1999, 18, 2);
INSERT INTO public.libro (isbn, titulo, anio_publicacion, id_editorial, id_categoria) OVERRIDING SYSTEM VALUE VALUES ('968133031-8', 'Como agua para chocolate', 1989, 17, 1);
INSERT INTO public.libro (isbn, titulo, anio_publicacion, id_editorial, id_categoria) OVERRIDING SYSTEM VALUE VALUES ('968131234-4', 'Arráncame la vida', 1985, 17, 12);
INSERT INTO public.libro (isbn, titulo, anio_publicacion, id_editorial, id_categoria) OVERRIDING SYSTEM VALUE VALUES ('950731144-5', 'Cuentos de amor de locura y de muerte', 1917, 9, 19);
INSERT INTO public.libro (isbn, titulo, anio_publicacion, id_editorial, id_categoria) OVERRIDING SYSTEM VALUE VALUES ('950515003-7', 'La tregua', 1960, 1, 12);
INSERT INTO public.libro (isbn, titulo, anio_publicacion, id_editorial, id_categoria) OVERRIDING SYSTEM VALUE VALUES ('968233405-8', 'Las venas abiertas de América Latina', 1971, 19, 8);
INSERT INTO public.libro (isbn, titulo, anio_publicacion, id_editorial, id_categoria) OVERRIDING SYSTEM VALUE VALUES ('842063175-0', 'El astillero', 1961, 3, 14);
INSERT INTO public.libro (isbn, titulo, anio_publicacion, id_editorial, id_categoria) OVERRIDING SYSTEM VALUE VALUES ('842042223-X', 'Yo el Supremo', 1974, 12, 2);
INSERT INTO public.libro (isbn, titulo, anio_publicacion, id_editorial, id_categoria) OVERRIDING SYSTEM VALUE VALUES ('843760312-1', 'El Señor Presidente', 1946, 9, 14);
INSERT INTO public.libro (isbn, titulo, anio_publicacion, id_editorial, id_categoria) OVERRIDING SYSTEM VALUE VALUES ('950040315-8', 'El túnel', 1948, 1, 10);
INSERT INTO public.libro (isbn, titulo, anio_publicacion, id_editorial, id_categoria) OVERRIDING SYSTEM VALUE VALUES ('950040445-6', 'La invención de Morel', 1940, 1, 3);
INSERT INTO public.libro (isbn, titulo, anio_publicacion, id_editorial, id_categoria) OVERRIDING SYSTEM VALUE VALUES ('950051142-2', 'La última inocencia', 1956, 9, 6);
INSERT INTO public.libro (isbn, titulo, anio_publicacion, id_editorial, id_categoria) OVERRIDING SYSTEM VALUE VALUES ('950050890-1', 'Mascarilla de raso', 1938, 9, 6);
INSERT INTO public.libro (isbn, titulo, anio_publicacion, id_editorial, id_categoria) OVERRIDING SYSTEM VALUE VALUES ('843760412-8', 'Ismaelillo', 1882, 2, 6);
INSERT INTO public.libro (isbn, titulo, anio_publicacion, id_editorial, id_categoria) OVERRIDING SYSTEM VALUE VALUES ('843760550-7', 'El siglo de las luces', 1962, 3, 2);
INSERT INTO public.libro (isbn, titulo, anio_publicacion, id_editorial, id_categoria) OVERRIDING SYSTEM VALUE VALUES ('843391124-7', 'Antes que anochezca', 1992, 5, 14);
INSERT INTO public.libro (isbn, titulo, anio_publicacion, id_editorial, id_categoria) OVERRIDING SYSTEM VALUE VALUES ('843390912-9', 'Tres tristes tigres', 1965, 5, 20);
INSERT INTO public.libro (isbn, titulo, anio_publicacion, id_editorial, id_categoria) OVERRIDING SYSTEM VALUE VALUES ('843760610-4', 'Doña Bárbara', 1929, 2, 14);
INSERT INTO public.libro (isbn, titulo, anio_publicacion, id_editorial, id_categoria) OVERRIDING SYSTEM VALUE VALUES ('843760720-8', 'Las lanzas coloradas', 1931, 2, 2);
INSERT INTO public.libro (isbn, titulo, anio_publicacion, id_editorial, id_categoria) OVERRIDING SYSTEM VALUE VALUES ('843760890-5', 'Los cuadernos del destierro', 1960, 2, 6);
INSERT INTO public.libro (isbn, titulo, anio_publicacion, id_editorial, id_categoria) OVERRIDING SYSTEM VALUE VALUES ('842044810-7', 'La insoportable levedad del ser', 1984, 12, 18);
INSERT INTO public.libro (isbn, titulo, anio_publicacion, id_editorial, id_categoria) OVERRIDING SYSTEM VALUE VALUES ('842063990-5', 'La sonrisa etrusca', 1985, 12, 10);
INSERT INTO public.libro (isbn, titulo, anio_publicacion, id_editorial, id_categoria) OVERRIDING SYSTEM VALUE VALUES ('842048012-4', 'El club Dumas', 1993, 12, 5);
INSERT INTO public.libro (isbn, titulo, anio_publicacion, id_editorial, id_categoria) OVERRIDING SYSTEM VALUE VALUES ('950071110-1', 'El amor en los tiempos del cólera', 1985, 1, 1);
INSERT INTO public.libro (isbn, titulo, anio_publicacion, id_editorial, id_categoria) OVERRIDING SYSTEM VALUE VALUES ('842045510-2', 'Crónica de una muerte anunciada', 1981, 2, 1);
INSERT INTO public.libro (isbn, titulo, anio_publicacion, id_editorial, id_categoria) OVERRIDING SYSTEM VALUE VALUES ('950515990-3', 'El coronel no tiene quien le escriba', 1961, 2, 1);
INSERT INTO public.libro (isbn, titulo, anio_publicacion, id_editorial, id_categoria) OVERRIDING SYSTEM VALUE VALUES ('843761210-4', 'Del amor y otros demonios', 1994, 3, 1);
INSERT INTO public.libro (isbn, titulo, anio_publicacion, id_editorial, id_categoria) OVERRIDING SYSTEM VALUE VALUES ('185326550-1', 'Romeo y Julieta', 1597, 3, 7);
INSERT INTO public.libro (isbn, titulo, anio_publicacion, id_editorial, id_categoria) OVERRIDING SYSTEM VALUE VALUES ('185326551-X', 'Macbeth', 1606, 4, 7);
INSERT INTO public.libro (isbn, titulo, anio_publicacion, id_editorial, id_categoria) OVERRIDING SYSTEM VALUE VALUES ('185326552-8', 'Otelo', 1604, 4, 7);
INSERT INTO public.libro (isbn, titulo, anio_publicacion, id_editorial, id_categoria) OVERRIDING SYSTEM VALUE VALUES ('185326553-6', 'El rey Lear', 1605, 5, 7);
INSERT INTO public.libro (isbn, titulo, anio_publicacion, id_editorial, id_categoria) OVERRIDING SYSTEM VALUE VALUES ('034531120-1', 'It', 1986, 5, 4);
INSERT INTO public.libro (isbn, titulo, anio_publicacion, id_editorial, id_categoria) OVERRIDING SYSTEM VALUE VALUES ('034531121-X', 'Misery', 1987, 6, 4);
INSERT INTO public.libro (isbn, titulo, anio_publicacion, id_editorial, id_categoria) OVERRIDING SYSTEM VALUE VALUES ('034531122-8', 'Carrie', 1974, 6, 4);
INSERT INTO public.libro (isbn, titulo, anio_publicacion, id_editorial, id_categoria) OVERRIDING SYSTEM VALUE VALUES ('034531123-6', 'Cementerio de animales', 1983, 7, 4);
INSERT INTO public.libro (isbn, titulo, anio_publicacion, id_editorial, id_categoria) OVERRIDING SYSTEM VALUE VALUES ('026110990-1', 'El hobbit', 1937, 7, 11);
INSERT INTO public.libro (isbn, titulo, anio_publicacion, id_editorial, id_categoria) OVERRIDING SYSTEM VALUE VALUES ('026110991-X', 'La comunidad del anillo', 1954, 8, 11);
INSERT INTO public.libro (isbn, titulo, anio_publicacion, id_editorial, id_categoria) OVERRIDING SYSTEM VALUE VALUES ('026110992-8', 'Las dos torres', 1954, 8, 11);
INSERT INTO public.libro (isbn, titulo, anio_publicacion, id_editorial, id_categoria) OVERRIDING SYSTEM VALUE VALUES ('026110993-6', 'El retorno del rey', 1955, 9, 11);
INSERT INTO public.libro (isbn, titulo, anio_publicacion, id_editorial, id_categoria) OVERRIDING SYSTEM VALUE VALUES ('000711440-1', 'Diez negritos', 1939, 9, 5);
INSERT INTO public.libro (isbn, titulo, anio_publicacion, id_editorial, id_categoria) OVERRIDING SYSTEM VALUE VALUES ('000711441-X', 'El asesinato de Roger Ackroyd', 1926, 10, 5);
INSERT INTO public.libro (isbn, titulo, anio_publicacion, id_editorial, id_categoria) OVERRIDING SYSTEM VALUE VALUES ('000711442-8', 'Muerte en el Nilo', 1937, 10, 5);
INSERT INTO public.libro (isbn, titulo, anio_publicacion, id_editorial, id_categoria) OVERRIDING SYSTEM VALUE VALUES ('000711443-6', 'Cianuro espumoso', 1945, 11, 5);
INSERT INTO public.libro (isbn, titulo, anio_publicacion, id_editorial, id_categoria) OVERRIDING SYSTEM VALUE VALUES ('843760990-1', 'Novelas ejemplares', 1613, 1, 9);
INSERT INTO public.libro (isbn, titulo, anio_publicacion, id_editorial, id_categoria) OVERRIDING SYSTEM VALUE VALUES ('843760991-X', 'La Galatea', 1585, 1, 9);
INSERT INTO public.libro (isbn, titulo, anio_publicacion, id_editorial, id_categoria) OVERRIDING SYSTEM VALUE VALUES ('843760992-8', 'Los trabajos de Persiles y Sigismunda', 1617, 2, 9);
INSERT INTO public.libro (isbn, titulo, anio_publicacion, id_editorial, id_categoria) OVERRIDING SYSTEM VALUE VALUES ('842063880-1', 'El Aleph', 1949, 9, 19);
INSERT INTO public.libro (isbn, titulo, anio_publicacion, id_editorial, id_categoria) OVERRIDING SYSTEM VALUE VALUES ('842063881-X', 'Historia universal de la infamia', 1935, 3, 19);
INSERT INTO public.libro (isbn, titulo, anio_publicacion, id_editorial, id_categoria) OVERRIDING SYSTEM VALUE VALUES ('842063882-8', 'El libro de arena', 1975, 3, 19);
INSERT INTO public.libro (isbn, titulo, anio_publicacion, id_editorial, id_categoria) OVERRIDING SYSTEM VALUE VALUES ('014118440-1', 'Rebelión en la granja', 1945, 20, 17);
INSERT INTO public.libro (isbn, titulo, anio_publicacion, id_editorial, id_categoria) OVERRIDING SYSTEM VALUE VALUES ('014118441-X', 'Homenaje a Cataluña', 1938, 4, 17);
INSERT INTO public.libro (isbn, titulo, anio_publicacion, id_editorial, id_categoria) OVERRIDING SYSTEM VALUE VALUES ('014118442-8', 'Sin blanca en París y Londres', 1933, 4, 17);
INSERT INTO public.libro (isbn, titulo, anio_publicacion, id_editorial, id_categoria) OVERRIDING SYSTEM VALUE VALUES ('225300990-1', 'Viaje al centro de la Tierra', 1864, 7, 3);
INSERT INTO public.libro (isbn, titulo, anio_publicacion, id_editorial, id_categoria) OVERRIDING SYSTEM VALUE VALUES ('225300991-X', 'La vuelta al mundo en ochenta días', 1872, 5, 3);
INSERT INTO public.libro (isbn, titulo, anio_publicacion, id_editorial, id_categoria) OVERRIDING SYSTEM VALUE VALUES ('225300992-8', 'De la Tierra a la Luna', 1865, 5, 3);
INSERT INTO public.libro (isbn, titulo, anio_publicacion, id_editorial, id_categoria) OVERRIDING SYSTEM VALUE VALUES ('014143220-1', 'El sabueso de los Baskerville', 1902, 11, 5);
INSERT INTO public.libro (isbn, titulo, anio_publicacion, id_editorial, id_categoria) OVERRIDING SYSTEM VALUE VALUES ('014143221-X', 'El signo de los cuatro', 1890, 11, 5);
INSERT INTO public.libro (isbn, titulo, anio_publicacion, id_editorial, id_categoria) OVERRIDING SYSTEM VALUE VALUES ('014143222-8', 'Las aventuras de Sherlock Holmes', 1892, 12, 5);
INSERT INTO public.libro (isbn, titulo, anio_publicacion, id_editorial, id_categoria) OVERRIDING SYSTEM VALUE VALUES ('055329880-1', 'Fundación', 1951, 4, 3);
INSERT INTO public.libro (isbn, titulo, anio_publicacion, id_editorial, id_categoria) OVERRIDING SYSTEM VALUE VALUES ('055329881-X', 'El fin de la eternidad', 1955, 1, 3);
INSERT INTO public.libro (isbn, titulo, anio_publicacion, id_editorial, id_categoria) OVERRIDING SYSTEM VALUE VALUES ('055329882-8', 'Los propios dioses', 1972, 1, 3);
INSERT INTO public.libro (isbn, titulo, anio_publicacion, id_editorial, id_categoria) OVERRIDING SYSTEM VALUE VALUES ('014143110-1', 'Sentido y sensibilidad', 1811, 11, 12);
INSERT INTO public.libro (isbn, titulo, anio_publicacion, id_editorial, id_categoria) OVERRIDING SYSTEM VALUE VALUES ('014143111-X', 'Emma', 1815, 11, 12);
INSERT INTO public.libro (isbn, titulo, anio_publicacion, id_editorial, id_categoria) OVERRIDING SYSTEM VALUE VALUES ('014143112-8', 'Persuasión', 1817, 2, 12);
INSERT INTO public.libro (isbn, titulo, anio_publicacion, id_editorial, id_categoria) OVERRIDING SYSTEM VALUE VALUES ('014044110-1', 'Los hermanos Karamazov', 1880, 16, 10);
INSERT INTO public.libro (isbn, titulo, anio_publicacion, id_editorial, id_categoria) OVERRIDING SYSTEM VALUE VALUES ('014044111-X', 'El idiota', 1869, 16, 10);
INSERT INTO public.libro (isbn, titulo, anio_publicacion, id_editorial, id_categoria) OVERRIDING SYSTEM VALUE VALUES ('014044112-8', 'El jugador', 1867, 15, 10);
INSERT INTO public.libro (isbn, titulo, anio_publicacion, id_editorial, id_categoria) OVERRIDING SYSTEM VALUE VALUES ('950515770-1', 'Bestiario', 1951, 1, 20);
INSERT INTO public.libro (isbn, titulo, anio_publicacion, id_editorial, id_categoria) OVERRIDING SYSTEM VALUE VALUES ('950515771-X', 'Las armas secretas', 1959, 1, 20);
INSERT INTO public.libro (isbn, titulo, anio_publicacion, id_editorial, id_categoria) OVERRIDING SYSTEM VALUE VALUES ('840134990-1', 'De amor y de sombra', 1984, 12, 1);
INSERT INTO public.libro (isbn, titulo, anio_publicacion, id_editorial, id_categoria) OVERRIDING SYSTEM VALUE VALUES ('840134991-X', 'Eva Luna', 1987, 12, 1);
INSERT INTO public.libro (isbn, titulo, anio_publicacion, id_editorial, id_categoria) OVERRIDING SYSTEM VALUE VALUES ('842045520-1', 'La fiesta del Chivo', 2000, 12, 14);
INSERT INTO public.libro (isbn, titulo, anio_publicacion, id_editorial, id_categoria) OVERRIDING SYSTEM VALUE VALUES ('842045521-X', 'Conversación en La Catedral', 1969, 12, 14);
INSERT INTO public.libro (isbn, titulo, anio_publicacion, id_editorial, id_categoria) OVERRIDING SYSTEM VALUE VALUES ('359621880-1', 'El proceso', 1925, 15, 18);
INSERT INTO public.libro (isbn, titulo, anio_publicacion, id_editorial, id_categoria) OVERRIDING SYSTEM VALUE VALUES ('359621881-X', 'El castillo', 1926, 15, 18);
INSERT INTO public.libro (isbn, titulo, anio_publicacion, id_editorial, id_categoria) OVERRIDING SYSTEM VALUE VALUES ('014044330-1', 'Anna Karenina', 1877, 16, 2);
INSERT INTO public.libro (isbn, titulo, anio_publicacion, id_editorial, id_categoria) OVERRIDING SYSTEM VALUE VALUES ('014044331-X', 'La muerte de Iván Ilich', 1886, 16, 2);
INSERT INTO public.libro (isbn, titulo, anio_publicacion, id_editorial, id_categoria) OVERRIDING SYSTEM VALUE VALUES ('207040220-1', 'Nuestra Señora de París', 1831, 7, 14);
INSERT INTO public.libro (isbn, titulo, anio_publicacion, id_editorial, id_categoria) OVERRIDING SYSTEM VALUE VALUES ('207040221-X', 'El hombre que ríe', 1869, 7, 14);
INSERT INTO public.libro (isbn, titulo, anio_publicacion, id_editorial, id_categoria) OVERRIDING SYSTEM VALUE VALUES ('207040660-1', 'El conde de Montecristo', 1844, 7, 13);
INSERT INTO public.libro (isbn, titulo, anio_publicacion, id_editorial, id_categoria) OVERRIDING SYSTEM VALUE VALUES ('207040661-X', 'Veinte años después', 1845, 7, 13);
INSERT INTO public.libro (isbn, titulo, anio_publicacion, id_editorial, id_categoria) OVERRIDING SYSTEM VALUE VALUES ('014043880-1', 'El cuervo y otros poemas', 1845, 4, 4);
INSERT INTO public.libro (isbn, titulo, anio_publicacion, id_editorial, id_categoria) OVERRIDING SYSTEM VALUE VALUES ('014043881-X', 'Los crímenes de la calle Morgue', 1841, 4, 4);
INSERT INTO public.libro (isbn, titulo, anio_publicacion, id_editorial, id_categoria) OVERRIDING SYSTEM VALUE VALUES ('014143440-1', 'Canción de Navidad', 1843, 11, 2);
INSERT INTO public.libro (isbn, titulo, anio_publicacion, id_editorial, id_categoria) OVERRIDING SYSTEM VALUE VALUES ('014143441-X', 'Oliver Twist', 1838, 11, 2);
INSERT INTO public.libro (isbn, titulo, anio_publicacion, id_editorial, id_categoria) OVERRIDING SYSTEM VALUE VALUES ('034535330-1', 'Fahrenheit 451', 1953, 4, 3);
INSERT INTO public.libro (isbn, titulo, anio_publicacion, id_editorial, id_categoria) OVERRIDING SYSTEM VALUE VALUES ('034535331-X', 'El hombre ilustrado', 1951, 4, 3);
INSERT INTO public.libro (isbn, titulo, anio_publicacion, id_editorial, id_categoria) OVERRIDING SYSTEM VALUE VALUES ('068480770-1', 'Por quién doblan las campanas', 1940, 10, 13);
INSERT INTO public.libro (isbn, titulo, anio_publicacion, id_editorial, id_categoria) OVERRIDING SYSTEM VALUE VALUES ('068480771-X', 'Fiesta', 1926, 10, 13);
INSERT INTO public.libro (isbn, titulo, anio_publicacion, id_editorial, id_categoria) OVERRIDING SYSTEM VALUE VALUES ('014118660-1', 'Suave es la noche', 1934, 10, 10);
INSERT INTO public.libro (isbn, titulo, anio_publicacion, id_editorial, id_categoria) OVERRIDING SYSTEM VALUE VALUES ('014118661-X', 'A este lado del paraíso', 1920, 10, 10);
INSERT INTO public.libro (isbn, titulo, anio_publicacion, id_editorial, id_categoria) OVERRIDING SYSTEM VALUE VALUES ('014303220-1', 'Las aventuras de Tom Sawyer', 1876, 4, 13);
INSERT INTO public.libro (isbn, titulo, anio_publicacion, id_editorial, id_categoria) OVERRIDING SYSTEM VALUE VALUES ('014303221-X', 'Un yanqui en la corte del rey Arturo', 1889, 4, 13);
INSERT INTO public.libro (isbn, titulo, anio_publicacion, id_editorial, id_categoria) OVERRIDING SYSTEM VALUE VALUES ('006085220-1', 'Las puertas de la percepción', 1954, 20, 17);
INSERT INTO public.libro (isbn, titulo, anio_publicacion, id_editorial, id_categoria) OVERRIDING SYSTEM VALUE VALUES ('006085221-X', 'Contrapunto', 1928, 20, 17);
INSERT INTO public.libro (isbn, titulo, anio_publicacion, id_editorial, id_categoria) OVERRIDING SYSTEM VALUE VALUES ('359621110-1', 'Siddhartha', 1922, 15, 18);
INSERT INTO public.libro (isbn, titulo, anio_publicacion, id_editorial, id_categoria) OVERRIDING SYSTEM VALUE VALUES ('359621111-X', 'Demian', 1919, 15, 18);
INSERT INTO public.libro (isbn, titulo, anio_publicacion, id_editorial, id_categoria) OVERRIDING SYSTEM VALUE VALUES ('843453220-1', 'El péndulo de Foucault', 1988, 4, 5);
INSERT INTO public.libro (isbn, titulo, anio_publicacion, id_editorial, id_categoria) OVERRIDING SYSTEM VALUE VALUES ('843453221-X', 'Baudolino', 2000, 4, 5);
INSERT INTO public.libro (isbn, titulo, anio_publicacion, id_editorial, id_categoria) OVERRIDING SYSTEM VALUE VALUES ('842045540-1', 'Las intermitencias de la muerte', 2005, 12, 17);
INSERT INTO public.libro (isbn, titulo, anio_publicacion, id_editorial, id_categoria) OVERRIDING SYSTEM VALUE VALUES ('842045541-X', 'El Evangelio según Jesucristo', 1991, 12, 17);
INSERT INTO public.libro (isbn, titulo, anio_publicacion, id_editorial, id_categoria) OVERRIDING SYSTEM VALUE VALUES ('404104990-1', 'Kafka en la orilla', 2002, 14, 10);
INSERT INTO public.libro (isbn, titulo, anio_publicacion, id_editorial, id_categoria) OVERRIDING SYSTEM VALUE VALUES ('404104991-X', 'Crónica del pájaro que da cuerda al mundo', 1994, 14, 10);
INSERT INTO public.libro (isbn, titulo, anio_publicacion, id_editorial, id_categoria) OVERRIDING SYSTEM VALUE VALUES ('014143885-1', 'A través del espejo', 1871, 11, 11);
INSERT INTO public.libro (isbn, titulo, anio_publicacion, id_editorial, id_categoria) OVERRIDING SYSTEM VALUE VALUES ('014143886-X', 'La caza del Snark', 1876, 11, 11);
INSERT INTO public.libro (isbn, titulo, anio_publicacion, id_editorial, id_categoria) OVERRIDING SYSTEM VALUE VALUES ('014144335-1', 'La guerra de los mundos', 1898, 11, 3);
INSERT INTO public.libro (isbn, titulo, anio_publicacion, id_editorial, id_categoria) OVERRIDING SYSTEM VALUE VALUES ('014144336-X', 'El hombre invisible', 1897, 11, 3);
INSERT INTO public.libro (isbn, titulo, anio_publicacion, id_editorial, id_categoria) OVERRIDING SYSTEM VALUE VALUES ('057507110-1', 'El hombre en el castillo', 1962, 4, 17);
INSERT INTO public.libro (isbn, titulo, anio_publicacion, id_editorial, id_categoria) OVERRIDING SYSTEM VALUE VALUES ('057507111-X', 'Ubik', 1969, 4, 17);
INSERT INTO public.libro (isbn, titulo, anio_publicacion, id_editorial, id_categoria) OVERRIDING SYSTEM VALUE VALUES ('014017330-1', 'De ratones y hombres', 1937, 4, 14);
INSERT INTO public.libro (isbn, titulo, anio_publicacion, id_editorial, id_categoria) OVERRIDING SYSTEM VALUE VALUES ('014017331-X', 'Al este del Edén', 1952, 4, 14);
INSERT INTO public.libro (isbn, titulo, anio_publicacion, id_editorial, id_categoria) OVERRIDING SYSTEM VALUE VALUES ('950515110-1', 'Inventario uno', 1963, 1, 12);
INSERT INTO public.libro (isbn, titulo, anio_publicacion, id_editorial, id_categoria) OVERRIDING SYSTEM VALUE VALUES ('950515111-X', 'Gracias por el fuego', 1965, 1, 12);
INSERT INTO public.libro (isbn, titulo, anio_publicacion, id_editorial, id_categoria) OVERRIDING SYSTEM VALUE VALUES ('968233990-1', 'El libro de los abrazos', 1989, 19, 8);
INSERT INTO public.libro (isbn, titulo, anio_publicacion, id_editorial, id_categoria) OVERRIDING SYSTEM VALUE VALUES ('968233991-X', 'Memoria del fuego', 1982, 19, 8);
INSERT INTO public.libro (isbn, titulo, anio_publicacion, id_editorial, id_categoria) OVERRIDING SYSTEM VALUE VALUES ('842048990-1', 'Las aventuras del capitán Alatriste', 1996, 12, 5);
INSERT INTO public.libro (isbn, titulo, anio_publicacion, id_editorial, id_categoria) OVERRIDING SYSTEM VALUE VALUES ('842048991-X', 'La tabla de Flandes', 1990, 12, 5);
INSERT INTO public.libro (isbn, titulo, anio_publicacion, id_editorial, id_categoria) OVERRIDING SYSTEM VALUE VALUES ('843761880-1', 'Estravagario', 1958, 9, 6);
INSERT INTO public.libro (isbn, titulo, anio_publicacion, id_editorial, id_categoria) OVERRIDING SYSTEM VALUE VALUES ('843761881-X', 'Poeta en Nueva York', 1940, 3, 7);
INSERT INTO public.libro (isbn, titulo, anio_publicacion, id_editorial, id_categoria) OVERRIDING SYSTEM VALUE VALUES ('843761882-8', 'El llano en llamas', 1953, 2, 1);
INSERT INTO public.libro (isbn, titulo, anio_publicacion, id_editorial, id_categoria) OVERRIDING SYSTEM VALUE VALUES ('968160990-1', 'La muerte de Artemio Cruz', 1962, 2, 14);
INSERT INTO public.libro (isbn, titulo, anio_publicacion, id_editorial, id_categoria) OVERRIDING SYSTEM VALUE VALUES ('968160991-X', 'Libertad bajo palabra', 1949, 2, 8);
INSERT INTO public.libro (isbn, titulo, anio_publicacion, id_editorial, id_categoria) OVERRIDING SYSTEM VALUE VALUES ('015695880-1', 'Orlando', 1928, 4, 10);
INSERT INTO public.libro (isbn, titulo, anio_publicacion, id_editorial, id_categoria) OVERRIDING SYSTEM VALUE VALUES ('014044880-1', 'La gaviota', 1896, 11, 7);
INSERT INTO public.libro (isbn, titulo, anio_publicacion, id_editorial, id_categoria) OVERRIDING SYSTEM VALUE VALUES ('067972880-1', 'Pálido fuego', 1962, 4, 10);
INSERT INTO public.libro (isbn, titulo, anio_publicacion, id_editorial, id_categoria) OVERRIDING SYSTEM VALUE VALUES ('207040880-1', 'La educación sentimental', 1869, 7, 12);
INSERT INTO public.libro (isbn, titulo, anio_publicacion, id_editorial, id_categoria) OVERRIDING SYSTEM VALUE VALUES ('207036880-1', 'La peste', 1947, 7, 18);
INSERT INTO public.libro (isbn, titulo, anio_publicacion, id_editorial, id_categoria) OVERRIDING SYSTEM VALUE VALUES ('207051880-1', 'Vuelo de noche', 1931, 7, 8);
INSERT INTO public.libro (isbn, titulo, anio_publicacion, id_editorial, id_categoria) OVERRIDING SYSTEM VALUE VALUES ('842065880-1', 'El barón rampante', 1957, 5, 8);
INSERT INTO public.libro (isbn, titulo, anio_publicacion, id_editorial, id_categoria) OVERRIDING SYSTEM VALUE VALUES ('972031880-1', 'Odas de Ricardo Reis', 1946, 3, 18);
INSERT INTO public.libro (isbn, titulo, anio_publicacion, id_editorial, id_categoria) OVERRIDING SYSTEM VALUE VALUES ('842261880-1', 'La hora de la estrella', 1977, 5, 10);
INSERT INTO public.libro (isbn, titulo, anio_publicacion, id_editorial, id_categoria) OVERRIDING SYSTEM VALUE VALUES ('014043885-1', 'La importancia de llamarse Ernesto', 1895, 11, 15);
INSERT INTO public.libro (isbn, titulo, anio_publicacion, id_editorial, id_categoria) OVERRIDING SYSTEM VALUE VALUES ('014118880-1', 'Dublineses', 1914, 11, 20);
INSERT INTO public.libro (isbn, titulo, anio_publicacion, id_editorial, id_categoria) OVERRIDING SYSTEM VALUE VALUES ('014143880-1', 'La joya de las siete estrellas', 1903, 11, 15);
INSERT INTO public.libro (isbn, titulo, anio_publicacion, id_editorial, id_categoria) OVERRIDING SYSTEM VALUE VALUES ('014143881-X', 'El último hombre', 1826, 11, 15);
INSERT INTO public.libro (isbn, titulo, anio_publicacion, id_editorial, id_categoria) OVERRIDING SYSTEM VALUE VALUES ('014143882-8', 'Poemas de la saga de Gondal', 1846, 11, 15);
INSERT INTO public.libro (isbn, titulo, anio_publicacion, id_editorial, id_categoria) OVERRIDING SYSTEM VALUE VALUES ('014144880-1', 'Villette', 1853, 11, 12);
INSERT INTO public.libro (isbn, titulo, anio_publicacion, id_editorial, id_categoria) OVERRIDING SYSTEM VALUE VALUES ('014039880-1', 'Bartleby, el escribano', 1853, 11, 13);
INSERT INTO public.libro (isbn, titulo, anio_publicacion, id_editorial, id_categoria) OVERRIDING SYSTEM VALUE VALUES ('044631880-1', 'Ve y pon un centinela', 2015, 8, 14);
INSERT INTO public.libro (isbn, titulo, anio_publicacion, id_editorial, id_categoria) OVERRIDING SYSTEM VALUE VALUES ('067974880-1', 'Desayuno en Tiffany''s', 1958, 4, 16);
INSERT INTO public.libro (isbn, titulo, anio_publicacion, id_editorial, id_categoria) OVERRIDING SYSTEM VALUE VALUES ('950040880-1', 'Sobre héroes y tumbas', 1961, 1, 10);
INSERT INTO public.libro (isbn, titulo, anio_publicacion, id_editorial, id_categoria) OVERRIDING SYSTEM VALUE VALUES ('842044990-1', 'La inmortalidad', 1988, 12, 18);




--
-- Data for Name: ejemplar; Type: TABLE DATA; Schema: public; Owner: postgres
--
INSERT INTO public.ejemplar (id_ejemplar, isbn, estado) OVERRIDING SYSTEM VALUE VALUES (1, '950071110-1', 'Disponible');
INSERT INTO public.ejemplar (id_ejemplar, isbn, estado) OVERRIDING SYSTEM VALUE VALUES (2, '950071110-1', 'Reservado');
INSERT INTO public.ejemplar (id_ejemplar, isbn, estado) OVERRIDING SYSTEM VALUE VALUES (3, '842045510-2', 'Disponible');
INSERT INTO public.ejemplar (id_ejemplar, isbn, estado) OVERRIDING SYSTEM VALUE VALUES (4, '842045510-2', 'Disponible');
INSERT INTO public.ejemplar (id_ejemplar, isbn, estado) OVERRIDING SYSTEM VALUE VALUES (5, '950515990-3', 'Reservado');
INSERT INTO public.ejemplar (id_ejemplar, isbn, estado) OVERRIDING SYSTEM VALUE VALUES (6, '950515990-3', 'Disponible');
INSERT INTO public.ejemplar (id_ejemplar, isbn, estado) OVERRIDING SYSTEM VALUE VALUES (7, '843761210-4', 'Disponible');
INSERT INTO public.ejemplar (id_ejemplar, isbn, estado) OVERRIDING SYSTEM VALUE VALUES (8, '843761210-4', 'Reservado');
INSERT INTO public.ejemplar (id_ejemplar, isbn, estado) OVERRIDING SYSTEM VALUE VALUES (9, '185326550-1', 'Disponible');
INSERT INTO public.ejemplar (id_ejemplar, isbn, estado) OVERRIDING SYSTEM VALUE VALUES (10, '185326550-1', 'Disponible');
INSERT INTO public.ejemplar (id_ejemplar, isbn, estado) OVERRIDING SYSTEM VALUE VALUES (11, '185326551-X', 'Reservado');
INSERT INTO public.ejemplar (id_ejemplar, isbn, estado) OVERRIDING SYSTEM VALUE VALUES (12, '185326551-X', 'Disponible');
INSERT INTO public.ejemplar (id_ejemplar, isbn, estado) OVERRIDING SYSTEM VALUE VALUES (13, '185326552-8', 'Disponible');
INSERT INTO public.ejemplar (id_ejemplar, isbn, estado) OVERRIDING SYSTEM VALUE VALUES (14, '185326552-8', 'Reservado');
INSERT INTO public.ejemplar (id_ejemplar, isbn, estado) OVERRIDING SYSTEM VALUE VALUES (15, '185326553-6', 'Disponible');
INSERT INTO public.ejemplar (id_ejemplar, isbn, estado) OVERRIDING SYSTEM VALUE VALUES (16, '185326553-6', 'Disponible');
INSERT INTO public.ejemplar (id_ejemplar, isbn, estado) OVERRIDING SYSTEM VALUE VALUES (17, '034531120-1', 'Disponible');
INSERT INTO public.ejemplar (id_ejemplar, isbn, estado) OVERRIDING SYSTEM VALUE VALUES (18, '034531120-1', 'Reservado');
INSERT INTO public.ejemplar (id_ejemplar, isbn, estado) OVERRIDING SYSTEM VALUE VALUES (19, '034531121-X', 'Disponible');
INSERT INTO public.ejemplar (id_ejemplar, isbn, estado) OVERRIDING SYSTEM VALUE VALUES (20, '034531121-X', 'Disponible');
INSERT INTO public.ejemplar (id_ejemplar, isbn, estado) OVERRIDING SYSTEM VALUE VALUES (21, '034531122-8', 'Reservado');
INSERT INTO public.ejemplar (id_ejemplar, isbn, estado) OVERRIDING SYSTEM VALUE VALUES (22, '034531122-8', 'Disponible');
INSERT INTO public.ejemplar (id_ejemplar, isbn, estado) OVERRIDING SYSTEM VALUE VALUES (23, '034531123-6', 'Disponible');
INSERT INTO public.ejemplar (id_ejemplar, isbn, estado) OVERRIDING SYSTEM VALUE VALUES (24, '034531123-6', 'Reservado');
INSERT INTO public.ejemplar (id_ejemplar, isbn, estado) OVERRIDING SYSTEM VALUE VALUES (25, '026110990-1', 'Disponible');
INSERT INTO public.ejemplar (id_ejemplar, isbn, estado) OVERRIDING SYSTEM VALUE VALUES (26, '026110990-1', 'Disponible');
INSERT INTO public.ejemplar (id_ejemplar, isbn, estado) OVERRIDING SYSTEM VALUE VALUES (27, '026110991-X', 'Reservado');
INSERT INTO public.ejemplar (id_ejemplar, isbn, estado) OVERRIDING SYSTEM VALUE VALUES (28, '026110991-X', 'Disponible');
INSERT INTO public.ejemplar (id_ejemplar, isbn, estado) OVERRIDING SYSTEM VALUE VALUES (29, '026110992-8', 'Disponible');
INSERT INTO public.ejemplar (id_ejemplar, isbn, estado) OVERRIDING SYSTEM VALUE VALUES (30, '026110992-8', 'Reservado');
INSERT INTO public.ejemplar (id_ejemplar, isbn, estado) OVERRIDING SYSTEM VALUE VALUES (31, '026110993-6', 'Disponible');
INSERT INTO public.ejemplar (id_ejemplar, isbn, estado) OVERRIDING SYSTEM VALUE VALUES (32, '026110993-6', 'Disponible');
INSERT INTO public.ejemplar (id_ejemplar, isbn, estado) OVERRIDING SYSTEM VALUE VALUES (33, '000711440-1', 'Disponible');
INSERT INTO public.ejemplar (id_ejemplar, isbn, estado) OVERRIDING SYSTEM VALUE VALUES (34, '000711440-1', 'Reservado');
INSERT INTO public.ejemplar (id_ejemplar, isbn, estado) OVERRIDING SYSTEM VALUE VALUES (35, '000711441-X', 'Disponible');
INSERT INTO public.ejemplar (id_ejemplar, isbn, estado) OVERRIDING SYSTEM VALUE VALUES (36, '000711441-X', 'Disponible');
INSERT INTO public.ejemplar (id_ejemplar, isbn, estado) OVERRIDING SYSTEM VALUE VALUES (37, '000711442-8', 'Reservado');
INSERT INTO public.ejemplar (id_ejemplar, isbn, estado) OVERRIDING SYSTEM VALUE VALUES (38, '000711442-8', 'Disponible');
INSERT INTO public.ejemplar (id_ejemplar, isbn, estado) OVERRIDING SYSTEM VALUE VALUES (39, '000711443-6', 'Disponible');
INSERT INTO public.ejemplar (id_ejemplar, isbn, estado) OVERRIDING SYSTEM VALUE VALUES (40, '000711443-6', 'Reservado');
INSERT INTO public.ejemplar (id_ejemplar, isbn, estado) OVERRIDING SYSTEM VALUE VALUES (41, '843760990-1', 'Disponible');
INSERT INTO public.ejemplar (id_ejemplar, isbn, estado) OVERRIDING SYSTEM VALUE VALUES (42, '843760990-1', 'Disponible');
INSERT INTO public.ejemplar (id_ejemplar, isbn, estado) OVERRIDING SYSTEM VALUE VALUES (43, '843760991-X', 'Reservado');
INSERT INTO public.ejemplar (id_ejemplar, isbn, estado) OVERRIDING SYSTEM VALUE VALUES (44, '843760991-X', 'Disponible');
INSERT INTO public.ejemplar (id_ejemplar, isbn, estado) OVERRIDING SYSTEM VALUE VALUES (45, '843760992-8', 'Disponible');
INSERT INTO public.ejemplar (id_ejemplar, isbn, estado) OVERRIDING SYSTEM VALUE VALUES (46, '843760992-8', 'Reservado');
INSERT INTO public.ejemplar (id_ejemplar, isbn, estado) OVERRIDING SYSTEM VALUE VALUES (47, '842063880-1', 'Disponible');
INSERT INTO public.ejemplar (id_ejemplar, isbn, estado) OVERRIDING SYSTEM VALUE VALUES (48, '842063880-1', 'Disponible');
INSERT INTO public.ejemplar (id_ejemplar, isbn, estado) OVERRIDING SYSTEM VALUE VALUES (49, '842063881-X', 'Reservado');
INSERT INTO public.ejemplar (id_ejemplar, isbn, estado) OVERRIDING SYSTEM VALUE VALUES (50, '842063881-X', 'Disponible');
INSERT INTO public.ejemplar (id_ejemplar, isbn, estado) OVERRIDING SYSTEM VALUE VALUES (51, '842063882-8', 'Disponible');
INSERT INTO public.ejemplar (id_ejemplar, isbn, estado) OVERRIDING SYSTEM VALUE VALUES (52, '842063882-8', 'Reservado');
INSERT INTO public.ejemplar (id_ejemplar, isbn, estado) OVERRIDING SYSTEM VALUE VALUES (53, '014118440-1', 'Disponible');
INSERT INTO public.ejemplar (id_ejemplar, isbn, estado) OVERRIDING SYSTEM VALUE VALUES (54, '014118440-1', 'Reservado');
INSERT INTO public.ejemplar (id_ejemplar, isbn, estado) OVERRIDING SYSTEM VALUE VALUES (55, '014118441-X', 'Disponible');
INSERT INTO public.ejemplar (id_ejemplar, isbn, estado) OVERRIDING SYSTEM VALUE VALUES (56, '014118441-X', 'Disponible');
INSERT INTO public.ejemplar (id_ejemplar, isbn, estado) OVERRIDING SYSTEM VALUE VALUES (57, '014118442-8', 'Reservado');
INSERT INTO public.ejemplar (id_ejemplar, isbn, estado) OVERRIDING SYSTEM VALUE VALUES (58, '014118442-8', 'Disponible');
INSERT INTO public.ejemplar (id_ejemplar, isbn, estado) OVERRIDING SYSTEM VALUE VALUES (59, '225300990-1', 'Disponible');
INSERT INTO public.ejemplar (id_ejemplar, isbn, estado) OVERRIDING SYSTEM VALUE VALUES (60, '225300990-1', 'Reservado');
INSERT INTO public.ejemplar (id_ejemplar, isbn, estado) OVERRIDING SYSTEM VALUE VALUES (61, '225300991-X', 'Disponible');
INSERT INTO public.ejemplar (id_ejemplar, isbn, estado) OVERRIDING SYSTEM VALUE VALUES (62, '225300991-X', 'Disponible');
INSERT INTO public.ejemplar (id_ejemplar, isbn, estado) OVERRIDING SYSTEM VALUE VALUES (63, '225300992-8', 'Reservado');
INSERT INTO public.ejemplar (id_ejemplar, isbn, estado) OVERRIDING SYSTEM VALUE VALUES (64, '225300992-8', 'Disponible');
INSERT INTO public.ejemplar (id_ejemplar, isbn, estado) OVERRIDING SYSTEM VALUE VALUES (65, '014143220-1', 'Disponible');
INSERT INTO public.ejemplar (id_ejemplar, isbn, estado) OVERRIDING SYSTEM VALUE VALUES (66, '014143220-1', 'Reservado');
INSERT INTO public.ejemplar (id_ejemplar, isbn, estado) OVERRIDING SYSTEM VALUE VALUES (67, '014143221-X', 'Disponible');
INSERT INTO public.ejemplar (id_ejemplar, isbn, estado) OVERRIDING SYSTEM VALUE VALUES (68, '014143221-X', 'Disponible');
INSERT INTO public.ejemplar (id_ejemplar, isbn, estado) OVERRIDING SYSTEM VALUE VALUES (69, '014143222-8', 'Reservado');
INSERT INTO public.ejemplar (id_ejemplar, isbn, estado) OVERRIDING SYSTEM VALUE VALUES (70, '014143222-8', 'Disponible');
INSERT INTO public.ejemplar (id_ejemplar, isbn, estado) OVERRIDING SYSTEM VALUE VALUES (71, '055329880-1', 'Disponible');
INSERT INTO public.ejemplar (id_ejemplar, isbn, estado) OVERRIDING SYSTEM VALUE VALUES (72, '055329880-1', 'Reservado');
INSERT INTO public.ejemplar (id_ejemplar, isbn, estado) OVERRIDING SYSTEM VALUE VALUES (73, '055329881-X', 'Disponible');
INSERT INTO public.ejemplar (id_ejemplar, isbn, estado) OVERRIDING SYSTEM VALUE VALUES (74, '055329881-X', 'Disponible');
INSERT INTO public.ejemplar (id_ejemplar, isbn, estado) OVERRIDING SYSTEM VALUE VALUES (75, '055329882-8', 'Reservado');
INSERT INTO public.ejemplar (id_ejemplar, isbn, estado) OVERRIDING SYSTEM VALUE VALUES (76, '055329882-8', 'Disponible');
INSERT INTO public.ejemplar (id_ejemplar, isbn, estado) OVERRIDING SYSTEM VALUE VALUES (77, '014143110-1', 'Disponible');
INSERT INTO public.ejemplar (id_ejemplar, isbn, estado) OVERRIDING SYSTEM VALUE VALUES (78, '014143110-1', 'Reservado');
INSERT INTO public.ejemplar (id_ejemplar, isbn, estado) OVERRIDING SYSTEM VALUE VALUES (79, '014143111-X', 'Disponible');
INSERT INTO public.ejemplar (id_ejemplar, isbn, estado) OVERRIDING SYSTEM VALUE VALUES (80, '014143111-X', 'Disponible');
INSERT INTO public.ejemplar (id_ejemplar, isbn, estado) OVERRIDING SYSTEM VALUE VALUES (81, '014143112-8', 'Reservado');
INSERT INTO public.ejemplar (id_ejemplar, isbn, estado) OVERRIDING SYSTEM VALUE VALUES (82, '014143112-8', 'Disponible');
INSERT INTO public.ejemplar (id_ejemplar, isbn, estado) OVERRIDING SYSTEM VALUE VALUES (83, '014044110-1', 'Disponible');
INSERT INTO public.ejemplar (id_ejemplar, isbn, estado) OVERRIDING SYSTEM VALUE VALUES (84, '014044110-1', 'Reservado');
INSERT INTO public.ejemplar (id_ejemplar, isbn, estado) OVERRIDING SYSTEM VALUE VALUES (85, '014044111-X', 'Disponible');
INSERT INTO public.ejemplar (id_ejemplar, isbn, estado) OVERRIDING SYSTEM VALUE VALUES (86, '014044111-X', 'Disponible');
INSERT INTO public.ejemplar (id_ejemplar, isbn, estado) OVERRIDING SYSTEM VALUE VALUES (87, '014044112-8', 'Reservado');
INSERT INTO public.ejemplar (id_ejemplar, isbn, estado) OVERRIDING SYSTEM VALUE VALUES (88, '014044112-8', 'Disponible');
INSERT INTO public.ejemplar (id_ejemplar, isbn, estado) OVERRIDING SYSTEM VALUE VALUES (89, '950515770-1', 'Disponible');
INSERT INTO public.ejemplar (id_ejemplar, isbn, estado) OVERRIDING SYSTEM VALUE VALUES (90, '950515770-1', 'Reservado');
INSERT INTO public.ejemplar (id_ejemplar, isbn, estado) OVERRIDING SYSTEM VALUE VALUES (91, '950515771-X', 'Disponible');
INSERT INTO public.ejemplar (id_ejemplar, isbn, estado) OVERRIDING SYSTEM VALUE VALUES (92, '950515771-X', 'Disponible');
INSERT INTO public.ejemplar (id_ejemplar, isbn, estado) OVERRIDING SYSTEM VALUE VALUES (93, '840134990-1', 'Disponible');
INSERT INTO public.ejemplar (id_ejemplar, isbn, estado) OVERRIDING SYSTEM VALUE VALUES (94, '840134990-1', 'Reservado');
INSERT INTO public.ejemplar (id_ejemplar, isbn, estado) OVERRIDING SYSTEM VALUE VALUES (95, '840134991-X', 'Disponible');
INSERT INTO public.ejemplar (id_ejemplar, isbn, estado) OVERRIDING SYSTEM VALUE VALUES (96, '840134991-X', 'Disponible');
INSERT INTO public.ejemplar (id_ejemplar, isbn, estado) OVERRIDING SYSTEM VALUE VALUES (97, '842045520-1', 'Disponible');
INSERT INTO public.ejemplar (id_ejemplar, isbn, estado) OVERRIDING SYSTEM VALUE VALUES (98, '842045520-1', 'Reservado');
INSERT INTO public.ejemplar (id_ejemplar, isbn, estado) OVERRIDING SYSTEM VALUE VALUES (99, '842045521-X', 'Disponible');
INSERT INTO public.ejemplar (id_ejemplar, isbn, estado) OVERRIDING SYSTEM VALUE VALUES (100, '842045521-X', 'Disponible');
INSERT INTO public.ejemplar (id_ejemplar, isbn, estado) OVERRIDING SYSTEM VALUE VALUES (101, '359621880-1', 'Disponible');
INSERT INTO public.ejemplar (id_ejemplar, isbn, estado) OVERRIDING SYSTEM VALUE VALUES (102, '359621880-1', 'Reservado');
INSERT INTO public.ejemplar (id_ejemplar, isbn, estado) OVERRIDING SYSTEM VALUE VALUES (103, '359621881-X', 'Disponible');
INSERT INTO public.ejemplar (id_ejemplar, isbn, estado) OVERRIDING SYSTEM VALUE VALUES (104, '359621881-X', 'Disponible');
INSERT INTO public.ejemplar (id_ejemplar, isbn, estado) OVERRIDING SYSTEM VALUE VALUES (105, '014044330-1', 'Disponible');
INSERT INTO public.ejemplar (id_ejemplar, isbn, estado) OVERRIDING SYSTEM VALUE VALUES (106, '014044330-1', 'Reservado');
INSERT INTO public.ejemplar (id_ejemplar, isbn, estado) OVERRIDING SYSTEM VALUE VALUES (107, '014044331-X', 'Disponible');
INSERT INTO public.ejemplar (id_ejemplar, isbn, estado) OVERRIDING SYSTEM VALUE VALUES (108, '014044331-X', 'Disponible');
INSERT INTO public.ejemplar (id_ejemplar, isbn, estado) OVERRIDING SYSTEM VALUE VALUES (109, '207040220-1', 'Disponible');
INSERT INTO public.ejemplar (id_ejemplar, isbn, estado) OVERRIDING SYSTEM VALUE VALUES (110, '207040220-1', 'Reservado');
INSERT INTO public.ejemplar (id_ejemplar, isbn, estado) OVERRIDING SYSTEM VALUE VALUES (111, '207040221-X', 'Disponible');
INSERT INTO public.ejemplar (id_ejemplar, isbn, estado) OVERRIDING SYSTEM VALUE VALUES (112, '207040221-X', 'Disponible');
INSERT INTO public.ejemplar (id_ejemplar, isbn, estado) OVERRIDING SYSTEM VALUE VALUES (113, '207040660-1', 'Disponible');
INSERT INTO public.ejemplar (id_ejemplar, isbn, estado) OVERRIDING SYSTEM VALUE VALUES (114, '207040660-1', 'Reservado');
INSERT INTO public.ejemplar (id_ejemplar, isbn, estado) OVERRIDING SYSTEM VALUE VALUES (115, '207040661-X', 'Disponible');
INSERT INTO public.ejemplar (id_ejemplar, isbn, estado) OVERRIDING SYSTEM VALUE VALUES (116, '207040661-X', 'Disponible');
INSERT INTO public.ejemplar (id_ejemplar, isbn, estado) OVERRIDING SYSTEM VALUE VALUES (117, '014043880-1', 'Disponible');
INSERT INTO public.ejemplar (id_ejemplar, isbn, estado) OVERRIDING SYSTEM VALUE VALUES (118, '014043880-1', 'Reservado');
INSERT INTO public.ejemplar (id_ejemplar, isbn, estado) OVERRIDING SYSTEM VALUE VALUES (119, '014043881-X', 'Disponible');
INSERT INTO public.ejemplar (id_ejemplar, isbn, estado) OVERRIDING SYSTEM VALUE VALUES (120, '014043881-X', 'Disponible');
INSERT INTO public.ejemplar (id_ejemplar, isbn, estado) OVERRIDING SYSTEM VALUE VALUES (121, '014143440-1', 'Disponible');
INSERT INTO public.ejemplar (id_ejemplar, isbn, estado) OVERRIDING SYSTEM VALUE VALUES (122, '014143440-1', 'Reservado');
INSERT INTO public.ejemplar (id_ejemplar, isbn, estado) OVERRIDING SYSTEM VALUE VALUES (123, '014143441-X', 'Disponible');
INSERT INTO public.ejemplar (id_ejemplar, isbn, estado) OVERRIDING SYSTEM VALUE VALUES (124, '014143441-X', 'Disponible');
INSERT INTO public.ejemplar (id_ejemplar, isbn, estado) OVERRIDING SYSTEM VALUE VALUES (125, '034535330-1', 'Disponible');
INSERT INTO public.ejemplar (id_ejemplar, isbn, estado) OVERRIDING SYSTEM VALUE VALUES (126, '034535330-1', 'Reservado');
INSERT INTO public.ejemplar (id_ejemplar, isbn, estado) OVERRIDING SYSTEM VALUE VALUES (127, '034535331-X', 'Disponible');
INSERT INTO public.ejemplar (id_ejemplar, isbn, estado) OVERRIDING SYSTEM VALUE VALUES (128, '034535331-X', 'Disponible');
INSERT INTO public.ejemplar (id_ejemplar, isbn, estado) OVERRIDING SYSTEM VALUE VALUES (129, '068480770-1', 'Disponible');
INSERT INTO public.ejemplar (id_ejemplar, isbn, estado) OVERRIDING SYSTEM VALUE VALUES (130, '068480770-1', 'Reservado');
INSERT INTO public.ejemplar (id_ejemplar, isbn, estado) OVERRIDING SYSTEM VALUE VALUES (131, '068480771-X', 'Disponible');
INSERT INTO public.ejemplar (id_ejemplar, isbn, estado) OVERRIDING SYSTEM VALUE VALUES (132, '068480771-X', 'Disponible');
INSERT INTO public.ejemplar (id_ejemplar, isbn, estado) OVERRIDING SYSTEM VALUE VALUES (133, '014118660-1', 'Disponible');
INSERT INTO public.ejemplar (id_ejemplar, isbn, estado) OVERRIDING SYSTEM VALUE VALUES (134, '014118660-1', 'Reservado');
INSERT INTO public.ejemplar (id_ejemplar, isbn, estado) OVERRIDING SYSTEM VALUE VALUES (135, '014118661-X', 'Disponible');
INSERT INTO public.ejemplar (id_ejemplar, isbn, estado) OVERRIDING SYSTEM VALUE VALUES (136, '014118661-X', 'Disponible');
INSERT INTO public.ejemplar (id_ejemplar, isbn, estado) OVERRIDING SYSTEM VALUE VALUES (137, '014303220-1', 'Disponible');
INSERT INTO public.ejemplar (id_ejemplar, isbn, estado) OVERRIDING SYSTEM VALUE VALUES (138, '014303220-1', 'Reservado');
INSERT INTO public.ejemplar (id_ejemplar, isbn, estado) OVERRIDING SYSTEM VALUE VALUES (139, '014303221-X', 'Disponible');
INSERT INTO public.ejemplar (id_ejemplar, isbn, estado) OVERRIDING SYSTEM VALUE VALUES (140, '014303221-X', 'Disponible');
INSERT INTO public.ejemplar (id_ejemplar, isbn, estado) OVERRIDING SYSTEM VALUE VALUES (141, '006085220-1', 'Disponible');
INSERT INTO public.ejemplar (id_ejemplar, isbn, estado) OVERRIDING SYSTEM VALUE VALUES (142, '006085220-1', 'Reservado');
INSERT INTO public.ejemplar (id_ejemplar, isbn, estado) OVERRIDING SYSTEM VALUE VALUES (143, '006085221-X', 'Disponible');
INSERT INTO public.ejemplar (id_ejemplar, isbn, estado) OVERRIDING SYSTEM VALUE VALUES (144, '006085221-X', 'Disponible');
INSERT INTO public.ejemplar (id_ejemplar, isbn, estado) OVERRIDING SYSTEM VALUE VALUES (145, '359621110-1', 'Disponible');
INSERT INTO public.ejemplar (id_ejemplar, isbn, estado) OVERRIDING SYSTEM VALUE VALUES (146, '359621110-1', 'Reservado');
INSERT INTO public.ejemplar (id_ejemplar, isbn, estado) OVERRIDING SYSTEM VALUE VALUES (147, '359621111-X', 'Disponible');
INSERT INTO public.ejemplar (id_ejemplar, isbn, estado) OVERRIDING SYSTEM VALUE VALUES (148, '359621111-X', 'Disponible');
INSERT INTO public.ejemplar (id_ejemplar, isbn, estado) OVERRIDING SYSTEM VALUE VALUES (149, '843453220-1', 'Disponible');
INSERT INTO public.ejemplar (id_ejemplar, isbn, estado) OVERRIDING SYSTEM VALUE VALUES (150, '843453220-1', 'Reservado');
INSERT INTO public.ejemplar (id_ejemplar, isbn, estado) OVERRIDING SYSTEM VALUE VALUES (151, '843453221-X', 'Disponible');
INSERT INTO public.ejemplar (id_ejemplar, isbn, estado) OVERRIDING SYSTEM VALUE VALUES (152, '843453221-X', 'Disponible');
INSERT INTO public.ejemplar (id_ejemplar, isbn, estado) OVERRIDING SYSTEM VALUE VALUES (153, '842045540-1', 'Disponible');
INSERT INTO public.ejemplar (id_ejemplar, isbn, estado) OVERRIDING SYSTEM VALUE VALUES (154, '842045540-1', 'Reservado');
INSERT INTO public.ejemplar (id_ejemplar, isbn, estado) OVERRIDING SYSTEM VALUE VALUES (155, '842045541-X', 'Disponible');
INSERT INTO public.ejemplar (id_ejemplar, isbn, estado) OVERRIDING SYSTEM VALUE VALUES (156, '842045541-X', 'Disponible');
INSERT INTO public.ejemplar (id_ejemplar, isbn, estado) OVERRIDING SYSTEM VALUE VALUES (157, '404104990-1', 'Disponible');
INSERT INTO public.ejemplar (id_ejemplar, isbn, estado) OVERRIDING SYSTEM VALUE VALUES (158, '404104990-1', 'Reservado');
INSERT INTO public.ejemplar (id_ejemplar, isbn, estado) OVERRIDING SYSTEM VALUE VALUES (159, '404104991-X', 'Disponible');
INSERT INTO public.ejemplar (id_ejemplar, isbn, estado) OVERRIDING SYSTEM VALUE VALUES (160, '404104991-X', 'Disponible');
INSERT INTO public.ejemplar (id_ejemplar, isbn, estado) OVERRIDING SYSTEM VALUE VALUES (161, '014143885-1', 'Disponible');
INSERT INTO public.ejemplar (id_ejemplar, isbn, estado) OVERRIDING SYSTEM VALUE VALUES (162, '014143885-1', 'Reservado');
INSERT INTO public.ejemplar (id_ejemplar, isbn, estado) OVERRIDING SYSTEM VALUE VALUES (163, '014143886-X', 'Disponible');
INSERT INTO public.ejemplar (id_ejemplar, isbn, estado) OVERRIDING SYSTEM VALUE VALUES (164, '014143886-X', 'Disponible');
INSERT INTO public.ejemplar (id_ejemplar, isbn, estado) OVERRIDING SYSTEM VALUE VALUES (165, '014144335-1', 'Disponible');
INSERT INTO public.ejemplar (id_ejemplar, isbn, estado) OVERRIDING SYSTEM VALUE VALUES (166, '014144335-1', 'Reservado');
INSERT INTO public.ejemplar (id_ejemplar, isbn, estado) OVERRIDING SYSTEM VALUE VALUES (167, '014144336-X', 'Disponible');
INSERT INTO public.ejemplar (id_ejemplar, isbn, estado) OVERRIDING SYSTEM VALUE VALUES (168, '014144336-X', 'Disponible');
INSERT INTO public.ejemplar (id_ejemplar, isbn, estado) OVERRIDING SYSTEM VALUE VALUES (169, '057507110-1', 'Disponible');
INSERT INTO public.ejemplar (id_ejemplar, isbn, estado) OVERRIDING SYSTEM VALUE VALUES (170, '057507110-1', 'Reservado');
INSERT INTO public.ejemplar (id_ejemplar, isbn, estado) OVERRIDING SYSTEM VALUE VALUES (171, '057507111-X', 'Disponible');
INSERT INTO public.ejemplar (id_ejemplar, isbn, estado) OVERRIDING SYSTEM VALUE VALUES (172, '057507111-X', 'Disponible');
INSERT INTO public.ejemplar (id_ejemplar, isbn, estado) OVERRIDING SYSTEM VALUE VALUES (173, '014017330-1', 'Disponible');
INSERT INTO public.ejemplar (id_ejemplar, isbn, estado) OVERRIDING SYSTEM VALUE VALUES (174, '014017330-1', 'Reservado');
INSERT INTO public.ejemplar (id_ejemplar, isbn, estado) OVERRIDING SYSTEM VALUE VALUES (175, '014017331-X', 'Disponible');
INSERT INTO public.ejemplar (id_ejemplar, isbn, estado) OVERRIDING SYSTEM VALUE VALUES (176, '014017331-X', 'Disponible');
INSERT INTO public.ejemplar (id_ejemplar, isbn, estado) OVERRIDING SYSTEM VALUE VALUES (177, '950515110-1', 'Disponible');
INSERT INTO public.ejemplar (id_ejemplar, isbn, estado) OVERRIDING SYSTEM VALUE VALUES (178, '950515110-1', 'Reservado');
INSERT INTO public.ejemplar (id_ejemplar, isbn, estado) OVERRIDING SYSTEM VALUE VALUES (179, '950515111-X', 'Disponible');
INSERT INTO public.ejemplar (id_ejemplar, isbn, estado) OVERRIDING SYSTEM VALUE VALUES (180, '950515111-X', 'Disponible');
INSERT INTO public.ejemplar (id_ejemplar, isbn, estado) OVERRIDING SYSTEM VALUE VALUES (181, '968233990-1', 'Disponible');
INSERT INTO public.ejemplar (id_ejemplar, isbn, estado) OVERRIDING SYSTEM VALUE VALUES (182, '968233990-1', 'Reservado');
INSERT INTO public.ejemplar (id_ejemplar, isbn, estado) OVERRIDING SYSTEM VALUE VALUES (183, '968233991-X', 'Disponible');
INSERT INTO public.ejemplar (id_ejemplar, isbn, estado) OVERRIDING SYSTEM VALUE VALUES (184, '968233991-X', 'Disponible');
INSERT INTO public.ejemplar (id_ejemplar, isbn, estado) OVERRIDING SYSTEM VALUE VALUES (185, '842048990-1', 'Disponible');
INSERT INTO public.ejemplar (id_ejemplar, isbn, estado) OVERRIDING SYSTEM VALUE VALUES (186, '842048990-1', 'Reservado');
INSERT INTO public.ejemplar (id_ejemplar, isbn, estado) OVERRIDING SYSTEM VALUE VALUES (187, '842048991-X', 'Disponible');
INSERT INTO public.ejemplar (id_ejemplar, isbn, estado) OVERRIDING SYSTEM VALUE VALUES (188, '842048991-X', 'Disponible');
INSERT INTO public.ejemplar (id_ejemplar, isbn, estado) OVERRIDING SYSTEM VALUE VALUES (189, '843761880-1', 'Disponible');
INSERT INTO public.ejemplar (id_ejemplar, isbn, estado) OVERRIDING SYSTEM VALUE VALUES (190, '843761880-1', 'Reservado');
INSERT INTO public.ejemplar (id_ejemplar, isbn, estado) OVERRIDING SYSTEM VALUE VALUES (191, '843761881-X', 'Disponible');
INSERT INTO public.ejemplar (id_ejemplar, isbn, estado) OVERRIDING SYSTEM VALUE VALUES (192, '843761881-X', 'Disponible');
INSERT INTO public.ejemplar (id_ejemplar, isbn, estado) OVERRIDING SYSTEM VALUE VALUES (193, '843761882-8', 'Disponible');
INSERT INTO public.ejemplar (id_ejemplar, isbn, estado) OVERRIDING SYSTEM VALUE VALUES (194, '843761882-8', 'Reservado');
INSERT INTO public.ejemplar (id_ejemplar, isbn, estado) OVERRIDING SYSTEM VALUE VALUES (195, '968160990-1', 'Disponible');
INSERT INTO public.ejemplar (id_ejemplar, isbn, estado) OVERRIDING SYSTEM VALUE VALUES (196, '968160990-1', 'Disponible');
INSERT INTO public.ejemplar (id_ejemplar, isbn, estado) OVERRIDING SYSTEM VALUE VALUES (197, '968160991-X', 'Disponible');
INSERT INTO public.ejemplar (id_ejemplar, isbn, estado) OVERRIDING SYSTEM VALUE VALUES (198, '968160991-X', 'Reservado');
INSERT INTO public.ejemplar (id_ejemplar, isbn, estado) OVERRIDING SYSTEM VALUE VALUES (199, '015695880-1', 'Disponible');
INSERT INTO public.ejemplar (id_ejemplar, isbn, estado) OVERRIDING SYSTEM VALUE VALUES (200, '015695880-1', 'Disponible');
INSERT INTO public.ejemplar (id_ejemplar, isbn, estado) OVERRIDING SYSTEM VALUE VALUES (201, '014044880-1', 'Disponible');
INSERT INTO public.ejemplar (id_ejemplar, isbn, estado) OVERRIDING SYSTEM VALUE VALUES (202, '014044880-1', 'Reservado');
INSERT INTO public.ejemplar (id_ejemplar, isbn, estado) OVERRIDING SYSTEM VALUE VALUES (203, '067972880-1', 'Disponible');
INSERT INTO public.ejemplar (id_ejemplar, isbn, estado) OVERRIDING SYSTEM VALUE VALUES (204, '067972880-1', 'Disponible');
INSERT INTO public.ejemplar (id_ejemplar, isbn, estado) OVERRIDING SYSTEM VALUE VALUES (205, '207040880-1', 'Disponible');
INSERT INTO public.ejemplar (id_ejemplar, isbn, estado) OVERRIDING SYSTEM VALUE VALUES (206, '207040880-1', 'Reservado');
INSERT INTO public.ejemplar (id_ejemplar, isbn, estado) OVERRIDING SYSTEM VALUE VALUES (207, '207036880-1', 'Disponible');
INSERT INTO public.ejemplar (id_ejemplar, isbn, estado) OVERRIDING SYSTEM VALUE VALUES (208, '207036880-1', 'Disponible');
INSERT INTO public.ejemplar (id_ejemplar, isbn, estado) OVERRIDING SYSTEM VALUE VALUES (209, '207051880-1', 'Disponible');
INSERT INTO public.ejemplar (id_ejemplar, isbn, estado) OVERRIDING SYSTEM VALUE VALUES (210, '207051880-1', 'Reservado');
INSERT INTO public.ejemplar (id_ejemplar, isbn, estado) OVERRIDING SYSTEM VALUE VALUES (211, '842065880-1', 'Disponible');
INSERT INTO public.ejemplar (id_ejemplar, isbn, estado) OVERRIDING SYSTEM VALUE VALUES (212, '842065880-1', 'Disponible');
INSERT INTO public.ejemplar (id_ejemplar, isbn, estado) OVERRIDING SYSTEM VALUE VALUES (213, '972031880-1', 'Disponible');
INSERT INTO public.ejemplar (id_ejemplar, isbn, estado) OVERRIDING SYSTEM VALUE VALUES (214, '972031880-1', 'Reservado');
INSERT INTO public.ejemplar (id_ejemplar, isbn, estado) OVERRIDING SYSTEM VALUE VALUES (215, '842261880-1', 'Disponible');
INSERT INTO public.ejemplar (id_ejemplar, isbn, estado) OVERRIDING SYSTEM VALUE VALUES (216, '842261880-1', 'Disponible');
INSERT INTO public.ejemplar (id_ejemplar, isbn, estado) OVERRIDING SYSTEM VALUE VALUES (217, '014043885-1', 'Disponible');
INSERT INTO public.ejemplar (id_ejemplar, isbn, estado) OVERRIDING SYSTEM VALUE VALUES (218, '014043885-1', 'Reservado');
INSERT INTO public.ejemplar (id_ejemplar, isbn, estado) OVERRIDING SYSTEM VALUE VALUES (219, '014118880-1', 'Disponible');
INSERT INTO public.ejemplar (id_ejemplar, isbn, estado) OVERRIDING SYSTEM VALUE VALUES (220, '014118880-1', 'Disponible');
INSERT INTO public.ejemplar (id_ejemplar, isbn, estado) OVERRIDING SYSTEM VALUE VALUES (221, '014143880-1', 'Disponible');
INSERT INTO public.ejemplar (id_ejemplar, isbn, estado) OVERRIDING SYSTEM VALUE VALUES (222, '014143880-1', 'Reservado');
INSERT INTO public.ejemplar (id_ejemplar, isbn, estado) OVERRIDING SYSTEM VALUE VALUES (223, '014143881-X', 'Disponible');
INSERT INTO public.ejemplar (id_ejemplar, isbn, estado) OVERRIDING SYSTEM VALUE VALUES (224, '014143881-X', 'Disponible');
INSERT INTO public.ejemplar (id_ejemplar, isbn, estado) OVERRIDING SYSTEM VALUE VALUES (225, '014143882-8', 'Disponible');
INSERT INTO public.ejemplar (id_ejemplar, isbn, estado) OVERRIDING SYSTEM VALUE VALUES (226, '014143882-8', 'Reservado');
INSERT INTO public.ejemplar (id_ejemplar, isbn, estado) OVERRIDING SYSTEM VALUE VALUES (227, '014144880-1', 'Disponible');
INSERT INTO public.ejemplar (id_ejemplar, isbn, estado) OVERRIDING SYSTEM VALUE VALUES (228, '014144880-1', 'Disponible');
INSERT INTO public.ejemplar (id_ejemplar, isbn, estado) OVERRIDING SYSTEM VALUE VALUES (229, '014039880-1', 'Disponible');
INSERT INTO public.ejemplar (id_ejemplar, isbn, estado) OVERRIDING SYSTEM VALUE VALUES (230, '014039880-1', 'Reservado');
INSERT INTO public.ejemplar (id_ejemplar, isbn, estado) OVERRIDING SYSTEM VALUE VALUES (231, '044631880-1', 'Disponible');
INSERT INTO public.ejemplar (id_ejemplar, isbn, estado) OVERRIDING SYSTEM VALUE VALUES (232, '044631880-1', 'Disponible');
INSERT INTO public.ejemplar (id_ejemplar, isbn, estado) OVERRIDING SYSTEM VALUE VALUES (233, '067974880-1', 'Disponible');
INSERT INTO public.ejemplar (id_ejemplar, isbn, estado) OVERRIDING SYSTEM VALUE VALUES (234, '067974880-1', 'Reservado');
INSERT INTO public.ejemplar (id_ejemplar, isbn, estado) OVERRIDING SYSTEM VALUE VALUES (235, '950040880-1', 'Disponible');
INSERT INTO public.ejemplar (id_ejemplar, isbn, estado) OVERRIDING SYSTEM VALUE VALUES (236, '950040880-1', 'Disponible');
INSERT INTO public.ejemplar (id_ejemplar, isbn, estado) OVERRIDING SYSTEM VALUE VALUES (237, '842044990-1', 'Disponible');
INSERT INTO public.ejemplar (id_ejemplar, isbn, estado) OVERRIDING SYSTEM VALUE VALUES (238, '842044990-1', 'Reservado');
INSERT INTO public.ejemplar (id_ejemplar, isbn, estado) OVERRIDING SYSTEM VALUE VALUES (239, '950071110-1', 'Disponible');
INSERT INTO public.ejemplar (id_ejemplar, isbn, estado) OVERRIDING SYSTEM VALUE VALUES (240, '842045510-2', 'Reservado');
INSERT INTO public.ejemplar (id_ejemplar, isbn, estado) OVERRIDING SYSTEM VALUE VALUES (241, '950515990-3', 'Disponible');
INSERT INTO public.ejemplar (id_ejemplar, isbn, estado) OVERRIDING SYSTEM VALUE VALUES (242, '843761210-4', 'Disponible');
INSERT INTO public.ejemplar (id_ejemplar, isbn, estado) OVERRIDING SYSTEM VALUE VALUES (243, '185326550-1', 'Reservado');
INSERT INTO public.ejemplar (id_ejemplar, isbn, estado) OVERRIDING SYSTEM VALUE VALUES (244, '185326551-X', 'Disponible');
INSERT INTO public.ejemplar (id_ejemplar, isbn, estado) OVERRIDING SYSTEM VALUE VALUES (245, '185326552-8', 'Disponible');
INSERT INTO public.ejemplar (id_ejemplar, isbn, estado) OVERRIDING SYSTEM VALUE VALUES (246, '185326553-6', 'Reservado');
INSERT INTO public.ejemplar (id_ejemplar, isbn, estado) OVERRIDING SYSTEM VALUE VALUES (247, '034531120-1', 'Disponible');
INSERT INTO public.ejemplar (id_ejemplar, isbn, estado) OVERRIDING SYSTEM VALUE VALUES (248, '034531121-X', 'Disponible');
INSERT INTO public.ejemplar (id_ejemplar, isbn, estado) OVERRIDING SYSTEM VALUE VALUES (249, '034531122-8', 'Reservado');
INSERT INTO public.ejemplar (id_ejemplar, isbn, estado) OVERRIDING SYSTEM VALUE VALUES (250, '034531123-6', 'Disponible');
INSERT INTO public.ejemplar (id_ejemplar, isbn, estado) OVERRIDING SYSTEM VALUE VALUES (251, '026110990-1', 'Reservado');
INSERT INTO public.ejemplar (id_ejemplar, isbn, estado) OVERRIDING SYSTEM VALUE VALUES (252, '026110991-X', 'Disponible');
INSERT INTO public.ejemplar (id_ejemplar, isbn, estado) OVERRIDING SYSTEM VALUE VALUES (253, '026110992-8', 'Disponible');
INSERT INTO public.ejemplar (id_ejemplar, isbn, estado) OVERRIDING SYSTEM VALUE VALUES (254, '026110993-6', 'Reservado');
INSERT INTO public.ejemplar (id_ejemplar, isbn, estado) OVERRIDING SYSTEM VALUE VALUES (255, '000711440-1', 'Disponible');
INSERT INTO public.ejemplar (id_ejemplar, isbn, estado) OVERRIDING SYSTEM VALUE VALUES (256, '000711441-X', 'Reservado');
INSERT INTO public.ejemplar (id_ejemplar, isbn, estado) OVERRIDING SYSTEM VALUE VALUES (257, '000711442-8', 'Disponible');
INSERT INTO public.ejemplar (id_ejemplar, isbn, estado) OVERRIDING SYSTEM VALUE VALUES (258, '000711443-6', 'Disponible');
INSERT INTO public.ejemplar (id_ejemplar, isbn, estado) OVERRIDING SYSTEM VALUE VALUES (259, '843760990-1', 'Reservado');
INSERT INTO public.ejemplar (id_ejemplar, isbn, estado) OVERRIDING SYSTEM VALUE VALUES (260, '843760991-X', 'Disponible');
INSERT INTO public.ejemplar (id_ejemplar, isbn, estado) OVERRIDING SYSTEM VALUE VALUES (261, '843760992-8', 'Disponible');
INSERT INTO public.ejemplar (id_ejemplar, isbn, estado) OVERRIDING SYSTEM VALUE VALUES (262, '842063880-1', 'Reservado');
INSERT INTO public.ejemplar (id_ejemplar, isbn, estado) OVERRIDING SYSTEM VALUE VALUES (263, '842063881-X', 'Disponible');
INSERT INTO public.ejemplar (id_ejemplar, isbn, estado) OVERRIDING SYSTEM VALUE VALUES (264, '842063882-8', 'Disponible');
INSERT INTO public.ejemplar (id_ejemplar, isbn, estado) OVERRIDING SYSTEM VALUE VALUES (265, '014118440-1', 'Reservado');
INSERT INTO public.ejemplar (id_ejemplar, isbn, estado) OVERRIDING SYSTEM VALUE VALUES (266, '014118441-X', 'Disponible');
INSERT INTO public.ejemplar (id_ejemplar, isbn, estado) OVERRIDING SYSTEM VALUE VALUES (267, '014118442-8', 'Disponible');
INSERT INTO public.ejemplar (id_ejemplar, isbn, estado) OVERRIDING SYSTEM VALUE VALUES (268, '225300990-1', 'Reservado');
INSERT INTO public.ejemplar (id_ejemplar, isbn, estado) OVERRIDING SYSTEM VALUE VALUES (269, '225300991-X', 'Disponible');
INSERT INTO public.ejemplar (id_ejemplar, isbn, estado) OVERRIDING SYSTEM VALUE VALUES (270, '225300992-8', 'Disponible');
INSERT INTO public.ejemplar (id_ejemplar, isbn, estado) OVERRIDING SYSTEM VALUE VALUES (271, '014143220-1', 'Reservado');
INSERT INTO public.ejemplar (id_ejemplar, isbn, estado) OVERRIDING SYSTEM VALUE VALUES (272, '014143221-X', 'Disponible');
INSERT INTO public.ejemplar (id_ejemplar, isbn, estado) OVERRIDING SYSTEM VALUE VALUES (273, '014143222-8', 'Disponible');
INSERT INTO public.ejemplar (id_ejemplar, isbn, estado) OVERRIDING SYSTEM VALUE VALUES (274, '055329880-1', 'Reservado');
INSERT INTO public.ejemplar (id_ejemplar, isbn, estado) OVERRIDING SYSTEM VALUE VALUES (275, '055329881-X', 'Disponible');
INSERT INTO public.ejemplar (id_ejemplar, isbn, estado) OVERRIDING SYSTEM VALUE VALUES (276, '055329882-8', 'Disponible');
INSERT INTO public.ejemplar (id_ejemplar, isbn, estado) OVERRIDING SYSTEM VALUE VALUES (277, '014143110-1', 'Reservado');
INSERT INTO public.ejemplar (id_ejemplar, isbn, estado) OVERRIDING SYSTEM VALUE VALUES (278, '014143111-X', 'Disponible');
INSERT INTO public.ejemplar (id_ejemplar, isbn, estado) OVERRIDING SYSTEM VALUE VALUES (279, '014143112-8', 'Disponible');
INSERT INTO public.ejemplar (id_ejemplar, isbn, estado) OVERRIDING SYSTEM VALUE VALUES (280, '014044110-1', 'Reservado');
INSERT INTO public.ejemplar (id_ejemplar, isbn, estado) OVERRIDING SYSTEM VALUE VALUES (281, '014044111-X', 'Disponible');
INSERT INTO public.ejemplar (id_ejemplar, isbn, estado) OVERRIDING SYSTEM VALUE VALUES (282, '014044112-8', 'Disponible');
INSERT INTO public.ejemplar (id_ejemplar, isbn, estado) OVERRIDING SYSTEM VALUE VALUES (283, '950515770-1', 'Reservado');
INSERT INTO public.ejemplar (id_ejemplar, isbn, estado) OVERRIDING SYSTEM VALUE VALUES (284, '950515771-X', 'Disponible');
INSERT INTO public.ejemplar (id_ejemplar, isbn, estado) OVERRIDING SYSTEM VALUE VALUES (285, '840134990-1', 'Reservado');
INSERT INTO public.ejemplar (id_ejemplar, isbn, estado) OVERRIDING SYSTEM VALUE VALUES (286, '840134991-X', 'Disponible');
INSERT INTO public.ejemplar (id_ejemplar, isbn, estado) OVERRIDING SYSTEM VALUE VALUES (287, '842045520-1', 'Reservado');
INSERT INTO public.ejemplar (id_ejemplar, isbn, estado) OVERRIDING SYSTEM VALUE VALUES (288, '842045521-X', 'Disponible');
INSERT INTO public.ejemplar (id_ejemplar, isbn, estado) OVERRIDING SYSTEM VALUE VALUES (289, '359621880-1', 'Reservado');
INSERT INTO public.ejemplar (id_ejemplar, isbn, estado) OVERRIDING SYSTEM VALUE VALUES (290, '359621881-X', 'Disponible');
INSERT INTO public.ejemplar (id_ejemplar, isbn, estado) OVERRIDING SYSTEM VALUE VALUES (291, '014044330-1', 'Reservado');
INSERT INTO public.ejemplar (id_ejemplar, isbn, estado) OVERRIDING SYSTEM VALUE VALUES (292, '014044331-X', 'Disponible');
INSERT INTO public.ejemplar (id_ejemplar, isbn, estado) OVERRIDING SYSTEM VALUE VALUES (293, '207040220-1', 'Reservado');
INSERT INTO public.ejemplar (id_ejemplar, isbn, estado) OVERRIDING SYSTEM VALUE VALUES (294, '207040221-X', 'Disponible');
INSERT INTO public.ejemplar (id_ejemplar, isbn, estado) OVERRIDING SYSTEM VALUE VALUES (295, '207040660-1', 'Reservado');
INSERT INTO public.ejemplar (id_ejemplar, isbn, estado) OVERRIDING SYSTEM VALUE VALUES (296, '207040661-X', 'Disponible');
INSERT INTO public.ejemplar (id_ejemplar, isbn, estado) OVERRIDING SYSTEM VALUE VALUES (297, '014043880-1', 'Reservado');
INSERT INTO public.ejemplar (id_ejemplar, isbn, estado) OVERRIDING SYSTEM VALUE VALUES (298, '014043881-X', 'Disponible');
INSERT INTO public.ejemplar (id_ejemplar, isbn, estado) OVERRIDING SYSTEM VALUE VALUES (299, '014143440-1', 'Reservado');
INSERT INTO public.ejemplar (id_ejemplar, isbn, estado) OVERRIDING SYSTEM VALUE VALUES (300, '014143441-X', 'Disponible');
INSERT INTO public.ejemplar (id_ejemplar, isbn, estado) OVERRIDING SYSTEM VALUE VALUES (301, '034535330-1', 'Reservado');
INSERT INTO public.ejemplar (id_ejemplar, isbn, estado) OVERRIDING SYSTEM VALUE VALUES (302, '034535331-X', 'Disponible');
INSERT INTO public.ejemplar (id_ejemplar, isbn, estado) OVERRIDING SYSTEM VALUE VALUES (303, '068480770-1', 'Reservado');
INSERT INTO public.ejemplar (id_ejemplar, isbn, estado) OVERRIDING SYSTEM VALUE VALUES (304, '068480771-X', 'Disponible');
INSERT INTO public.ejemplar (id_ejemplar, isbn, estado) OVERRIDING SYSTEM VALUE VALUES (305, '014118660-1', 'Reservado');
INSERT INTO public.ejemplar (id_ejemplar, isbn, estado) OVERRIDING SYSTEM VALUE VALUES (306, '014118661-X', 'Disponible');
INSERT INTO public.ejemplar (id_ejemplar, isbn, estado) OVERRIDING SYSTEM VALUE VALUES (307, '014303220-1', 'Reservado');
INSERT INTO public.ejemplar (id_ejemplar, isbn, estado) OVERRIDING SYSTEM VALUE VALUES (308, '014303221-X', 'Disponible');
INSERT INTO public.ejemplar (id_ejemplar, isbn, estado) OVERRIDING SYSTEM VALUE VALUES (309, '006085220-1', 'Reservado');
INSERT INTO public.ejemplar (id_ejemplar, isbn, estado) OVERRIDING SYSTEM VALUE VALUES (310, '006085221-X', 'Disponible');
INSERT INTO public.ejemplar (id_ejemplar, isbn, estado) OVERRIDING SYSTEM VALUE VALUES (311, '359621110-1', 'Reservado');
INSERT INTO public.ejemplar (id_ejemplar, isbn, estado) OVERRIDING SYSTEM VALUE VALUES (312, '359621111-X', 'Disponible');
INSERT INTO public.ejemplar (id_ejemplar, isbn, estado) OVERRIDING SYSTEM VALUE VALUES (313, '843453220-1', 'Reservado');
INSERT INTO public.ejemplar (id_ejemplar, isbn, estado) OVERRIDING SYSTEM VALUE VALUES (314, '843453221-X', 'Disponible');
INSERT INTO public.ejemplar (id_ejemplar, isbn, estado) OVERRIDING SYSTEM VALUE VALUES (315, '842045540-1', 'Reservado');
INSERT INTO public.ejemplar (id_ejemplar, isbn, estado) OVERRIDING SYSTEM VALUE VALUES (316, '842045541-X', 'Disponible');
INSERT INTO public.ejemplar (id_ejemplar, isbn, estado) OVERRIDING SYSTEM VALUE VALUES (317, '404104990-1', 'Reservado');
INSERT INTO public.ejemplar (id_ejemplar, isbn, estado) OVERRIDING SYSTEM VALUE VALUES (318, '404104991-X', 'Disponible');
INSERT INTO public.ejemplar (id_ejemplar, isbn, estado) OVERRIDING SYSTEM VALUE VALUES (319, '014143885-1', 'Reservado');
INSERT INTO public.ejemplar (id_ejemplar, isbn, estado) OVERRIDING SYSTEM VALUE VALUES (320, '014143886-X', 'Disponible');
INSERT INTO public.ejemplar (id_ejemplar, isbn, estado) OVERRIDING SYSTEM VALUE VALUES (321, '014144335-1', 'Reservado');
INSERT INTO public.ejemplar (id_ejemplar, isbn, estado) OVERRIDING SYSTEM VALUE VALUES (322, '014144336-X', 'Disponible');
INSERT INTO public.ejemplar (id_ejemplar, isbn, estado) OVERRIDING SYSTEM VALUE VALUES (323, '057507110-1', 'Reservado');
INSERT INTO public.ejemplar (id_ejemplar, isbn, estado) OVERRIDING SYSTEM VALUE VALUES (324, '057507111-X', 'Disponible');
INSERT INTO public.ejemplar (id_ejemplar, isbn, estado) OVERRIDING SYSTEM VALUE VALUES (325, '014017330-1', 'Reservado');
INSERT INTO public.ejemplar (id_ejemplar, isbn, estado) OVERRIDING SYSTEM VALUE VALUES (326, '014017331-X', 'Disponible');
INSERT INTO public.ejemplar (id_ejemplar, isbn, estado) OVERRIDING SYSTEM VALUE VALUES (327, '950515110-1', 'Reservado');
INSERT INTO public.ejemplar (id_ejemplar, isbn, estado) OVERRIDING SYSTEM VALUE VALUES (328, '950515111-X', 'Disponible');
INSERT INTO public.ejemplar (id_ejemplar, isbn, estado) OVERRIDING SYSTEM VALUE VALUES (329, '968233990-1', 'Reservado');
INSERT INTO public.ejemplar (id_ejemplar, isbn, estado) OVERRIDING SYSTEM VALUE VALUES (330, '968233991-X', 'Disponible');
INSERT INTO public.ejemplar (id_ejemplar, isbn, estado) OVERRIDING SYSTEM VALUE VALUES (331, '842048990-1', 'Reservado');
INSERT INTO public.ejemplar (id_ejemplar, isbn, estado) OVERRIDING SYSTEM VALUE VALUES (332, '842048991-X', 'Disponible');
INSERT INTO public.ejemplar (id_ejemplar, isbn, estado) OVERRIDING SYSTEM VALUE VALUES (333, '843761880-1', 'Disponible');
INSERT INTO public.ejemplar (id_ejemplar, isbn, estado) OVERRIDING SYSTEM VALUE VALUES (334, '843761881-X', 'Reservado');
INSERT INTO public.ejemplar (id_ejemplar, isbn, estado) OVERRIDING SYSTEM VALUE VALUES (335, '843761882-8', 'Disponible');
INSERT INTO public.ejemplar (id_ejemplar, isbn, estado) OVERRIDING SYSTEM VALUE VALUES (336, '968160990-1', 'Disponible');
INSERT INTO public.ejemplar (id_ejemplar, isbn, estado) OVERRIDING SYSTEM VALUE VALUES (337, '968160991-X', 'Reservado');
INSERT INTO public.ejemplar (id_ejemplar, isbn, estado) OVERRIDING SYSTEM VALUE VALUES (338, '015695880-1', 'Disponible');

INSERT INTO public.ejemplar (id_ejemplar, isbn, estado) OVERRIDING SYSTEM VALUE VALUES (339, '207040984-5', 'Disponible');
INSERT INTO public.ejemplar (id_ejemplar, isbn, estado) OVERRIDING SYSTEM VALUE VALUES (340, '207040984-5', 'Disponible');
INSERT INTO public.ejemplar (id_ejemplar, isbn, estado) OVERRIDING SYSTEM VALUE VALUES (341, '207040984-5', 'Disponible');
INSERT INTO public.ejemplar (id_ejemplar, isbn, estado) OVERRIDING SYSTEM VALUE VALUES (342, '207040984-5', 'Disponible');
INSERT INTO public.ejemplar (id_ejemplar, isbn, estado) OVERRIDING SYSTEM VALUE VALUES (343, '207040984-5', 'Disponible');
INSERT INTO public.ejemplar (id_ejemplar, isbn, estado) OVERRIDING SYSTEM VALUE VALUES (344, '207040984-5', 'Disponible');
INSERT INTO public.ejemplar (id_ejemplar, isbn, estado) OVERRIDING SYSTEM VALUE VALUES (345, '207040984-5', 'Disponible');
INSERT INTO public.ejemplar (id_ejemplar, isbn, estado) OVERRIDING SYSTEM VALUE VALUES (346, '207040984-5', 'Disponible');
INSERT INTO public.ejemplar (id_ejemplar, isbn, estado) OVERRIDING SYSTEM VALUE VALUES (347, '207040984-5', 'Disponible');
INSERT INTO public.ejemplar (id_ejemplar, isbn, estado) OVERRIDING SYSTEM VALUE VALUES (348, '207040984-5', 'Disponible');
INSERT INTO public.ejemplar (id_ejemplar, isbn, estado) OVERRIDING SYSTEM VALUE VALUES (349, '207040984-5', 'Disponible');
INSERT INTO public.ejemplar (id_ejemplar, isbn, estado) OVERRIDING SYSTEM VALUE VALUES (350, '207040984-5', 'Disponible');
INSERT INTO public.ejemplar (id_ejemplar, isbn, estado) OVERRIDING SYSTEM VALUE VALUES (351, '207036042-0', 'Disponible');
INSERT INTO public.ejemplar (id_ejemplar, isbn, estado) OVERRIDING SYSTEM VALUE VALUES (352, '207036042-0', 'Disponible');
INSERT INTO public.ejemplar (id_ejemplar, isbn, estado) OVERRIDING SYSTEM VALUE VALUES (353, '207036042-0', 'Disponible');
INSERT INTO public.ejemplar (id_ejemplar, isbn, estado) OVERRIDING SYSTEM VALUE VALUES (354, '207036042-0', 'Disponible');
INSERT INTO public.ejemplar (id_ejemplar, isbn, estado) OVERRIDING SYSTEM VALUE VALUES (355, '207036042-0', 'Disponible');
INSERT INTO public.ejemplar (id_ejemplar, isbn, estado) OVERRIDING SYSTEM VALUE VALUES (356, '207036042-0', 'Disponible');
INSERT INTO public.ejemplar (id_ejemplar, isbn, estado) OVERRIDING SYSTEM VALUE VALUES (357, '207036042-0', 'Disponible');
INSERT INTO public.ejemplar (id_ejemplar, isbn, estado) OVERRIDING SYSTEM VALUE VALUES (358, '207036042-0', 'Disponible');
INSERT INTO public.ejemplar (id_ejemplar, isbn, estado) OVERRIDING SYSTEM VALUE VALUES (359, '207036042-0', 'Disponible');
INSERT INTO public.ejemplar (id_ejemplar, isbn, estado) OVERRIDING SYSTEM VALUE VALUES (360, '207036042-0', 'Disponible');
INSERT INTO public.ejemplar (id_ejemplar, isbn, estado) OVERRIDING SYSTEM VALUE VALUES (361, '207036042-0', 'Disponible');
INSERT INTO public.ejemplar (id_ejemplar, isbn, estado) OVERRIDING SYSTEM VALUE VALUES (362, '207036042-0', 'Disponible');
INSERT INTO public.ejemplar (id_ejemplar, isbn, estado) OVERRIDING SYSTEM VALUE VALUES (363, '207074643-4', 'Disponible');
INSERT INTO public.ejemplar (id_ejemplar, isbn, estado) OVERRIDING SYSTEM VALUE VALUES (364, '207074643-4', 'Disponible');
INSERT INTO public.ejemplar (id_ejemplar, isbn, estado) OVERRIDING SYSTEM VALUE VALUES (365, '207074643-4', 'Disponible');
INSERT INTO public.ejemplar (id_ejemplar, isbn, estado) OVERRIDING SYSTEM VALUE VALUES (366, '207074643-4', 'Disponible');
INSERT INTO public.ejemplar (id_ejemplar, isbn, estado) OVERRIDING SYSTEM VALUE VALUES (367, '207074643-4', 'Disponible');
INSERT INTO public.ejemplar (id_ejemplar, isbn, estado) OVERRIDING SYSTEM VALUE VALUES (368, '207074643-4', 'Disponible');
INSERT INTO public.ejemplar (id_ejemplar, isbn, estado) OVERRIDING SYSTEM VALUE VALUES (369, '207074643-4', 'Disponible');
INSERT INTO public.ejemplar (id_ejemplar, isbn, estado) OVERRIDING SYSTEM VALUE VALUES (370, '207074643-4', 'Disponible');
INSERT INTO public.ejemplar (id_ejemplar, isbn, estado) OVERRIDING SYSTEM VALUE VALUES (371, '207074643-4', 'Disponible');
INSERT INTO public.ejemplar (id_ejemplar, isbn, estado) OVERRIDING SYSTEM VALUE VALUES (372, '207074643-4', 'Disponible');
INSERT INTO public.ejemplar (id_ejemplar, isbn, estado) OVERRIDING SYSTEM VALUE VALUES (373, '207074643-4', 'Disponible');
INSERT INTO public.ejemplar (id_ejemplar, isbn, estado) OVERRIDING SYSTEM VALUE VALUES (374, '207074643-4', 'Disponible');
INSERT INTO public.ejemplar (id_ejemplar, isbn, estado) OVERRIDING SYSTEM VALUE VALUES (375, '207051342-1', 'Disponible');
INSERT INTO public.ejemplar (id_ejemplar, isbn, estado) OVERRIDING SYSTEM VALUE VALUES (376, '207051342-1', 'Disponible');
INSERT INTO public.ejemplar (id_ejemplar, isbn, estado) OVERRIDING SYSTEM VALUE VALUES (377, '207051342-1', 'Disponible');
INSERT INTO public.ejemplar (id_ejemplar, isbn, estado) OVERRIDING SYSTEM VALUE VALUES (378, '207051342-1', 'Disponible');
INSERT INTO public.ejemplar (id_ejemplar, isbn, estado) OVERRIDING SYSTEM VALUE VALUES (379, '207051342-1', 'Disponible');
INSERT INTO public.ejemplar (id_ejemplar, isbn, estado) OVERRIDING SYSTEM VALUE VALUES (380, '207051342-1', 'Disponible');
INSERT INTO public.ejemplar (id_ejemplar, isbn, estado) OVERRIDING SYSTEM VALUE VALUES (381, '207051342-1', 'Disponible');
INSERT INTO public.ejemplar (id_ejemplar, isbn, estado) OVERRIDING SYSTEM VALUE VALUES (382, '207051342-1', 'Disponible');
INSERT INTO public.ejemplar (id_ejemplar, isbn, estado) OVERRIDING SYSTEM VALUE VALUES (383, '207051342-1', 'Disponible');
INSERT INTO public.ejemplar (id_ejemplar, isbn, estado) OVERRIDING SYSTEM VALUE VALUES (384, '207051342-1', 'Disponible');
INSERT INTO public.ejemplar (id_ejemplar, isbn, estado) OVERRIDING SYSTEM VALUE VALUES (385, '207051342-1', 'Disponible');
INSERT INTO public.ejemplar (id_ejemplar, isbn, estado) OVERRIDING SYSTEM VALUE VALUES (386, '207051342-1', 'Disponible');
INSERT INTO public.ejemplar (id_ejemplar, isbn, estado) OVERRIDING SYSTEM VALUE VALUES (387, '404104288-2', 'Disponible');
INSERT INTO public.ejemplar (id_ejemplar, isbn, estado) OVERRIDING SYSTEM VALUE VALUES (388, '404104288-2', 'Disponible');
INSERT INTO public.ejemplar (id_ejemplar, isbn, estado) OVERRIDING SYSTEM VALUE VALUES (389, '404104288-2', 'Disponible');
INSERT INTO public.ejemplar (id_ejemplar, isbn, estado) OVERRIDING SYSTEM VALUE VALUES (390, '404104288-2', 'Disponible');
INSERT INTO public.ejemplar (id_ejemplar, isbn, estado) OVERRIDING SYSTEM VALUE VALUES (391, '404104288-2', 'Disponible');
INSERT INTO public.ejemplar (id_ejemplar, isbn, estado) OVERRIDING SYSTEM VALUE VALUES (392, '404104288-2', 'Disponible');
INSERT INTO public.ejemplar (id_ejemplar, isbn, estado) OVERRIDING SYSTEM VALUE VALUES (393, '404104288-2', 'Disponible');
INSERT INTO public.ejemplar (id_ejemplar, isbn, estado) OVERRIDING SYSTEM VALUE VALUES (394, '404104288-2', 'Disponible');
INSERT INTO public.ejemplar (id_ejemplar, isbn, estado) OVERRIDING SYSTEM VALUE VALUES (395, '404104288-2', 'Disponible');
INSERT INTO public.ejemplar (id_ejemplar, isbn, estado) OVERRIDING SYSTEM VALUE VALUES (396, '843391022-4', 'Disponible');
INSERT INTO public.ejemplar (id_ejemplar, isbn, estado) OVERRIDING SYSTEM VALUE VALUES (397, '843391022-4', 'Disponible');
INSERT INTO public.ejemplar (id_ejemplar, isbn, estado) OVERRIDING SYSTEM VALUE VALUES (398, '843391022-4', 'Disponible');
INSERT INTO public.ejemplar (id_ejemplar, isbn, estado) OVERRIDING SYSTEM VALUE VALUES (399, '843391022-4', 'Disponible');
INSERT INTO public.ejemplar (id_ejemplar, isbn, estado) OVERRIDING SYSTEM VALUE VALUES (400, '843391022-4', 'Disponible');
INSERT INTO public.ejemplar (id_ejemplar, isbn, estado) OVERRIDING SYSTEM VALUE VALUES (401, '843391022-4', 'Disponible');
INSERT INTO public.ejemplar (id_ejemplar, isbn, estado) OVERRIDING SYSTEM VALUE VALUES (402, '843391022-4', 'Disponible');
INSERT INTO public.ejemplar (id_ejemplar, isbn, estado) OVERRIDING SYSTEM VALUE VALUES (403, '843391022-4', 'Disponible');
INSERT INTO public.ejemplar (id_ejemplar, isbn, estado) OVERRIDING SYSTEM VALUE VALUES (404, '843391022-4', 'Disponible');
INSERT INTO public.ejemplar (id_ejemplar, isbn, estado) OVERRIDING SYSTEM VALUE VALUES (405, '404104312-9', 'Disponible');
INSERT INTO public.ejemplar (id_ejemplar, isbn, estado) OVERRIDING SYSTEM VALUE VALUES (406, '404104312-9', 'Disponible');
INSERT INTO public.ejemplar (id_ejemplar, isbn, estado) OVERRIDING SYSTEM VALUE VALUES (407, '404104312-9', 'Disponible');
INSERT INTO public.ejemplar (id_ejemplar, isbn, estado) OVERRIDING SYSTEM VALUE VALUES (408, '404104312-9', 'Disponible');
INSERT INTO public.ejemplar (id_ejemplar, isbn, estado) OVERRIDING SYSTEM VALUE VALUES (409, '404104312-9', 'Disponible');
INSERT INTO public.ejemplar (id_ejemplar, isbn, estado) OVERRIDING SYSTEM VALUE VALUES (410, '404104312-9', 'Disponible');
INSERT INTO public.ejemplar (id_ejemplar, isbn, estado) OVERRIDING SYSTEM VALUE VALUES (411, '404104312-9', 'Disponible');
INSERT INTO public.ejemplar (id_ejemplar, isbn, estado) OVERRIDING SYSTEM VALUE VALUES (412, '404104312-9', 'Disponible');
INSERT INTO public.ejemplar (id_ejemplar, isbn, estado) OVERRIDING SYSTEM VALUE VALUES (413, '404104312-9', 'Disponible');
INSERT INTO public.ejemplar (id_ejemplar, isbn, estado) OVERRIDING SYSTEM VALUE VALUES (414, '014043605-7', 'Disponible');
INSERT INTO public.ejemplar (id_ejemplar, isbn, estado) OVERRIDING SYSTEM VALUE VALUES (415, '014043605-7', 'Disponible');
INSERT INTO public.ejemplar (id_ejemplar, isbn, estado) OVERRIDING SYSTEM VALUE VALUES (416, '014043605-7', 'Disponible');
INSERT INTO public.ejemplar (id_ejemplar, isbn, estado) OVERRIDING SYSTEM VALUE VALUES (417, '014043605-7', 'Disponible');
INSERT INTO public.ejemplar (id_ejemplar, isbn, estado) OVERRIDING SYSTEM VALUE VALUES (418, '014043605-7', 'Disponible');
INSERT INTO public.ejemplar (id_ejemplar, isbn, estado) OVERRIDING SYSTEM VALUE VALUES (419, '014043605-7', 'Disponible');
INSERT INTO public.ejemplar (id_ejemplar, isbn, estado) OVERRIDING SYSTEM VALUE VALUES (420, '014043605-7', 'Disponible');
INSERT INTO public.ejemplar (id_ejemplar, isbn, estado) OVERRIDING SYSTEM VALUE VALUES (421, '014043605-7', 'Disponible');
INSERT INTO public.ejemplar (id_ejemplar, isbn, estado) OVERRIDING SYSTEM VALUE VALUES (422, '014043605-7', 'Disponible');
INSERT INTO public.ejemplar (id_ejemplar, isbn, estado) OVERRIDING SYSTEM VALUE VALUES (423, '014143934-3', 'Disponible');
INSERT INTO public.ejemplar (id_ejemplar, isbn, estado) OVERRIDING SYSTEM VALUE VALUES (424, '014143934-3', 'Disponible');
INSERT INTO public.ejemplar (id_ejemplar, isbn, estado) OVERRIDING SYSTEM VALUE VALUES (425, '014143934-3', 'Disponible');
INSERT INTO public.ejemplar (id_ejemplar, isbn, estado) OVERRIDING SYSTEM VALUE VALUES (426, '014143934-3', 'Disponible');
INSERT INTO public.ejemplar (id_ejemplar, isbn, estado) OVERRIDING SYSTEM VALUE VALUES (427, '014143934-3', 'Disponible');
INSERT INTO public.ejemplar (id_ejemplar, isbn, estado) OVERRIDING SYSTEM VALUE VALUES (428, '014143947-5', 'Disponible');
INSERT INTO public.ejemplar (id_ejemplar, isbn, estado) OVERRIDING SYSTEM VALUE VALUES (429, '014143947-5', 'Disponible');
INSERT INTO public.ejemplar (id_ejemplar, isbn, estado) OVERRIDING SYSTEM VALUE VALUES (430, '014143947-5', 'Disponible');
INSERT INTO public.ejemplar (id_ejemplar, isbn, estado) OVERRIDING SYSTEM VALUE VALUES (431, '014143947-5', 'Disponible');
INSERT INTO public.ejemplar (id_ejemplar, isbn, estado) OVERRIDING SYSTEM VALUE VALUES (432, '014143947-5', 'Disponible');
INSERT INTO public.ejemplar (id_ejemplar, isbn, estado) OVERRIDING SYSTEM VALUE VALUES (433, '014143964-5', 'Disponible');
INSERT INTO public.ejemplar (id_ejemplar, isbn, estado) OVERRIDING SYSTEM VALUE VALUES (434, '014143964-5', 'Disponible');
INSERT INTO public.ejemplar (id_ejemplar, isbn, estado) OVERRIDING SYSTEM VALUE VALUES (435, '014143964-5', 'Disponible');
INSERT INTO public.ejemplar (id_ejemplar, isbn, estado) OVERRIDING SYSTEM VALUE VALUES (436, '014143964-5', 'Disponible');
INSERT INTO public.ejemplar (id_ejemplar, isbn, estado) OVERRIDING SYSTEM VALUE VALUES (437, '014143964-5', 'Disponible');
INSERT INTO public.ejemplar (id_ejemplar, isbn, estado) OVERRIDING SYSTEM VALUE VALUES (438, '014143958-0', 'Disponible');
INSERT INTO public.ejemplar (id_ejemplar, isbn, estado) OVERRIDING SYSTEM VALUE VALUES (439, '014143958-0', 'Disponible');
INSERT INTO public.ejemplar (id_ejemplar, isbn, estado) OVERRIDING SYSTEM VALUE VALUES (440, '014143958-0', 'Disponible');
INSERT INTO public.ejemplar (id_ejemplar, isbn, estado) OVERRIDING SYSTEM VALUE VALUES (441, '014143958-0', 'Disponible');
INSERT INTO public.ejemplar (id_ejemplar, isbn, estado) OVERRIDING SYSTEM VALUE VALUES (442, '014143958-0', 'Disponible');
INSERT INTO public.ejemplar (id_ejemplar, isbn, estado) OVERRIDING SYSTEM VALUE VALUES (443, '014144114-3', 'Disponible');
INSERT INTO public.ejemplar (id_ejemplar, isbn, estado) OVERRIDING SYSTEM VALUE VALUES (444, '014144114-3', 'Disponible');
INSERT INTO public.ejemplar (id_ejemplar, isbn, estado) OVERRIDING SYSTEM VALUE VALUES (445, '014144114-3', 'Disponible');
INSERT INTO public.ejemplar (id_ejemplar, isbn, estado) OVERRIDING SYSTEM VALUE VALUES (446, '014144114-3', 'Disponible');
INSERT INTO public.ejemplar (id_ejemplar, isbn, estado) OVERRIDING SYSTEM VALUE VALUES (447, '014144114-3', 'Disponible');
INSERT INTO public.ejemplar (id_ejemplar, isbn, estado) OVERRIDING SYSTEM VALUE VALUES (448, '014143977-7', 'Disponible');
INSERT INTO public.ejemplar (id_ejemplar, isbn, estado) OVERRIDING SYSTEM VALUE VALUES (449, '014143977-7', 'Disponible');
INSERT INTO public.ejemplar (id_ejemplar, isbn, estado) OVERRIDING SYSTEM VALUE VALUES (450, '014143977-7', 'Disponible');
INSERT INTO public.ejemplar (id_ejemplar, isbn, estado) OVERRIDING SYSTEM VALUE VALUES (451, '014143977-7', 'Disponible');
INSERT INTO public.ejemplar (id_ejemplar, isbn, estado) OVERRIDING SYSTEM VALUE VALUES (452, '014143977-7', 'Disponible');


--
-- Data for Name: empleado; Type: TABLE DATA; Schema: public; Owner: postgres
--

INSERT INTO public.empleado (id_empleado, nombre, cargo) OVERRIDING SYSTEM VALUE VALUES (1, 'Rossie', 'Coordinator');
INSERT INTO public.empleado (id_empleado, nombre, cargo) OVERRIDING SYSTEM VALUE VALUES (2, 'Winnie', 'Assistant Librarian');
INSERT INTO public.empleado (id_empleado, nombre, cargo) OVERRIDING SYSTEM VALUE VALUES (3, 'Nealon', 'Archivist');
INSERT INTO public.empleado (id_empleado, nombre, cargo) OVERRIDING SYSTEM VALUE VALUES (4, 'Veradis', 'Administrator');
INSERT INTO public.empleado (id_empleado, nombre, cargo) OVERRIDING SYSTEM VALUE VALUES (5, 'Flinn', 'Supervisor');
INSERT INTO public.empleado (id_empleado, nombre, cargo) OVERRIDING SYSTEM VALUE VALUES (6, 'Edi', 'Administrator');
INSERT INTO public.empleado (id_empleado, nombre, cargo) OVERRIDING SYSTEM VALUE VALUES (7, 'Hamlin', 'Administrative Assistant');
INSERT INTO public.empleado (id_empleado, nombre, cargo) OVERRIDING SYSTEM VALUE VALUES (8, 'Hyatt', 'Archivist');
INSERT INTO public.empleado (id_empleado, nombre, cargo) OVERRIDING SYSTEM VALUE VALUES (9, 'Martynne', 'Coordinator');
INSERT INTO public.empleado (id_empleado, nombre, cargo) OVERRIDING SYSTEM VALUE VALUES (10, 'Mabelle', 'Supervisor');
INSERT INTO public.empleado (id_empleado, nombre, cargo) OVERRIDING SYSTEM VALUE VALUES (11, 'Juan', 'Loan Manager');
INSERT INTO public.empleado (id_empleado, nombre, cargo) OVERRIDING SYSTEM VALUE VALUES (12, 'Maynord', 'Receptionist');
INSERT INTO public.empleado (id_empleado, nombre, cargo) OVERRIDING SYSTEM VALUE VALUES (13, 'Stace', 'Receptionist');
INSERT INTO public.empleado (id_empleado, nombre, cargo) OVERRIDING SYSTEM VALUE VALUES (14, 'Christye', 'Loan Manager');
INSERT INTO public.empleado (id_empleado, nombre, cargo) OVERRIDING SYSTEM VALUE VALUES (15, 'Regen', 'Assistant Librarian');


--
-- Data for Name: libro_autor; Type: TABLE DATA; Schema: public; Owner: postgres
--

INSERT INTO public.libro_autor (id_autor, isbn) VALUES (1, '843760494-2');
INSERT INTO public.libro_autor (id_autor, isbn) VALUES (1, '843760990-1');
INSERT INTO public.libro_autor (id_autor, isbn) VALUES (1, '843760991-X');
INSERT INTO public.libro_autor (id_autor, isbn) VALUES (1, '843760992-8');
INSERT INTO public.libro_autor (id_autor, isbn) VALUES (2, '950070038-1');
INSERT INTO public.libro_autor (id_autor, isbn) VALUES (2, '950071110-1');
INSERT INTO public.libro_autor (id_autor, isbn) VALUES (2, '842045510-2');
INSERT INTO public.libro_autor (id_autor, isbn) VALUES (2, '950515990-3');
INSERT INTO public.libro_autor (id_autor, isbn) VALUES (2, '843761210-4');
INSERT INTO public.libro_autor (id_autor, isbn) VALUES (3, '185326095-X');
INSERT INTO public.libro_autor (id_autor, isbn) VALUES (3, '185326550-1');
INSERT INTO public.libro_autor (id_autor, isbn) VALUES (3, '185326551-X');
INSERT INTO public.libro_autor (id_autor, isbn) VALUES (3, '185326552-8');
INSERT INTO public.libro_autor (id_autor, isbn) VALUES (3, '185326553-6');
INSERT INTO public.libro_autor (id_autor, isbn) VALUES (4, '842063315-X');
INSERT INTO public.libro_autor (id_autor, isbn) VALUES (4, '842063880-1');
INSERT INTO public.libro_autor (id_autor, isbn) VALUES (4, '842063881-X');
INSERT INTO public.libro_autor (id_autor, isbn) VALUES (4, '842063882-8');
INSERT INTO public.libro_autor (id_autor, isbn) VALUES (5, '950515605-1');
INSERT INTO public.libro_autor (id_autor, isbn) VALUES (5, '950515770-1');
INSERT INTO public.libro_autor (id_autor, isbn) VALUES (5, '950515771-X');
INSERT INTO public.libro_autor (id_autor, isbn) VALUES (6, '840134190-8');
INSERT INTO public.libro_autor (id_autor, isbn) VALUES (6, '840134990-1');
INSERT INTO public.libro_autor (id_autor, isbn) VALUES (6, '840134991-X');
INSERT INTO public.libro_autor (id_autor, isbn) VALUES (7, '842044239-7');
INSERT INTO public.libro_autor (id_autor, isbn) VALUES (7, '842045520-1');
INSERT INTO public.libro_autor (id_autor, isbn) VALUES (7, '842045521-X');
INSERT INTO public.libro_autor (id_autor, isbn) VALUES (8, '843760155-2');
INSERT INTO public.libro_autor (id_autor, isbn) VALUES (8, '843761880-1');
INSERT INTO public.libro_autor (id_autor, isbn) VALUES (9, '843760165-X');
INSERT INTO public.libro_autor (id_autor, isbn) VALUES (9, '843761881-X');
INSERT INTO public.libro_autor (id_autor, isbn) VALUES (10, '843760178-1');
INSERT INTO public.libro_autor (id_autor, isbn) VALUES (10, '843761882-8');
INSERT INTO public.libro_autor (id_autor, isbn) VALUES (11, '968160105-2');
INSERT INTO public.libro_autor (id_autor, isbn) VALUES (11, '968160990-1');
INSERT INTO public.libro_autor (id_autor, isbn) VALUES (12, '968160210-5');
INSERT INTO public.libro_autor (id_autor, isbn) VALUES (12, '968160991-X');
INSERT INTO public.libro_autor (id_autor, isbn) VALUES (13, '843760205-2');
INSERT INTO public.libro_autor (id_autor, isbn) VALUES (14, '068480122-1');
INSERT INTO public.libro_autor (id_autor, isbn) VALUES (14, '068480770-1');
INSERT INTO public.libro_autor (id_autor, isbn) VALUES (14, '068480771-X');
INSERT INTO public.libro_autor (id_autor, isbn) VALUES (15, '014118274-1');
INSERT INTO public.libro_autor (id_autor, isbn) VALUES (15, '014118660-1');
INSERT INTO public.libro_autor (id_autor, isbn) VALUES (15, '014118661-X');
INSERT INTO public.libro_autor (id_autor, isbn) VALUES (16, '014303956-3');
INSERT INTO public.libro_autor (id_autor, isbn) VALUES (16, '014303220-1');
INSERT INTO public.libro_autor (id_autor, isbn) VALUES (16, '014303221-X');
INSERT INTO public.libro_autor (id_autor, isbn) VALUES (17, '014043007-5');
INSERT INTO public.libro_autor (id_autor, isbn) VALUES (17, '014043880-1');
INSERT INTO public.libro_autor (id_autor, isbn) VALUES (17, '014043881-X');
INSERT INTO public.libro_autor (id_autor, isbn) VALUES (18, '015695255-2');
INSERT INTO public.libro_autor (id_autor, isbn) VALUES (18, '015695880-1');
INSERT INTO public.libro_autor (id_autor, isbn) VALUES (19, '014143951-3');
INSERT INTO public.libro_autor (id_autor, isbn) VALUES (19, '014143110-1');
INSERT INTO public.libro_autor (id_autor, isbn) VALUES (19, '014143111-X');
INSERT INTO public.libro_autor (id_autor, isbn) VALUES (19, '014143112-8');
INSERT INTO public.libro_autor (id_autor, isbn) VALUES (20, '014143955-6');
INSERT INTO public.libro_autor (id_autor, isbn) VALUES (20, '014143440-1');
INSERT INTO public.libro_autor (id_autor, isbn) VALUES (20, '014143441-X');
INSERT INTO public.libro_autor (id_autor, isbn) VALUES (21, '014118776-X');
INSERT INTO public.libro_autor (id_autor, isbn) VALUES (21, '014118440-1');
INSERT INTO public.libro_autor (id_autor, isbn) VALUES (21, '014118441-X');
INSERT INTO public.libro_autor (id_autor, isbn) VALUES (21, '014118442-8');
INSERT INTO public.libro_autor (id_autor, isbn) VALUES (22, '006085052-3');
INSERT INTO public.libro_autor (id_autor, isbn) VALUES (22, '006085220-1');
INSERT INTO public.libro_autor (id_autor, isbn) VALUES (22, '006085221-X');
INSERT INTO public.libro_autor (id_autor, isbn) VALUES (23, '026110235-4');
INSERT INTO public.libro_autor (id_autor, isbn) VALUES (23, '026110990-1');
INSERT INTO public.libro_autor (id_autor, isbn) VALUES (23, '026110991-X');
INSERT INTO public.libro_autor (id_autor, isbn) VALUES (23, '026110992-8');
INSERT INTO public.libro_autor (id_autor, isbn) VALUES (24, '000711931-1');
INSERT INTO public.libro_autor (id_autor, isbn) VALUES (24, '000711440-1');
INSERT INTO public.libro_autor (id_autor, isbn) VALUES (24, '000711441-X');
INSERT INTO public.libro_autor (id_autor, isbn) VALUES (24, '000711442-8');
INSERT INTO public.libro_autor (id_autor, isbn) VALUES (24, '000711443-6');
INSERT INTO public.libro_autor (id_autor, isbn) VALUES (25, '014044913-2');
INSERT INTO public.libro_autor (id_autor, isbn) VALUES (25, '014044110-1');
INSERT INTO public.libro_autor (id_autor, isbn) VALUES (25, '014044111-X');
INSERT INTO public.libro_autor (id_autor, isbn) VALUES (25, '014044112-8');
INSERT INTO public.libro_autor (id_autor, isbn) VALUES (26, '014044793-8');
INSERT INTO public.libro_autor (id_autor, isbn) VALUES (26, '014044330-1');
INSERT INTO public.libro_autor (id_autor, isbn) VALUES (26, '014044331-X');
INSERT INTO public.libro_autor (id_autor, isbn) VALUES (27, '014044179-4');
INSERT INTO public.libro_autor (id_autor, isbn) VALUES (27, '014044880-1');
INSERT INTO public.libro_autor (id_autor, isbn) VALUES (28, '067972342-0');
INSERT INTO public.libro_autor (id_autor, isbn) VALUES (28, '067972880-1');
INSERT INTO public.libro_autor (id_autor, isbn) VALUES (29, '359621484-2');
INSERT INTO public.libro_autor (id_autor, isbn) VALUES (29, '359621880-1');
INSERT INTO public.libro_autor (id_autor, isbn) VALUES (29, '359621881-X');
INSERT INTO public.libro_autor (id_autor, isbn) VALUES (30, '359621490-7');
INSERT INTO public.libro_autor (id_autor, isbn) VALUES (31, '345831811-2');
INSERT INTO public.libro_autor (id_autor, isbn) VALUES (32, '359621500-8');
INSERT INTO public.libro_autor (id_autor, isbn) VALUES (32, '359621110-1');
INSERT INTO public.libro_autor (id_autor, isbn) VALUES (32, '359621111-X');
INSERT INTO public.libro_autor (id_autor, isbn) VALUES (33, '207040081-3');
INSERT INTO public.libro_autor (id_autor, isbn) VALUES (33, '207040220-1');
INSERT INTO public.libro_autor (id_autor, isbn) VALUES (33, '207040221-X');
INSERT INTO public.libro_autor (id_autor, isbn) VALUES (34, '207040984-5');
INSERT INTO public.libro_autor (id_autor, isbn) VALUES (34, '207040880-1');
INSERT INTO public.libro_autor (id_autor, isbn) VALUES (35, '207036042-0');
INSERT INTO public.libro_autor (id_autor, isbn) VALUES (35, '207036880-1');
INSERT INTO public.libro_autor (id_autor, isbn) VALUES (36, '207074643-4');
INSERT INTO public.libro_autor (id_autor, isbn) VALUES (37, '207051342-1');
INSERT INTO public.libro_autor (id_autor, isbn) VALUES (37, '207051880-1');
INSERT INTO public.libro_autor (id_autor, isbn) VALUES (38, '207102033-X');
INSERT INTO public.libro_autor (id_autor, isbn) VALUES (39, '207040443-6');
INSERT INTO public.libro_autor (id_autor, isbn) VALUES (39, '207040660-1');
INSERT INTO public.libro_autor (id_autor, isbn) VALUES (39, '207040661-X');
INSERT INTO public.libro_autor (id_autor, isbn) VALUES (40, '225300632-4');
INSERT INTO public.libro_autor (id_autor, isbn) VALUES (40, '225300990-1');
INSERT INTO public.libro_autor (id_autor, isbn) VALUES (40, '225300991-X');
INSERT INTO public.libro_autor (id_autor, isbn) VALUES (40, '225300992-8');
INSERT INTO public.libro_autor (id_autor, isbn) VALUES (41, '884524853-2');
INSERT INTO public.libro_autor (id_autor, isbn) VALUES (42, '842065532-3');
INSERT INTO public.libro_autor (id_autor, isbn) VALUES (42, '842065880-1');
INSERT INTO public.libro_autor (id_autor, isbn) VALUES (43, '843453805-1');
INSERT INTO public.libro_autor (id_autor, isbn) VALUES (43, '843453220-1');
INSERT INTO public.libro_autor (id_autor, isbn) VALUES (43, '843453221-X');
INSERT INTO public.libro_autor (id_autor, isbn) VALUES (44, '972031343-2');
INSERT INTO public.libro_autor (id_autor, isbn) VALUES (44, '972031880-1');
INSERT INTO public.libro_autor (id_autor, isbn) VALUES (45, '842044243-5');
INSERT INTO public.libro_autor (id_autor, isbn) VALUES (45, '842045540-1');
INSERT INTO public.libro_autor (id_autor, isbn) VALUES (45, '842045541-X');
INSERT INTO public.libro_autor (id_autor, isbn) VALUES (46, '842261904-9');
INSERT INTO public.libro_autor (id_autor, isbn) VALUES (46, '842261880-1');
INSERT INTO public.libro_autor (id_autor, isbn) VALUES (47, '843453890-6');
INSERT INTO public.libro_autor (id_autor, isbn) VALUES (48, '842063325-7');
INSERT INTO public.libro_autor (id_autor, isbn) VALUES (49, '404104203-3');
INSERT INTO public.libro_autor (id_autor, isbn) VALUES (49, '404104990-1');
INSERT INTO public.libro_autor (id_autor, isbn) VALUES (49, '404104991-X');
INSERT INTO public.libro_autor (id_autor, isbn) VALUES (50, '404104250-5');
INSERT INTO public.libro_autor (id_autor, isbn) VALUES (51, '404104288-2');
INSERT INTO public.libro_autor (id_autor, isbn) VALUES (52, '843391022-4');
INSERT INTO public.libro_autor (id_autor, isbn) VALUES (53, '404104312-9');
INSERT INTO public.libro_autor (id_autor, isbn) VALUES (54, '014043605-7');
INSERT INTO public.libro_autor (id_autor, isbn) VALUES (54, '014043885-1');
INSERT INTO public.libro_autor (id_autor, isbn) VALUES (55, '014118287-3');
INSERT INTO public.libro_autor (id_autor, isbn) VALUES (55, '014118880-1');
INSERT INTO public.libro_autor (id_autor, isbn) VALUES (56, '057117450-5');
INSERT INTO public.libro_autor (id_autor, isbn) VALUES (57, '014143934-3');
INSERT INTO public.libro_autor (id_autor, isbn) VALUES (57, '014143880-1');
INSERT INTO public.libro_autor (id_autor, isbn) VALUES (58, '014143947-5');
INSERT INTO public.libro_autor (id_autor, isbn) VALUES (58, '014143220-1');
INSERT INTO public.libro_autor (id_autor, isbn) VALUES (58, '014143221-X');
INSERT INTO public.libro_autor (id_autor, isbn) VALUES (58, '014143222-8');
INSERT INTO public.libro_autor (id_autor, isbn) VALUES (59, '014143964-5');
INSERT INTO public.libro_autor (id_autor, isbn) VALUES (59, '014143881-X');
INSERT INTO public.libro_autor (id_autor, isbn) VALUES (60, '014143958-0');
INSERT INTO public.libro_autor (id_autor, isbn) VALUES (60, '014143882-8');
INSERT INTO public.libro_autor (id_autor, isbn) VALUES (61, '014144114-3');
INSERT INTO public.libro_autor (id_autor, isbn) VALUES (61, '014144880-1');
INSERT INTO public.libro_autor (id_autor, isbn) VALUES (62, '014143977-7');
INSERT INTO public.libro_autor (id_autor, isbn) VALUES (62, '014143885-1');
INSERT INTO public.libro_autor (id_autor, isbn) VALUES (62, '014143886-X');
INSERT INTO public.libro_autor (id_autor, isbn) VALUES (63, '014144103-8');
INSERT INTO public.libro_autor (id_autor, isbn) VALUES (63, '014144335-1');
INSERT INTO public.libro_autor (id_autor, isbn) VALUES (63, '014144336-X');
INSERT INTO public.libro_autor (id_autor, isbn) VALUES (64, '034533968-1');
INSERT INTO public.libro_autor (id_autor, isbn) VALUES (64, '034531120-1');
INSERT INTO public.libro_autor (id_autor, isbn) VALUES (64, '034531121-X');
INSERT INTO public.libro_autor (id_autor, isbn) VALUES (64, '034531122-8');
INSERT INTO public.libro_autor (id_autor, isbn) VALUES (64, '034531123-6');
INSERT INTO public.libro_autor (id_autor, isbn) VALUES (65, '055329636-1');
INSERT INTO public.libro_autor (id_autor, isbn) VALUES (65, '055329880-1');
INSERT INTO public.libro_autor (id_autor, isbn) VALUES (65, '055329881-X');
INSERT INTO public.libro_autor (id_autor, isbn) VALUES (65, '055329882-8');
INSERT INTO public.libro_autor (id_autor, isbn) VALUES (66, '034535047-2');
INSERT INTO public.libro_autor (id_autor, isbn) VALUES (66, '034535330-1');
INSERT INTO public.libro_autor (id_autor, isbn) VALUES (66, '034535331-X');
INSERT INTO public.libro_autor (id_autor, isbn) VALUES (67, '057507921-3');
INSERT INTO public.libro_autor (id_autor, isbn) VALUES (67, '057507110-1');
INSERT INTO public.libro_autor (id_autor, isbn) VALUES (67, '057507111-X');
INSERT INTO public.libro_autor (id_autor, isbn) VALUES (68, '014039053-7');
INSERT INTO public.libro_autor (id_autor, isbn) VALUES (68, '014039880-1');
INSERT INTO public.libro_autor (id_autor, isbn) VALUES (69, '014039085-5');
INSERT INTO public.libro_autor (id_autor, isbn) VALUES (70, '039910842-3');
INSERT INTO public.libro_autor (id_autor, isbn) VALUES (71, '031618413-6');
INSERT INTO public.libro_autor (id_autor, isbn) VALUES (72, '045226401-4');
INSERT INTO public.libro_autor (id_autor, isbn) VALUES (73, '034544407-8');
INSERT INTO public.libro_autor (id_autor, isbn) VALUES (74, '044631078-6');
INSERT INTO public.libro_autor (id_autor, isbn) VALUES (74, '044631880-1');
INSERT INTO public.libro_autor (id_autor, isbn) VALUES (75, '067974557-2');
INSERT INTO public.libro_autor (id_autor, isbn) VALUES (75, '067974880-1');
INSERT INTO public.libro_autor (id_autor, isbn) VALUES (76, '014017739-6');
INSERT INTO public.libro_autor (id_autor, isbn) VALUES (76, '014017330-1');
INSERT INTO public.libro_autor (id_autor, isbn) VALUES (76, '014017331-X');
INSERT INTO public.libro_autor (id_autor, isbn) VALUES (77, '067973114-8');
INSERT INTO public.libro_autor (id_autor, isbn) VALUES (78, '968411425-X');
INSERT INTO public.libro_autor (id_autor, isbn) VALUES (79, '968133031-8');
INSERT INTO public.libro_autor (id_autor, isbn) VALUES (80, '968131234-4');
INSERT INTO public.libro_autor (id_autor, isbn) VALUES (81, '950731144-5');
INSERT INTO public.libro_autor (id_autor, isbn) VALUES (82, '950515003-7');
INSERT INTO public.libro_autor (id_autor, isbn) VALUES (82, '950515110-1');
INSERT INTO public.libro_autor (id_autor, isbn) VALUES (82, '950515111-X');
INSERT INTO public.libro_autor (id_autor, isbn) VALUES (83, '968233405-8');
INSERT INTO public.libro_autor (id_autor, isbn) VALUES (83, '968233990-1');
INSERT INTO public.libro_autor (id_autor, isbn) VALUES (83, '968233991-X');
INSERT INTO public.libro_autor (id_autor, isbn) VALUES (84, '842063175-0');
INSERT INTO public.libro_autor (id_autor, isbn) VALUES (85, '842042223-X');
INSERT INTO public.libro_autor (id_autor, isbn) VALUES (86, '843760312-1');
INSERT INTO public.libro_autor (id_autor, isbn) VALUES (87, '950040315-8');
INSERT INTO public.libro_autor (id_autor, isbn) VALUES (87, '950040880-1');
INSERT INTO public.libro_autor (id_autor, isbn) VALUES (88, '950040445-6');
INSERT INTO public.libro_autor (id_autor, isbn) VALUES (89, '950051142-2');
INSERT INTO public.libro_autor (id_autor, isbn) VALUES (90, '950050890-1');
INSERT INTO public.libro_autor (id_autor, isbn) VALUES (91, '843760412-8');
INSERT INTO public.libro_autor (id_autor, isbn) VALUES (92, '843760550-7');
INSERT INTO public.libro_autor (id_autor, isbn) VALUES (93, '843391124-7');
INSERT INTO public.libro_autor (id_autor, isbn) VALUES (94, '843390912-9');
INSERT INTO public.libro_autor (id_autor, isbn) VALUES (95, '843760610-4');
INSERT INTO public.libro_autor (id_autor, isbn) VALUES (96, '843760720-8');
INSERT INTO public.libro_autor (id_autor, isbn) VALUES (97, '843760890-5');
INSERT INTO public.libro_autor (id_autor, isbn) VALUES (98, '842044810-7');
INSERT INTO public.libro_autor (id_autor, isbn) VALUES (98, '842044990-1');
INSERT INTO public.libro_autor (id_autor, isbn) VALUES (99, '842063990-5');
INSERT INTO public.libro_autor (id_autor, isbn) VALUES (100, '842048012-4');
INSERT INTO public.libro_autor (id_autor, isbn) VALUES (100, '842048990-1');
INSERT INTO public.libro_autor (id_autor, isbn) VALUES (100, '842048991-X');


--
-- Data for Name: socio; Type: TABLE DATA; Schema: public; Owner: postgres
--

INSERT INTO public.socio (id_socio, nombre, apellido, email, telefono, estado) OVERRIDING SYSTEM VALUE VALUES (1, 'Marlie', 'Caris', 'mcaris0@mozilla.org', '983-889-6588', 'Activo');
INSERT INTO public.socio (id_socio, nombre, apellido, email, telefono, estado) OVERRIDING SYSTEM VALUE VALUES (2, 'Kathleen', 'Lackington', 'klackington1@usatoday.com', '741-352-1519', 'Inactivo');
INSERT INTO public.socio (id_socio, nombre, apellido, email, telefono, estado) OVERRIDING SYSTEM VALUE VALUES (3, 'Dagny', 'Branwhite', 'dbranwhite2@youtu.be', '256-329-5167', 'Inactivo');
INSERT INTO public.socio (id_socio, nombre, apellido, email, telefono, estado) OVERRIDING SYSTEM VALUE VALUES (4, 'Rochella', 'Maffi', 'rmaffi3@reddit.com', '602-959-4918', 'Activo');
INSERT INTO public.socio (id_socio, nombre, apellido, email, telefono, estado) OVERRIDING SYSTEM VALUE VALUES (5, 'Orv', 'Pollastrino', 'opollastrino4@google.pl', '170-403-9552', 'Activo');
INSERT INTO public.socio (id_socio, nombre, apellido, email, telefono, estado) OVERRIDING SYSTEM VALUE VALUES (6, 'Enrichetta', 'Rust', 'erust5@livejournal.com', '140-661-7210', 'Activo');
INSERT INTO public.socio (id_socio, nombre, apellido, email, telefono, estado) OVERRIDING SYSTEM VALUE VALUES (7, 'Pattie', 'Shivell', 'pshivell6@furl.net', '244-941-8938', 'Inactivo');
INSERT INTO public.socio (id_socio, nombre, apellido, email, telefono, estado) OVERRIDING SYSTEM VALUE VALUES (8, 'Kameko', 'Dzeniskevich', 'kdzeniskevich7@edublogs.org', '368-206-6724', 'Activo');
INSERT INTO public.socio (id_socio, nombre, apellido, email, telefono, estado) OVERRIDING SYSTEM VALUE VALUES (9, 'Agnella', 'Cowen', 'acowen8@buzzfeed.com', '571-531-4147', 'Inactivo');
INSERT INTO public.socio (id_socio, nombre, apellido, email, telefono, estado) OVERRIDING SYSTEM VALUE VALUES (10, 'Milli', 'Keat', 'mkeat9@tinyurl.com', '609-626-7976', 'Inactivo');
INSERT INTO public.socio (id_socio, nombre, apellido, email, telefono, estado) OVERRIDING SYSTEM VALUE VALUES (11, 'Casar', 'Vakhlov', 'cvakhlova@java.com', '993-994-7549', 'Activo');
INSERT INTO public.socio (id_socio, nombre, apellido, email, telefono, estado) OVERRIDING SYSTEM VALUE VALUES (12, 'Bevin', 'Emer', 'bemerb@cnet.com', '336-282-8920', 'Inactivo');
INSERT INTO public.socio (id_socio, nombre, apellido, email, telefono, estado) OVERRIDING SYSTEM VALUE VALUES (13, 'Padget', 'Guerin', 'pguerinc@icio.us', '521-692-0395', 'Activo');
INSERT INTO public.socio (id_socio, nombre, apellido, email, telefono, estado) OVERRIDING SYSTEM VALUE VALUES (14, 'Janis', 'Cosley', 'jcosleyd@cnn.com', '724-716-1103', 'Inactivo');
INSERT INTO public.socio (id_socio, nombre, apellido, email, telefono, estado) OVERRIDING SYSTEM VALUE VALUES (15, 'Ludwig', 'Vanini', 'lvaninie@posterous.com', '347-923-0594', 'Activo');
INSERT INTO public.socio (id_socio, nombre, apellido, email, telefono, estado) OVERRIDING SYSTEM VALUE VALUES (16, 'Rikki', 'Daughton', 'rdaughtonf@ebay.co.uk', '687-979-4143', 'Inactivo');
INSERT INTO public.socio (id_socio, nombre, apellido, email, telefono, estado) OVERRIDING SYSTEM VALUE VALUES (17, 'Luce', 'Rossborough', 'lrossboroughg@hubpages.com', '546-147-8065', 'Inactivo');
INSERT INTO public.socio (id_socio, nombre, apellido, email, telefono, estado) OVERRIDING SYSTEM VALUE VALUES (18, 'Harmonie', 'Hilliam', 'hhilliamh@is.gd', '393-628-4215', 'Activo');
INSERT INTO public.socio (id_socio, nombre, apellido, email, telefono, estado) OVERRIDING SYSTEM VALUE VALUES (19, 'Garrick', 'Greenrodd', 'ggreenroddi@flavors.me', '451-567-2264', 'Activo');
INSERT INTO public.socio (id_socio, nombre, apellido, email, telefono, estado) OVERRIDING SYSTEM VALUE VALUES (20, 'Merrel', 'Dubock', 'mdubockj@bandcamp.com', '802-527-0722', 'Inactivo');
INSERT INTO public.socio (id_socio, nombre, apellido, email, telefono, estado) OVERRIDING SYSTEM VALUE VALUES (21, 'Fielding', 'Paffitt', 'fpaffittk@icio.us', '401-997-2299', 'Activo');
INSERT INTO public.socio (id_socio, nombre, apellido, email, telefono, estado) OVERRIDING SYSTEM VALUE VALUES (22, 'Emelda', 'Dennistoun', 'edennistounl@hexun.com', '586-665-7993', 'Activo');
INSERT INTO public.socio (id_socio, nombre, apellido, email, telefono, estado) OVERRIDING SYSTEM VALUE VALUES (23, 'Clair', 'Ghidetti', 'cghidettim@moonfruit.com', '549-322-4903', 'Activo');
INSERT INTO public.socio (id_socio, nombre, apellido, email, telefono, estado) OVERRIDING SYSTEM VALUE VALUES (24, 'Jenn', 'Hatchman', 'jhatchmann@ustream.tv', '404-462-0015', 'Inactivo');
INSERT INTO public.socio (id_socio, nombre, apellido, email, telefono, estado) OVERRIDING SYSTEM VALUE VALUES (25, 'Morry', 'Flode', 'mflodeo@webeden.co.uk', '658-385-2740', 'Activo');
INSERT INTO public.socio (id_socio, nombre, apellido, email, telefono, estado) OVERRIDING SYSTEM VALUE VALUES (26, 'Raphaela', 'Beak', 'rbeakp@tuttocitta.it', '952-916-3397', 'Inactivo');
INSERT INTO public.socio (id_socio, nombre, apellido, email, telefono, estado) OVERRIDING SYSTEM VALUE VALUES (27, 'Jazmin', 'Lohrensen', 'jlohrensenq@amazon.co.uk', '871-813-1376', 'Inactivo');
INSERT INTO public.socio (id_socio, nombre, apellido, email, telefono, estado) OVERRIDING SYSTEM VALUE VALUES (28, 'Tatiana', 'McPeice', 'tmcpeicer@merriam-webster.com', '754-420-0540', 'Activo');
INSERT INTO public.socio (id_socio, nombre, apellido, email, telefono, estado) OVERRIDING SYSTEM VALUE VALUES (29, 'Taite', 'Avrahm', 'tavrahms@phpbb.com', '343-200-7303', 'Inactivo');
INSERT INTO public.socio (id_socio, nombre, apellido, email, telefono, estado) OVERRIDING SYSTEM VALUE VALUES (30, 'Natasha', 'Everwin', 'neverwint@sciencedirect.com', '176-435-7981', 'Inactivo');
INSERT INTO public.socio (id_socio, nombre, apellido, email, telefono, estado) OVERRIDING SYSTEM VALUE VALUES (31, 'Samara', 'Oleshunin', 'soleshuninu@phpbb.com', '317-562-9640', 'Inactivo');
INSERT INTO public.socio (id_socio, nombre, apellido, email, telefono, estado) OVERRIDING SYSTEM VALUE VALUES (32, 'Wiley', 'Katt', 'wkattv@wix.com', '936-775-1739', 'Activo');
INSERT INTO public.socio (id_socio, nombre, apellido, email, telefono, estado) OVERRIDING SYSTEM VALUE VALUES (33, 'Dallas', 'Grissett', 'dgrissettw@comcast.net', '870-528-4293', 'Inactivo');
INSERT INTO public.socio (id_socio, nombre, apellido, email, telefono, estado) OVERRIDING SYSTEM VALUE VALUES (34, 'Zora', 'McCarney', 'zmccarneyx@marketwatch.com', '708-289-0672', 'Activo');
INSERT INTO public.socio (id_socio, nombre, apellido, email, telefono, estado) OVERRIDING SYSTEM VALUE VALUES (35, 'Marilin', 'Jertz', 'mjertzy@wikimedia.org', '299-725-4711', 'Inactivo');
INSERT INTO public.socio (id_socio, nombre, apellido, email, telefono, estado) OVERRIDING SYSTEM VALUE VALUES (36, 'Charlena', 'Blackeby', 'cblackebyz@multiply.com', '109-872-2262', 'Activo');
INSERT INTO public.socio (id_socio, nombre, apellido, email, telefono, estado) OVERRIDING SYSTEM VALUE VALUES (37, 'Anetta', 'Colchett', 'acolchett10@chicagotribune.com', '927-978-4334', 'Activo');
INSERT INTO public.socio (id_socio, nombre, apellido, email, telefono, estado) OVERRIDING SYSTEM VALUE VALUES (38, 'Fifine', 'Haysey', 'fhaysey11@oracle.com', '487-810-5359', 'Activo');
INSERT INTO public.socio (id_socio, nombre, apellido, email, telefono, estado) OVERRIDING SYSTEM VALUE VALUES (39, 'Elton', 'Warbys', 'ewarbys12@discuz.net', '380-537-9209', 'Inactivo');
INSERT INTO public.socio (id_socio, nombre, apellido, email, telefono, estado) OVERRIDING SYSTEM VALUE VALUES (40, 'Marilee', 'Brewins', 'mbrewins13@springer.com', '558-506-0606', 'Inactivo');
INSERT INTO public.socio (id_socio, nombre, apellido, email, telefono, estado) OVERRIDING SYSTEM VALUE VALUES (41, 'Jourdain', 'Ashford', 'jashford14@youtu.be', '808-828-6997', 'Activo');
INSERT INTO public.socio (id_socio, nombre, apellido, email, telefono, estado) OVERRIDING SYSTEM VALUE VALUES (42, 'Misti', 'Maytom', 'mmaytom15@themeforest.net', '276-638-3397', 'Inactivo');
INSERT INTO public.socio (id_socio, nombre, apellido, email, telefono, estado) OVERRIDING SYSTEM VALUE VALUES (43, 'Uri', 'Dottridge', 'udottridge16@rakuten.co.jp', '724-863-7976', 'Inactivo');
INSERT INTO public.socio (id_socio, nombre, apellido, email, telefono, estado) OVERRIDING SYSTEM VALUE VALUES (44, 'Isabel', 'Pires', 'ipires17@npr.org', '562-553-9692', 'Inactivo');
INSERT INTO public.socio (id_socio, nombre, apellido, email, telefono, estado) OVERRIDING SYSTEM VALUE VALUES (45, 'Shina', 'Margery', 'smargery18@t-online.de', '700-256-3220', 'Inactivo');
INSERT INTO public.socio (id_socio, nombre, apellido, email, telefono, estado) OVERRIDING SYSTEM VALUE VALUES (46, 'Melvin', 'Shellcross', 'mshellcross19@bigcartel.com', '217-542-0228', 'Inactivo');
INSERT INTO public.socio (id_socio, nombre, apellido, email, telefono, estado) OVERRIDING SYSTEM VALUE VALUES (47, 'Nichols', 'Fowle', 'nfowle1a@reuters.com', '704-840-5883', 'Inactivo');
INSERT INTO public.socio (id_socio, nombre, apellido, email, telefono, estado) OVERRIDING SYSTEM VALUE VALUES (48, 'Dusty', 'Parades', 'dparades1b@mac.com', '658-301-0625', 'Activo');
INSERT INTO public.socio (id_socio, nombre, apellido, email, telefono, estado) OVERRIDING SYSTEM VALUE VALUES (49, 'Myron', 'Chetwin', 'mchetwin1c@craigslist.org', '940-561-3630', 'Inactivo');
INSERT INTO public.socio (id_socio, nombre, apellido, email, telefono, estado) OVERRIDING SYSTEM VALUE VALUES (50, 'Conny', 'Pittham', 'cpittham1d@cornell.edu', '496-226-2143', 'Inactivo');
INSERT INTO public.socio (id_socio, nombre, apellido, email, telefono, estado) OVERRIDING SYSTEM VALUE VALUES (51, 'Candide', 'Dietz', 'cdietz1e@myspace.com', '504-390-9722', 'Inactivo');
INSERT INTO public.socio (id_socio, nombre, apellido, email, telefono, estado) OVERRIDING SYSTEM VALUE VALUES (52, 'Tova', 'Blodgett', 'tblodgett1f@posterous.com', '993-365-2550', 'Activo');
INSERT INTO public.socio (id_socio, nombre, apellido, email, telefono, estado) OVERRIDING SYSTEM VALUE VALUES (53, 'Birch', 'Cicculi', 'bcicculi1g@wiley.com', '312-296-9002', 'Activo');
INSERT INTO public.socio (id_socio, nombre, apellido, email, telefono, estado) OVERRIDING SYSTEM VALUE VALUES (54, 'Krissie', 'Bowstead', 'kbowstead1h@npr.org', '339-960-8610', 'Activo');
INSERT INTO public.socio (id_socio, nombre, apellido, email, telefono, estado) OVERRIDING SYSTEM VALUE VALUES (55, 'Andres', 'Pugh', 'apugh1i@buzzfeed.com', '839-743-4970', 'Inactivo');
INSERT INTO public.socio (id_socio, nombre, apellido, email, telefono, estado) OVERRIDING SYSTEM VALUE VALUES (56, 'Francyne', 'Gyver', 'fgyver1j@com.com', '387-384-0582', 'Activo');
INSERT INTO public.socio (id_socio, nombre, apellido, email, telefono, estado) OVERRIDING SYSTEM VALUE VALUES (57, 'Alonso', 'Jacke', 'ajacke1k@cdc.gov', '836-871-0495', 'Activo');
INSERT INTO public.socio (id_socio, nombre, apellido, email, telefono, estado) OVERRIDING SYSTEM VALUE VALUES (58, 'Ardyth', 'Kennet', 'akennet1l@amazon.de', '388-755-9518', 'Inactivo');
INSERT INTO public.socio (id_socio, nombre, apellido, email, telefono, estado) OVERRIDING SYSTEM VALUE VALUES (59, 'Bartolomeo', 'Nassau', 'bnassau1m@bloglovin.com', '402-481-5776', 'Inactivo');
INSERT INTO public.socio (id_socio, nombre, apellido, email, telefono, estado) OVERRIDING SYSTEM VALUE VALUES (60, 'Haven', 'Matteotti', 'hmatteotti1n@nifty.com', '877-162-6906', 'Activo');
INSERT INTO public.socio (id_socio, nombre, apellido, email, telefono, estado) OVERRIDING SYSTEM VALUE VALUES (61, 'Kalie', 'Jotham', 'kjotham1o@ted.com', '388-931-8820', 'Activo');
INSERT INTO public.socio (id_socio, nombre, apellido, email, telefono, estado) OVERRIDING SYSTEM VALUE VALUES (62, 'Phebe', 'Seniour', 'pseniour1p@amazon.co.uk', '599-995-5716', 'Inactivo');
INSERT INTO public.socio (id_socio, nombre, apellido, email, telefono, estado) OVERRIDING SYSTEM VALUE VALUES (63, 'Maurizio', 'LLelweln', 'mllelweln1q@ihg.com', '345-124-9056', 'Inactivo');
INSERT INTO public.socio (id_socio, nombre, apellido, email, telefono, estado) OVERRIDING SYSTEM VALUE VALUES (64, 'Nate', 'Somerbell', 'nsomerbell1r@symantec.com', '580-300-6916', 'Activo');
INSERT INTO public.socio (id_socio, nombre, apellido, email, telefono, estado) OVERRIDING SYSTEM VALUE VALUES (65, 'Moina', 'Buck', 'mbuck1s@sohu.com', '984-681-5112', 'Inactivo');
INSERT INTO public.socio (id_socio, nombre, apellido, email, telefono, estado) OVERRIDING SYSTEM VALUE VALUES (66, 'Bridget', 'Cobson', 'bcobson1t@skyrock.com', '867-478-8852', 'Inactivo');
INSERT INTO public.socio (id_socio, nombre, apellido, email, telefono, estado) OVERRIDING SYSTEM VALUE VALUES (67, 'Isabella', 'Sandwith', 'isandwith1u@behance.net', '431-968-3201', 'Inactivo');
INSERT INTO public.socio (id_socio, nombre, apellido, email, telefono, estado) OVERRIDING SYSTEM VALUE VALUES (68, 'Zsazsa', 'Dunleavy', 'zdunleavy1v@wikipedia.org', '898-644-3747', 'Activo');
INSERT INTO public.socio (id_socio, nombre, apellido, email, telefono, estado) OVERRIDING SYSTEM VALUE VALUES (69, 'Kerri', 'Toomer', 'ktoomer1w@dyndns.org', '468-876-3520', 'Inactivo');
INSERT INTO public.socio (id_socio, nombre, apellido, email, telefono, estado) OVERRIDING SYSTEM VALUE VALUES (70, 'Clyve', 'Kilgannon', 'ckilgannon1x@xinhuanet.com', '361-573-0367', 'Activo');
INSERT INTO public.socio (id_socio, nombre, apellido, email, telefono, estado) OVERRIDING SYSTEM VALUE VALUES (71, 'Gui', 'Aylmore', 'gaylmore1y@oaic.gov.au', '329-395-9588', 'Inactivo');
INSERT INTO public.socio (id_socio, nombre, apellido, email, telefono, estado) OVERRIDING SYSTEM VALUE VALUES (72, 'Granville', 'Newsome', 'gnewsome1z@artisteer.com', '882-855-3266', 'Activo');
INSERT INTO public.socio (id_socio, nombre, apellido, email, telefono, estado) OVERRIDING SYSTEM VALUE VALUES (73, 'Katie', 'Carvil', 'kcarvil20@newyorker.com', '229-167-7232', 'Inactivo');
INSERT INTO public.socio (id_socio, nombre, apellido, email, telefono, estado) OVERRIDING SYSTEM VALUE VALUES (74, 'Dalli', 'Adkin', 'dadkin21@moonfruit.com', '803-804-1492', 'Inactivo');
INSERT INTO public.socio (id_socio, nombre, apellido, email, telefono, estado) OVERRIDING SYSTEM VALUE VALUES (75, 'Micki', 'Geydon', 'mgeydon22@toplist.cz', '997-115-8138', 'Inactivo');
INSERT INTO public.socio (id_socio, nombre, apellido, email, telefono, estado) OVERRIDING SYSTEM VALUE VALUES (76, 'Bond', 'd''Escoffier', 'bdescoffier23@umich.edu', '409-888-6669', 'Activo');
INSERT INTO public.socio (id_socio, nombre, apellido, email, telefono, estado) OVERRIDING SYSTEM VALUE VALUES (77, 'Jennette', 'Jump', 'jjump24@wunderground.com', '513-335-9968', 'Activo');
INSERT INTO public.socio (id_socio, nombre, apellido, email, telefono, estado) OVERRIDING SYSTEM VALUE VALUES (78, 'Rikki', 'Clackers', 'rclackers25@hostgator.com', '199-594-7826', 'Activo');
INSERT INTO public.socio (id_socio, nombre, apellido, email, telefono, estado) OVERRIDING SYSTEM VALUE VALUES (79, 'Daphna', 'Rutherfoord', 'drutherfoord26@time.com', '688-432-7411', 'Activo');
INSERT INTO public.socio (id_socio, nombre, apellido, email, telefono, estado) OVERRIDING SYSTEM VALUE VALUES (80, 'Aila', 'Cockerton', 'acockerton27@angelfire.com', '179-765-3053', 'Activo');
INSERT INTO public.socio (id_socio, nombre, apellido, email, telefono, estado) OVERRIDING SYSTEM VALUE VALUES (81, 'Gussy', 'Stoffler', 'gstoffler28@rakuten.co.jp', '692-462-4023', 'Inactivo');
INSERT INTO public.socio (id_socio, nombre, apellido, email, telefono, estado) OVERRIDING SYSTEM VALUE VALUES (82, 'Corrine', 'Crosby', 'ccrosby29@theglobeandmail.com', '685-384-6300', 'Inactivo');
INSERT INTO public.socio (id_socio, nombre, apellido, email, telefono, estado) OVERRIDING SYSTEM VALUE VALUES (83, 'Artemis', 'Bestiman', 'abestiman2a@tmall.com', '893-322-0845', 'Activo');
INSERT INTO public.socio (id_socio, nombre, apellido, email, telefono, estado) OVERRIDING SYSTEM VALUE VALUES (84, 'Margareta', 'Orrell', 'morrell2b@creativecommons.org', '974-221-1371', 'Activo');
INSERT INTO public.socio (id_socio, nombre, apellido, email, telefono, estado) OVERRIDING SYSTEM VALUE VALUES (85, 'Lian', 'Playfair', 'lplayfair2c@google.nl', '993-499-5562', 'Activo');
INSERT INTO public.socio (id_socio, nombre, apellido, email, telefono, estado) OVERRIDING SYSTEM VALUE VALUES (86, 'Dania', 'Carbry', 'dcarbry2d@java.com', '527-196-8903', 'Inactivo');
INSERT INTO public.socio (id_socio, nombre, apellido, email, telefono, estado) OVERRIDING SYSTEM VALUE VALUES (87, 'Melitta', 'Laurance', 'mlaurance2e@nifty.com', '743-607-1517', 'Activo');
INSERT INTO public.socio (id_socio, nombre, apellido, email, telefono, estado) OVERRIDING SYSTEM VALUE VALUES (88, 'Albie', 'Fliege', 'afliege2f@dailymotion.com', '172-677-0893', 'Inactivo');
INSERT INTO public.socio (id_socio, nombre, apellido, email, telefono, estado) OVERRIDING SYSTEM VALUE VALUES (89, 'Gretchen', 'Greenlees', 'ggreenlees2g@japanpost.jp', '375-564-2053', 'Activo');
INSERT INTO public.socio (id_socio, nombre, apellido, email, telefono, estado) OVERRIDING SYSTEM VALUE VALUES (90, 'Ahmad', 'Sutherington', 'asutherington2h@mac.com', '377-747-4061', 'Activo');
INSERT INTO public.socio (id_socio, nombre, apellido, email, telefono, estado) OVERRIDING SYSTEM VALUE VALUES (91, 'Leonard', 'Hollows', 'lhollows2i@typepad.com', '116-444-8958', 'Inactivo');
INSERT INTO public.socio (id_socio, nombre, apellido, email, telefono, estado) OVERRIDING SYSTEM VALUE VALUES (92, 'Isabeau', 'McGann', 'imcgann2j@japanpost.jp', '304-688-8220', 'Inactivo');
INSERT INTO public.socio (id_socio, nombre, apellido, email, telefono, estado) OVERRIDING SYSTEM VALUE VALUES (93, 'Isaac', 'Suthren', 'isuthren2k@joomla.org', '581-528-1096', 'Inactivo');
INSERT INTO public.socio (id_socio, nombre, apellido, email, telefono, estado) OVERRIDING SYSTEM VALUE VALUES (94, 'Vyky', 'Trevaskiss', 'vtrevaskiss2l@fotki.com', '925-871-2862', 'Inactivo');
INSERT INTO public.socio (id_socio, nombre, apellido, email, telefono, estado) OVERRIDING SYSTEM VALUE VALUES (95, 'Rurik', 'Santora', 'rsantora2m@so-net.ne.jp', '262-689-1215', 'Activo');
INSERT INTO public.socio (id_socio, nombre, apellido, email, telefono, estado) OVERRIDING SYSTEM VALUE VALUES (96, 'Dominik', 'Summerscales', 'dsummerscales2n@auda.org.au', '703-496-6818', 'Activo');
INSERT INTO public.socio (id_socio, nombre, apellido, email, telefono, estado) OVERRIDING SYSTEM VALUE VALUES (97, 'Kipper', 'Remirez', 'kremirez2o@yelp.com', '894-467-5995', 'Inactivo');
INSERT INTO public.socio (id_socio, nombre, apellido, email, telefono, estado) OVERRIDING SYSTEM VALUE VALUES (98, 'Violante', 'Jeste', 'vjeste2p@t-online.de', '347-791-7910', 'Inactivo');
INSERT INTO public.socio (id_socio, nombre, apellido, email, telefono, estado) OVERRIDING SYSTEM VALUE VALUES (99, 'Erskine', 'Ansteys', 'eansteys2q@cbc.ca', '399-905-2396', 'Inactivo');
INSERT INTO public.socio (id_socio, nombre, apellido, email, telefono, estado) OVERRIDING SYSTEM VALUE VALUES (100, 'Cinnamon', 'Tippetts', 'ctippetts2r@typepad.com', '952-708-4016', 'Activo');


--
-- Data for Name: prestamo; Type: TABLE DATA; Schema: public; Owner: postgres
--

INSERT INTO public.prestamo (id_prestamo, id_ejemplar, id_socio, id_empleado_prestamo, fecha_prestamo, fecha_limite, fecha_devolucion, id_empleado_devolucion, estado_prestamo) OVERRIDING SYSTEM VALUE VALUES (1, 84, 11, 9, '2026-04-12', '2026-07-23', NULL, NULL, 'Prestado');
INSERT INTO public.prestamo (id_prestamo, id_ejemplar, id_socio, id_empleado_prestamo, fecha_prestamo, fecha_limite, fecha_devolucion, id_empleado_devolucion, estado_prestamo) OVERRIDING SYSTEM VALUE VALUES (2, 2, 63, 14, '2026-03-24', '2026-04-08', '2026-04-02', 2, 'Devuelto');
INSERT INTO public.prestamo (id_prestamo, id_ejemplar, id_socio, id_empleado_prestamo, fecha_prestamo, fecha_limite, fecha_devolucion, id_empleado_devolucion, estado_prestamo) OVERRIDING SYSTEM VALUE VALUES (3, 59, 88, 10, '2026-05-01', '2026-07-23', NULL, NULL, 'Prestado');
INSERT INTO public.prestamo (id_prestamo, id_ejemplar, id_socio, id_empleado_prestamo, fecha_prestamo, fecha_limite, fecha_devolucion, id_empleado_devolucion, estado_prestamo) OVERRIDING SYSTEM VALUE VALUES (4, 255, 65, 14, '2026-04-15', '2026-07-23', NULL, NULL, 'Prestado');
INSERT INTO public.prestamo (id_prestamo, id_ejemplar, id_socio, id_empleado_prestamo, fecha_prestamo, fecha_limite, fecha_devolucion, id_empleado_devolucion, estado_prestamo) OVERRIDING SYSTEM VALUE VALUES (5, 172, 27, 7, '2026-05-19', '2026-07-23', NULL, NULL, 'Prestado');
INSERT INTO public.prestamo (id_prestamo, id_ejemplar, id_socio, id_empleado_prestamo, fecha_prestamo, fecha_limite, fecha_devolucion, id_empleado_devolucion, estado_prestamo) OVERRIDING SYSTEM VALUE VALUES (6, 187, 18, 6, '2026-03-10', '2026-07-23', NULL, NULL, 'Prestado');
INSERT INTO public.prestamo (id_prestamo, id_ejemplar, id_socio, id_empleado_prestamo, fecha_prestamo, fecha_limite, fecha_devolucion, id_empleado_devolucion, estado_prestamo) OVERRIDING SYSTEM VALUE VALUES (7, 300, 2, 7, '2026-04-22', '2026-07-23', NULL, NULL, 'Prestado');
INSERT INTO public.prestamo (id_prestamo, id_ejemplar, id_socio, id_empleado_prestamo, fecha_prestamo, fecha_limite, fecha_devolucion, id_empleado_devolucion, estado_prestamo) OVERRIDING SYSTEM VALUE VALUES (8, 71, 17, 15, '2026-05-07', '2026-07-23', NULL, NULL, 'Prestado');
INSERT INTO public.prestamo (id_prestamo, id_ejemplar, id_socio, id_empleado_prestamo, fecha_prestamo, fecha_limite, fecha_devolucion, id_empleado_devolucion, estado_prestamo) OVERRIDING SYSTEM VALUE VALUES (9, 165, 52, 15, '2026-03-15', '2026-07-23', NULL, NULL, 'Prestado');
INSERT INTO public.prestamo (id_prestamo, id_ejemplar, id_socio, id_empleado_prestamo, fecha_prestamo, fecha_limite, fecha_devolucion, id_empleado_devolucion, estado_prestamo) OVERRIDING SYSTEM VALUE VALUES (10, 119, 1, 8, '2026-04-18', '2026-05-03', '2026-05-01', 12, 'Devuelto');
INSERT INTO public.prestamo (id_prestamo, id_ejemplar, id_socio, id_empleado_prestamo, fecha_prestamo, fecha_limite, fecha_devolucion, id_empleado_devolucion, estado_prestamo) OVERRIDING SYSTEM VALUE VALUES (11, 216, 46, 1, '2026-06-14', '2026-07-23', NULL, NULL, 'Prestado');
INSERT INTO public.prestamo (id_prestamo, id_ejemplar, id_socio, id_empleado_prestamo, fecha_prestamo, fecha_limite, fecha_devolucion, id_empleado_devolucion, estado_prestamo) OVERRIDING SYSTEM VALUE VALUES (12, 277, 91, 12, '2026-04-02', '2026-07-23', NULL, NULL, 'Prestado');
INSERT INTO public.prestamo (id_prestamo, id_ejemplar, id_socio, id_empleado_prestamo, fecha_prestamo, fecha_limite, fecha_devolucion, id_empleado_devolucion, estado_prestamo) OVERRIDING SYSTEM VALUE VALUES (13, 195, 97, 3, '2026-05-24', '2026-07-23', NULL, NULL, 'Prestado');
INSERT INTO public.prestamo (id_prestamo, id_ejemplar, id_socio, id_empleado_prestamo, fecha_prestamo, fecha_limite, fecha_devolucion, id_empleado_devolucion, estado_prestamo) OVERRIDING SYSTEM VALUE VALUES (14, 219, 72, 10, '2026-05-27', '2026-06-11', '2026-06-07', 4, 'Devuelto');
INSERT INTO public.prestamo (id_prestamo, id_ejemplar, id_socio, id_empleado_prestamo, fecha_prestamo, fecha_limite, fecha_devolucion, id_empleado_devolucion, estado_prestamo) OVERRIDING SYSTEM VALUE VALUES (15, 61, 50, 10, '2026-04-03', '2026-07-23', NULL, NULL, 'Prestado');
INSERT INTO public.prestamo (id_prestamo, id_ejemplar, id_socio, id_empleado_prestamo, fecha_prestamo, fecha_limite, fecha_devolucion, id_empleado_devolucion, estado_prestamo) OVERRIDING SYSTEM VALUE VALUES (16, 68, 4, 1, '2026-04-18', '2026-07-23', NULL, NULL, 'Prestado');
INSERT INTO public.prestamo (id_prestamo, id_ejemplar, id_socio, id_empleado_prestamo, fecha_prestamo, fecha_limite, fecha_devolucion, id_empleado_devolucion, estado_prestamo) OVERRIDING SYSTEM VALUE VALUES (17, 228, 56, 7, '2026-03-25', '2026-04-09', '2026-04-06', NULL, 'Devuelto');
INSERT INTO public.prestamo (id_prestamo, id_ejemplar, id_socio, id_empleado_prestamo, fecha_prestamo, fecha_limite, fecha_devolucion, id_empleado_devolucion, estado_prestamo) OVERRIDING SYSTEM VALUE VALUES (18, 247, 99, 15, '2026-05-16', '2026-07-23', NULL, NULL, 'Prestado');
INSERT INTO public.prestamo (id_prestamo, id_ejemplar, id_socio, id_empleado_prestamo, fecha_prestamo, fecha_limite, fecha_devolucion, id_empleado_devolucion, estado_prestamo) OVERRIDING SYSTEM VALUE VALUES (19, 18, 4, 11, '2026-05-19', '2026-07-23', NULL, NULL, 'Prestado');
INSERT INTO public.prestamo (id_prestamo, id_ejemplar, id_socio, id_empleado_prestamo, fecha_prestamo, fecha_limite, fecha_devolucion, id_empleado_devolucion, estado_prestamo) OVERRIDING SYSTEM VALUE VALUES (20, 14, 69, 5, '2026-03-04', '2026-07-23', NULL, NULL, 'Prestado');
INSERT INTO public.prestamo (id_prestamo, id_ejemplar, id_socio, id_empleado_prestamo, fecha_prestamo, fecha_limite, fecha_devolucion, id_empleado_devolucion, estado_prestamo) OVERRIDING SYSTEM VALUE VALUES (21, 280, 84, 12, '2026-04-24', '2026-05-09', '2026-04-29', 6, 'Devuelto');
INSERT INTO public.prestamo (id_prestamo, id_ejemplar, id_socio, id_empleado_prestamo, fecha_prestamo, fecha_limite, fecha_devolucion, id_empleado_devolucion, estado_prestamo) OVERRIDING SYSTEM VALUE VALUES (22, 49, 57, 6, '2026-03-18', '2026-07-23', NULL, NULL, 'Prestado');
INSERT INTO public.prestamo (id_prestamo, id_ejemplar, id_socio, id_empleado_prestamo, fecha_prestamo, fecha_limite, fecha_devolucion, id_empleado_devolucion, estado_prestamo) OVERRIDING SYSTEM VALUE VALUES (23, 56, 34, 6, '2026-03-17', '2026-07-23', NULL, NULL, 'Prestado');
INSERT INTO public.prestamo (id_prestamo, id_ejemplar, id_socio, id_empleado_prestamo, fecha_prestamo, fecha_limite, fecha_devolucion, id_empleado_devolucion, estado_prestamo) OVERRIDING SYSTEM VALUE VALUES (24, 239, 6, 10, '2026-03-14', '2026-03-29', '2026-03-15', 5, 'Devuelto');
INSERT INTO public.prestamo (id_prestamo, id_ejemplar, id_socio, id_empleado_prestamo, fecha_prestamo, fecha_limite, fecha_devolucion, id_empleado_devolucion, estado_prestamo) OVERRIDING SYSTEM VALUE VALUES (25, 195, 61, 7, '2026-03-31', '2026-04-15', '2026-04-03', NULL, 'Devuelto');
INSERT INTO public.prestamo (id_prestamo, id_ejemplar, id_socio, id_empleado_prestamo, fecha_prestamo, fecha_limite, fecha_devolucion, id_empleado_devolucion, estado_prestamo) OVERRIDING SYSTEM VALUE VALUES (26, 46, 77, 9, '2026-05-09', '2026-07-23', NULL, NULL, 'Prestado');
INSERT INTO public.prestamo (id_prestamo, id_ejemplar, id_socio, id_empleado_prestamo, fecha_prestamo, fecha_limite, fecha_devolucion, id_empleado_devolucion, estado_prestamo) OVERRIDING SYSTEM VALUE VALUES (27, 6, 11, 7, '2026-05-03', '2026-07-23', NULL, NULL, 'Prestado');
INSERT INTO public.prestamo (id_prestamo, id_ejemplar, id_socio, id_empleado_prestamo, fecha_prestamo, fecha_limite, fecha_devolucion, id_empleado_devolucion, estado_prestamo) OVERRIDING SYSTEM VALUE VALUES (28, 260, 17, 14, '2026-04-22', '2026-05-07', '2026-04-24', 9, 'Devuelto');
INSERT INTO public.prestamo (id_prestamo, id_ejemplar, id_socio, id_empleado_prestamo, fecha_prestamo, fecha_limite, fecha_devolucion, id_empleado_devolucion, estado_prestamo) OVERRIDING SYSTEM VALUE VALUES (29, 106, 18, 1, '2026-04-01', '2026-07-23', NULL, NULL, 'Prestado');
INSERT INTO public.prestamo (id_prestamo, id_ejemplar, id_socio, id_empleado_prestamo, fecha_prestamo, fecha_limite, fecha_devolucion, id_empleado_devolucion, estado_prestamo) OVERRIDING SYSTEM VALUE VALUES (30, 239, 3, 12, '2026-04-17', '2026-07-23', NULL, NULL, 'Prestado');
INSERT INTO public.prestamo (id_prestamo, id_ejemplar, id_socio, id_empleado_prestamo, fecha_prestamo, fecha_limite, fecha_devolucion, id_empleado_devolucion, estado_prestamo) OVERRIDING SYSTEM VALUE VALUES (31, 232, 72, 12, '2026-04-30', '2026-07-23', NULL, NULL, 'Prestado');
INSERT INTO public.prestamo (id_prestamo, id_ejemplar, id_socio, id_empleado_prestamo, fecha_prestamo, fecha_limite, fecha_devolucion, id_empleado_devolucion, estado_prestamo) OVERRIDING SYSTEM VALUE VALUES (32, 250, 10, 15, '2026-03-27', '2026-04-11', '2026-03-31', NULL, 'Devuelto');
INSERT INTO public.prestamo (id_prestamo, id_ejemplar, id_socio, id_empleado_prestamo, fecha_prestamo, fecha_limite, fecha_devolucion, id_empleado_devolucion, estado_prestamo) OVERRIDING SYSTEM VALUE VALUES (33, 74, 85, 11, '2026-06-16', '2026-07-23', NULL, NULL, 'Prestado');
INSERT INTO public.prestamo (id_prestamo, id_ejemplar, id_socio, id_empleado_prestamo, fecha_prestamo, fecha_limite, fecha_devolucion, id_empleado_devolucion, estado_prestamo) OVERRIDING SYSTEM VALUE VALUES (34, 209, 13, 13, '2026-05-25', '2026-07-23', NULL, 14, 'Prestado');
INSERT INTO public.prestamo (id_prestamo, id_ejemplar, id_socio, id_empleado_prestamo, fecha_prestamo, fecha_limite, fecha_devolucion, id_empleado_devolucion, estado_prestamo) OVERRIDING SYSTEM VALUE VALUES (35, 84, 92, 7, '2026-04-02', '2026-07-23', NULL, NULL, 'Prestado');
INSERT INTO public.prestamo (id_prestamo, id_ejemplar, id_socio, id_empleado_prestamo, fecha_prestamo, fecha_limite, fecha_devolucion, id_empleado_devolucion, estado_prestamo) OVERRIDING SYSTEM VALUE VALUES (36, 242, 33, 6, '2026-03-21', '2026-07-23', NULL, NULL, 'Prestado');
INSERT INTO public.prestamo (id_prestamo, id_ejemplar, id_socio, id_empleado_prestamo, fecha_prestamo, fecha_limite, fecha_devolucion, id_empleado_devolucion, estado_prestamo) OVERRIDING SYSTEM VALUE VALUES (37, 162, 64, 14, '2026-05-16', '2026-07-23', NULL, NULL, 'Prestado');
INSERT INTO public.prestamo (id_prestamo, id_ejemplar, id_socio, id_empleado_prestamo, fecha_prestamo, fecha_limite, fecha_devolucion, id_empleado_devolucion, estado_prestamo) OVERRIDING SYSTEM VALUE VALUES (38, 174, 51, 2, '2026-03-15', '2026-07-23', NULL, NULL, 'Prestado');
INSERT INTO public.prestamo (id_prestamo, id_ejemplar, id_socio, id_empleado_prestamo, fecha_prestamo, fecha_limite, fecha_devolucion, id_empleado_devolucion, estado_prestamo) OVERRIDING SYSTEM VALUE VALUES (39, 266, 69, 8, '2026-05-09', '2026-07-23', NULL, NULL, 'Prestado');
INSERT INTO public.prestamo (id_prestamo, id_ejemplar, id_socio, id_empleado_prestamo, fecha_prestamo, fecha_limite, fecha_devolucion, id_empleado_devolucion, estado_prestamo) OVERRIDING SYSTEM VALUE VALUES (40, 154, 54, 4, '2026-05-09', '2026-07-23', NULL, NULL, 'Prestado');
INSERT INTO public.prestamo (id_prestamo, id_ejemplar, id_socio, id_empleado_prestamo, fecha_prestamo, fecha_limite, fecha_devolucion, id_empleado_devolucion, estado_prestamo) OVERRIDING SYSTEM VALUE VALUES (41, 32, 37, 7, '2026-03-23', '2026-07-23', NULL, 6, 'Prestado');
INSERT INTO public.prestamo (id_prestamo, id_ejemplar, id_socio, id_empleado_prestamo, fecha_prestamo, fecha_limite, fecha_devolucion, id_empleado_devolucion, estado_prestamo) OVERRIDING SYSTEM VALUE VALUES (42, 205, 70, 9, '2026-04-24', '2026-07-23', NULL, NULL, 'Prestado');
INSERT INTO public.prestamo (id_prestamo, id_ejemplar, id_socio, id_empleado_prestamo, fecha_prestamo, fecha_limite, fecha_devolucion, id_empleado_devolucion, estado_prestamo) OVERRIDING SYSTEM VALUE VALUES (43, 283, 49, 12, '2026-06-10', '2026-07-23', NULL, NULL, 'Prestado');
INSERT INTO public.prestamo (id_prestamo, id_ejemplar, id_socio, id_empleado_prestamo, fecha_prestamo, fecha_limite, fecha_devolucion, id_empleado_devolucion, estado_prestamo) OVERRIDING SYSTEM VALUE VALUES (44, 205, 92, 10, '2026-04-25', '2026-05-10', '2026-05-05', NULL, 'Devuelto');
INSERT INTO public.prestamo (id_prestamo, id_ejemplar, id_socio, id_empleado_prestamo, fecha_prestamo, fecha_limite, fecha_devolucion, id_empleado_devolucion, estado_prestamo) OVERRIDING SYSTEM VALUE VALUES (45, 198, 51, 1, '2026-04-27', '2026-07-23', NULL, NULL, 'Prestado');
INSERT INTO public.prestamo (id_prestamo, id_ejemplar, id_socio, id_empleado_prestamo, fecha_prestamo, fecha_limite, fecha_devolucion, id_empleado_devolucion, estado_prestamo) OVERRIDING SYSTEM VALUE VALUES (46, 34, 21, 1, '2026-03-09', '2026-07-23', NULL, NULL, 'Prestado');
INSERT INTO public.prestamo (id_prestamo, id_ejemplar, id_socio, id_empleado_prestamo, fecha_prestamo, fecha_limite, fecha_devolucion, id_empleado_devolucion, estado_prestamo) OVERRIDING SYSTEM VALUE VALUES (47, 270, 63, 11, '2026-04-01', '2026-07-23', NULL, NULL, 'Prestado');
INSERT INTO public.prestamo (id_prestamo, id_ejemplar, id_socio, id_empleado_prestamo, fecha_prestamo, fecha_limite, fecha_devolucion, id_empleado_devolucion, estado_prestamo) OVERRIDING SYSTEM VALUE VALUES (48, 96, 4, 7, '2026-05-03', '2026-07-23', NULL, NULL, 'Prestado');
INSERT INTO public.prestamo (id_prestamo, id_ejemplar, id_socio, id_empleado_prestamo, fecha_prestamo, fecha_limite, fecha_devolucion, id_empleado_devolucion, estado_prestamo) OVERRIDING SYSTEM VALUE VALUES (49, 259, 73, 7, '2026-04-26', '2026-07-23', NULL, NULL, 'Prestado');
INSERT INTO public.prestamo (id_prestamo, id_ejemplar, id_socio, id_empleado_prestamo, fecha_prestamo, fecha_limite, fecha_devolucion, id_empleado_devolucion, estado_prestamo) OVERRIDING SYSTEM VALUE VALUES (50, 125, 31, 14, '2026-04-25', '2026-05-09', '2026-04-30', NULL, 'Devuelto');
INSERT INTO public.prestamo (id_prestamo, id_ejemplar, id_socio, id_empleado_prestamo, fecha_prestamo, fecha_limite, fecha_devolucion, id_empleado_devolucion, estado_prestamo) OVERRIDING SYSTEM VALUE VALUES (51, 2, 43, 11, '2026-05-12', '2026-05-27', '2026-05-20', 10, 'Devuelto');
INSERT INTO public.prestamo (id_prestamo, id_ejemplar, id_socio, id_empleado_prestamo, fecha_prestamo, fecha_limite, fecha_devolucion, id_empleado_devolucion, estado_prestamo) OVERRIDING SYSTEM VALUE VALUES (52, 217, 17, 1, '2026-04-08', '2026-04-23', '2026-04-14', 4, 'Devuelto');
INSERT INTO public.prestamo (id_prestamo, id_ejemplar, id_socio, id_empleado_prestamo, fecha_prestamo, fecha_limite, fecha_devolucion, id_empleado_devolucion, estado_prestamo) OVERRIDING SYSTEM VALUE VALUES (53, 154, 79, 15, '2026-05-28', '2026-07-23', NULL, NULL, 'Prestado');
INSERT INTO public.prestamo (id_prestamo, id_ejemplar, id_socio, id_empleado_prestamo, fecha_prestamo, fecha_limite, fecha_devolucion, id_empleado_devolucion, estado_prestamo) OVERRIDING SYSTEM VALUE VALUES (54, 256, 31, 5, '2026-05-29', '2026-07-14', '2026-06-10', 14, 'Devuelto');
INSERT INTO public.prestamo (id_prestamo, id_ejemplar, id_socio, id_empleado_prestamo, fecha_prestamo, fecha_limite, fecha_devolucion, id_empleado_devolucion, estado_prestamo) OVERRIDING SYSTEM VALUE VALUES (55, 2, 93, 9, '2026-05-22', '2026-06-23', NULL, NULL, 'Prestado');
INSERT INTO public.prestamo (id_prestamo, id_ejemplar, id_socio, id_empleado_prestamo, fecha_prestamo, fecha_limite, fecha_devolucion, id_empleado_devolucion, estado_prestamo) OVERRIDING SYSTEM VALUE VALUES (56, 73, 74, 15, '2026-05-19', '2026-07-23', NULL, 13, 'Prestado');
INSERT INTO public.prestamo (id_prestamo, id_ejemplar, id_socio, id_empleado_prestamo, fecha_prestamo, fecha_limite, fecha_devolucion, id_empleado_devolucion, estado_prestamo) OVERRIDING SYSTEM VALUE VALUES (57, 252, 15, 5, '2026-03-31', '2026-07-23', NULL, NULL, 'Prestado');
INSERT INTO public.prestamo (id_prestamo, id_ejemplar, id_socio, id_empleado_prestamo, fecha_prestamo, fecha_limite, fecha_devolucion, id_empleado_devolucion, estado_prestamo) OVERRIDING SYSTEM VALUE VALUES (58, 236, 88, 2, '2026-04-21', '2026-07-23', NULL, NULL, 'Prestado');
INSERT INTO public.prestamo (id_prestamo, id_ejemplar, id_socio, id_empleado_prestamo, fecha_prestamo, fecha_limite, fecha_devolucion, id_empleado_devolucion, estado_prestamo) OVERRIDING SYSTEM VALUE VALUES (59, 254, 81, 8, '2026-05-19', '2026-07-23', NULL, NULL, 'Prestado');
INSERT INTO public.prestamo (id_prestamo, id_ejemplar, id_socio, id_empleado_prestamo, fecha_prestamo, fecha_limite, fecha_devolucion, id_empleado_devolucion, estado_prestamo) OVERRIDING SYSTEM VALUE VALUES (60, 278, 12, 6, '2026-04-24', '2026-07-23', NULL, 10, 'Prestado');
INSERT INTO public.prestamo (id_prestamo, id_ejemplar, id_socio, id_empleado_prestamo, fecha_prestamo, fecha_limite, fecha_devolucion, id_empleado_devolucion, estado_prestamo) OVERRIDING SYSTEM VALUE VALUES (61, 268, 30, 10, '2026-05-25', '2026-07-23', NULL, NULL, 'Prestado');
INSERT INTO public.prestamo (id_prestamo, id_ejemplar, id_socio, id_empleado_prestamo, fecha_prestamo, fecha_limite, fecha_devolucion, id_empleado_devolucion, estado_prestamo) OVERRIDING SYSTEM VALUE VALUES (62, 141, 86, 1, '2026-05-10', '2026-07-23', NULL, NULL, 'Prestado');
INSERT INTO public.prestamo (id_prestamo, id_ejemplar, id_socio, id_empleado_prestamo, fecha_prestamo, fecha_limite, fecha_devolucion, id_empleado_devolucion, estado_prestamo) OVERRIDING SYSTEM VALUE VALUES (63, 140, 32, 7, '2026-04-03', '2026-07-23', NULL, NULL, 'Prestado');
INSERT INTO public.prestamo (id_prestamo, id_ejemplar, id_socio, id_empleado_prestamo, fecha_prestamo, fecha_limite, fecha_devolucion, id_empleado_devolucion, estado_prestamo) OVERRIDING SYSTEM VALUE VALUES (64, 118, 96, 4, '2026-05-24', '2026-07-23', NULL, NULL, 'Prestado');
INSERT INTO public.prestamo (id_prestamo, id_ejemplar, id_socio, id_empleado_prestamo, fecha_prestamo, fecha_limite, fecha_devolucion, id_empleado_devolucion, estado_prestamo) OVERRIDING SYSTEM VALUE VALUES (65, 211, 31, 6, '2026-03-08', '2026-07-23', NULL, NULL, 'Prestado');
INSERT INTO public.prestamo (id_prestamo, id_ejemplar, id_socio, id_empleado_prestamo, fecha_prestamo, fecha_limite, fecha_devolucion, id_empleado_devolucion, estado_prestamo) OVERRIDING SYSTEM VALUE VALUES (66, 2, 6, 11, '2026-05-12', '2026-05-27', '2026-05-17', 14, 'Devuelto');
INSERT INTO public.prestamo (id_prestamo, id_ejemplar, id_socio, id_empleado_prestamo, fecha_prestamo, fecha_limite, fecha_devolucion, id_empleado_devolucion, estado_prestamo) OVERRIDING SYSTEM VALUE VALUES (67, 96, 66, 5, '2026-05-02', '2026-07-23', NULL, NULL, 'Prestado');
INSERT INTO public.prestamo (id_prestamo, id_ejemplar, id_socio, id_empleado_prestamo, fecha_prestamo, fecha_limite, fecha_devolucion, id_empleado_devolucion, estado_prestamo) OVERRIDING SYSTEM VALUE VALUES (68, 268, 42, 14, '2026-05-16', '2026-07-23', NULL, NULL, 'Prestado');
INSERT INTO public.prestamo (id_prestamo, id_ejemplar, id_socio, id_empleado_prestamo, fecha_prestamo, fecha_limite, fecha_devolucion, id_empleado_devolucion, estado_prestamo) OVERRIDING SYSTEM VALUE VALUES (69, 129, 48, 4, '2026-04-14', '2026-07-23', NULL, NULL, 'Prestado');
INSERT INTO public.prestamo (id_prestamo, id_ejemplar, id_socio, id_empleado_prestamo, fecha_prestamo, fecha_limite, fecha_devolucion, id_empleado_devolucion, estado_prestamo) OVERRIDING SYSTEM VALUE VALUES (70, 283, 7, 14, '2026-05-23', '2026-07-23', NULL, NULL, 'Prestado');
INSERT INTO public.prestamo (id_prestamo, id_ejemplar, id_socio, id_empleado_prestamo, fecha_prestamo, fecha_limite, fecha_devolucion, id_empleado_devolucion, estado_prestamo) OVERRIDING SYSTEM VALUE VALUES (71, 208, 45, 8, '2026-05-07', '2026-07-23', NULL, NULL, 'Prestado');
INSERT INTO public.prestamo (id_prestamo, id_ejemplar, id_socio, id_empleado_prestamo, fecha_prestamo, fecha_limite, fecha_devolucion, id_empleado_devolucion, estado_prestamo) OVERRIDING SYSTEM VALUE VALUES (72, 70, 100, 2, '2026-05-14', '2026-05-29', '2026-05-16', 12, 'Devuelto');
INSERT INTO public.prestamo (id_prestamo, id_ejemplar, id_socio, id_empleado_prestamo, fecha_prestamo, fecha_limite, fecha_devolucion, id_empleado_devolucion, estado_prestamo) OVERRIDING SYSTEM VALUE VALUES (73, 61, 69, 6, '2026-04-27', '2026-05-12', '2026-05-08', NULL, 'Devuelto');
INSERT INTO public.prestamo (id_prestamo, id_ejemplar, id_socio, id_empleado_prestamo, fecha_prestamo, fecha_limite, fecha_devolucion, id_empleado_devolucion, estado_prestamo) OVERRIDING SYSTEM VALUE VALUES (74, 225, 40, 1, '2026-05-24', '2026-07-23', NULL, NULL, 'Prestado');
INSERT INTO public.prestamo (id_prestamo, id_ejemplar, id_socio, id_empleado_prestamo, fecha_prestamo, fecha_limite, fecha_devolucion, id_empleado_devolucion, estado_prestamo) OVERRIDING SYSTEM VALUE VALUES (75, 56, 73, 10, '2026-03-06', '2026-03-21', '2026-03-07', NULL, 'Devuelto');
INSERT INTO public.prestamo (id_prestamo, id_ejemplar, id_socio, id_empleado_prestamo, fecha_prestamo, fecha_limite, fecha_devolucion, id_empleado_devolucion, estado_prestamo) OVERRIDING SYSTEM VALUE VALUES (76, 295, 15, 4, '2026-03-14', '2026-07-23', NULL, NULL, 'Prestado');
INSERT INTO public.prestamo (id_prestamo, id_ejemplar, id_socio, id_empleado_prestamo, fecha_prestamo, fecha_limite, fecha_devolucion, id_empleado_devolucion, estado_prestamo) OVERRIDING SYSTEM VALUE VALUES (77, 235, 83, 5, '2026-04-18', '2026-05-03', '2026-04-29', 1, 'Devuelto');
INSERT INTO public.prestamo (id_prestamo, id_ejemplar, id_socio, id_empleado_prestamo, fecha_prestamo, fecha_limite, fecha_devolucion, id_empleado_devolucion, estado_prestamo) OVERRIDING SYSTEM VALUE VALUES (78, 286, 36, 9, '2026-06-10', '2026-06-25', '2026-06-22', NULL, 'Devuelto');
INSERT INTO public.prestamo (id_prestamo, id_ejemplar, id_socio, id_empleado_prestamo, fecha_prestamo, fecha_limite, fecha_devolucion, id_empleado_devolucion, estado_prestamo) OVERRIDING SYSTEM VALUE VALUES (79, 19, 97, 4, '2026-04-28', '2026-05-12', '2026-05-06', 14, 'Devuelto');
INSERT INTO public.prestamo (id_prestamo, id_ejemplar, id_socio, id_empleado_prestamo, fecha_prestamo, fecha_limite, fecha_devolucion, id_empleado_devolucion, estado_prestamo) OVERRIDING SYSTEM VALUE VALUES (80, 257, 76, 7, '2026-04-12', '2026-04-27', '2026-04-18', 1, 'Devuelto');
INSERT INTO public.prestamo (id_prestamo, id_ejemplar, id_socio, id_empleado_prestamo, fecha_prestamo, fecha_limite, fecha_devolucion, id_empleado_devolucion, estado_prestamo) OVERRIDING SYSTEM VALUE VALUES (81, 193, 28, 4, '2026-05-21', '2026-07-23', NULL, NULL, 'Prestado');
INSERT INTO public.prestamo (id_prestamo, id_ejemplar, id_socio, id_empleado_prestamo, fecha_prestamo, fecha_limite, fecha_devolucion, id_empleado_devolucion, estado_prestamo) OVERRIDING SYSTEM VALUE VALUES (82, 249, 80, 14, '2026-03-27', '2026-07-23', NULL, NULL, 'Prestado');
INSERT INTO public.prestamo (id_prestamo, id_ejemplar, id_socio, id_empleado_prestamo, fecha_prestamo, fecha_limite, fecha_devolucion, id_empleado_devolucion, estado_prestamo) OVERRIDING SYSTEM VALUE VALUES (83, 111, 88, 15, '2026-04-06', '2026-07-23', NULL, NULL, 'Prestado');
INSERT INTO public.prestamo (id_prestamo, id_ejemplar, id_socio, id_empleado_prestamo, fecha_prestamo, fecha_limite, fecha_devolucion, id_empleado_devolucion, estado_prestamo) OVERRIDING SYSTEM VALUE VALUES (84, 223, 73, 7, '2026-03-22', '2026-07-23', NULL, NULL, 'Prestado');
INSERT INTO public.prestamo (id_prestamo, id_ejemplar, id_socio, id_empleado_prestamo, fecha_prestamo, fecha_limite, fecha_devolucion, id_empleado_devolucion, estado_prestamo) OVERRIDING SYSTEM VALUE VALUES (85, 170, 46, 4, '2026-04-23', '2026-07-23', NULL, NULL, 'Prestado');
INSERT INTO public.prestamo (id_prestamo, id_ejemplar, id_socio, id_empleado_prestamo, fecha_prestamo, fecha_limite, fecha_devolucion, id_empleado_devolucion, estado_prestamo) OVERRIDING SYSTEM VALUE VALUES (86, 210, 99, 13, '2026-05-01', '2026-07-23', NULL, NULL, 'Prestado');
INSERT INTO public.prestamo (id_prestamo, id_ejemplar, id_socio, id_empleado_prestamo, fecha_prestamo, fecha_limite, fecha_devolucion, id_empleado_devolucion, estado_prestamo) OVERRIDING SYSTEM VALUE VALUES (87, 226, 29, 13, '2026-06-11', '2026-07-23', NULL, NULL, 'Prestado');
INSERT INTO public.prestamo (id_prestamo, id_ejemplar, id_socio, id_empleado_prestamo, fecha_prestamo, fecha_limite, fecha_devolucion, id_empleado_devolucion, estado_prestamo) OVERRIDING SYSTEM VALUE VALUES (88, 196, 39, 12, '2026-04-22', '2026-07-23', NULL, NULL, 'Prestado');
INSERT INTO public.prestamo (id_prestamo, id_ejemplar, id_socio, id_empleado_prestamo, fecha_prestamo, fecha_limite, fecha_devolucion, id_empleado_devolucion, estado_prestamo) OVERRIDING SYSTEM VALUE VALUES (89, 4, 31, 5, '2026-05-27', '2026-07-23', NULL, NULL, 'Prestado');
INSERT INTO public.prestamo (id_prestamo, id_ejemplar, id_socio, id_empleado_prestamo, fecha_prestamo, fecha_limite, fecha_devolucion, id_empleado_devolucion, estado_prestamo) OVERRIDING SYSTEM VALUE VALUES (90, 139, 53, 10, '2026-03-28', '2026-07-23', NULL, NULL, 'Prestado');
INSERT INTO public.prestamo (id_prestamo, id_ejemplar, id_socio, id_empleado_prestamo, fecha_prestamo, fecha_limite, fecha_devolucion, id_empleado_devolucion, estado_prestamo) OVERRIDING SYSTEM VALUE VALUES (91, 91, 7, 1, '2026-03-15', '2026-03-30', '2026-03-27', 3, 'Devuelto');
INSERT INTO public.prestamo (id_prestamo, id_ejemplar, id_socio, id_empleado_prestamo, fecha_prestamo, fecha_limite, fecha_devolucion, id_empleado_devolucion, estado_prestamo) OVERRIDING SYSTEM VALUE VALUES (92, 13, 57, 8, '2026-04-06', '2026-07-23', NULL, NULL, 'Prestado');
INSERT INTO public.prestamo (id_prestamo, id_ejemplar, id_socio, id_empleado_prestamo, fecha_prestamo, fecha_limite, fecha_devolucion, id_empleado_devolucion, estado_prestamo) OVERRIDING SYSTEM VALUE VALUES (93, 28, 82, 7, '2026-03-25', '2026-04-09', '2026-03-30', 6, 'Devuelto');
INSERT INTO public.prestamo (id_prestamo, id_ejemplar, id_socio, id_empleado_prestamo, fecha_prestamo, fecha_limite, fecha_devolucion, id_empleado_devolucion, estado_prestamo) OVERRIDING SYSTEM VALUE VALUES (94, 274, 40, 1, '2026-05-21', '2026-07-23', NULL, NULL, 'Prestado');
INSERT INTO public.prestamo (id_prestamo, id_ejemplar, id_socio, id_empleado_prestamo, fecha_prestamo, fecha_limite, fecha_devolucion, id_empleado_devolucion, estado_prestamo) OVERRIDING SYSTEM VALUE VALUES (95, 162, 69, 7, '2026-04-02', '2026-07-23', NULL, NULL, 'Prestado');
INSERT INTO public.prestamo (id_prestamo, id_ejemplar, id_socio, id_empleado_prestamo, fecha_prestamo, fecha_limite, fecha_devolucion, id_empleado_devolucion, estado_prestamo) OVERRIDING SYSTEM VALUE VALUES (96, 76, 72, 13, '2026-04-01', '2026-07-23', NULL, NULL, 'Prestado');
INSERT INTO public.prestamo (id_prestamo, id_ejemplar, id_socio, id_empleado_prestamo, fecha_prestamo, fecha_limite, fecha_devolucion, id_empleado_devolucion, estado_prestamo) OVERRIDING SYSTEM VALUE VALUES (97, 5, 15, 12, '2026-03-04', '2026-07-23', NULL, NULL, 'Prestado');
INSERT INTO public.prestamo (id_prestamo, id_ejemplar, id_socio, id_empleado_prestamo, fecha_prestamo, fecha_limite, fecha_devolucion, id_empleado_devolucion, estado_prestamo) OVERRIDING SYSTEM VALUE VALUES (98, 49, 8, 15, '2026-04-11', '2026-07-23', NULL, 14, 'Prestado');
INSERT INTO public.prestamo (id_prestamo, id_ejemplar, id_socio, id_empleado_prestamo, fecha_prestamo, fecha_limite, fecha_devolucion, id_empleado_devolucion, estado_prestamo) OVERRIDING SYSTEM VALUE VALUES (99, 284, 1, 7, '2026-05-21', '2026-07-23', NULL, NULL, 'Prestado');
INSERT INTO public.prestamo (id_prestamo, id_ejemplar, id_socio, id_empleado_prestamo, fecha_prestamo, fecha_limite, fecha_devolucion, id_empleado_devolucion, estado_prestamo) OVERRIDING SYSTEM VALUE VALUES (100, 210, 37, 3, '2026-03-27', '2026-06-23', NULL, NULL, 'Prestado');
INSERT INTO public.prestamo (id_prestamo, id_ejemplar, id_socio, id_empleado_prestamo, fecha_prestamo, fecha_limite, fecha_devolucion, id_empleado_devolucion, estado_prestamo) OVERRIDING SYSTEM VALUE VALUES (101, 102, 17, 15, '2026-04-07', '2026-06-23', NULL, NULL, 'Prestado');
INSERT INTO public.prestamo (id_prestamo, id_ejemplar, id_socio, id_empleado_prestamo, fecha_prestamo, fecha_limite, fecha_devolucion, id_empleado_devolucion, estado_prestamo) OVERRIDING SYSTEM VALUE VALUES (102, 235, 62, 3, '2026-04-24', '2026-06-23', NULL, NULL, 'Prestado');
INSERT INTO public.prestamo (id_prestamo, id_ejemplar, id_socio, id_empleado_prestamo, fecha_prestamo, fecha_limite, fecha_devolucion, id_empleado_devolucion, estado_prestamo) OVERRIDING SYSTEM VALUE VALUES (103, 126, 11, 5, '2026-03-15', '2026-06-23', NULL, 2, 'Prestado');
INSERT INTO public.prestamo (id_prestamo, id_ejemplar, id_socio, id_empleado_prestamo, fecha_prestamo, fecha_limite, fecha_devolucion, id_empleado_devolucion, estado_prestamo) OVERRIDING SYSTEM VALUE VALUES (104, 6, 75, 1, '2026-03-30', '2026-06-23', NULL, NULL, 'Prestado');
INSERT INTO public.prestamo (id_prestamo, id_ejemplar, id_socio, id_empleado_prestamo, fecha_prestamo, fecha_limite, fecha_devolucion, id_empleado_devolucion, estado_prestamo) OVERRIDING SYSTEM VALUE VALUES (105, 191, 49, 2, '2026-05-16', '2026-05-31', '2026-05-23', NULL, 'Devuelto');
INSERT INTO public.prestamo (id_prestamo, id_ejemplar, id_socio, id_empleado_prestamo, fecha_prestamo, fecha_limite, fecha_devolucion, id_empleado_devolucion, estado_prestamo) OVERRIDING SYSTEM VALUE VALUES (106, 182, 45, 2, '2026-05-10', '2026-06-23', NULL, NULL, 'Prestado');
INSERT INTO public.prestamo (id_prestamo, id_ejemplar, id_socio, id_empleado_prestamo, fecha_prestamo, fecha_limite, fecha_devolucion, id_empleado_devolucion, estado_prestamo) OVERRIDING SYSTEM VALUE VALUES (107, 277, 89, 14, '2026-04-01', '2026-06-23', NULL, NULL, 'Prestado');
INSERT INTO public.prestamo (id_prestamo, id_ejemplar, id_socio, id_empleado_prestamo, fecha_prestamo, fecha_limite, fecha_devolucion, id_empleado_devolucion, estado_prestamo) OVERRIDING SYSTEM VALUE VALUES (108, 224, 38, 13, '2026-03-28', '2026-06-23', NULL, NULL, 'Prestado');
INSERT INTO public.prestamo (id_prestamo, id_ejemplar, id_socio, id_empleado_prestamo, fecha_prestamo, fecha_limite, fecha_devolucion, id_empleado_devolucion, estado_prestamo) OVERRIDING SYSTEM VALUE VALUES (109, 219, 42, 2, '2026-05-13', '2026-06-23', NULL, NULL, 'Prestado');
INSERT INTO public.prestamo (id_prestamo, id_ejemplar, id_socio, id_empleado_prestamo, fecha_prestamo, fecha_limite, fecha_devolucion, id_empleado_devolucion, estado_prestamo) OVERRIDING SYSTEM VALUE VALUES (110, 77, 78, 1, '2026-04-09', '2026-06-23', NULL, NULL, 'Prestado');
INSERT INTO public.prestamo (id_prestamo, id_ejemplar, id_socio, id_empleado_prestamo, fecha_prestamo, fecha_limite, fecha_devolucion, id_empleado_devolucion, estado_prestamo) OVERRIDING SYSTEM VALUE VALUES (111, 40, 49, 7, '2026-03-07', '2026-06-23', NULL, NULL, 'Prestado');
INSERT INTO public.prestamo (id_prestamo, id_ejemplar, id_socio, id_empleado_prestamo, fecha_prestamo, fecha_limite, fecha_devolucion, id_empleado_devolucion, estado_prestamo) OVERRIDING SYSTEM VALUE VALUES (112, 97, 25, 5, '2026-04-16', '2026-06-23', NULL, NULL, 'Prestado');
INSERT INTO public.prestamo (id_prestamo, id_ejemplar, id_socio, id_empleado_prestamo, fecha_prestamo, fecha_limite, fecha_devolucion, id_empleado_devolucion, estado_prestamo) OVERRIDING SYSTEM VALUE VALUES (113, 174, 27, 5, '2026-05-22', '2026-06-23', NULL, NULL, 'Prestado');
INSERT INTO public.prestamo (id_prestamo, id_ejemplar, id_socio, id_empleado_prestamo, fecha_prestamo, fecha_limite, fecha_devolucion, id_empleado_devolucion, estado_prestamo) OVERRIDING SYSTEM VALUE VALUES (114, 209, 43, 13, '2026-03-28', '2026-06-23', NULL, 8, 'Prestado');
INSERT INTO public.prestamo (id_prestamo, id_ejemplar, id_socio, id_empleado_prestamo, fecha_prestamo, fecha_limite, fecha_devolucion, id_empleado_devolucion, estado_prestamo) OVERRIDING SYSTEM VALUE VALUES (115, 290, 97, 10, '2025-05-11', '2026-06-23', NULL, NULL, 'Prestado');
INSERT INTO public.prestamo (id_prestamo, id_ejemplar, id_socio, id_empleado_prestamo, fecha_prestamo, fecha_limite, fecha_devolucion, id_empleado_devolucion, estado_prestamo) OVERRIDING SYSTEM VALUE VALUES (116, 149, 95, 11, '2025-10-29', '2026-06-23', NULL, 1, 'Prestado');
INSERT INTO public.prestamo (id_prestamo, id_ejemplar, id_socio, id_empleado_prestamo, fecha_prestamo, fecha_limite, fecha_devolucion, id_empleado_devolucion, estado_prestamo) OVERRIDING SYSTEM VALUE VALUES (117, 54, 18, 6, '2025-10-17', '2026-06-23', NULL, NULL, 'Prestado');
INSERT INTO public.prestamo (id_prestamo, id_ejemplar, id_socio, id_empleado_prestamo, fecha_prestamo, fecha_limite, fecha_devolucion, id_empleado_devolucion, estado_prestamo) OVERRIDING SYSTEM VALUE VALUES (118, 200, 100, 14, '2025-01-01', '2026-06-23', NULL, NULL, 'Prestado');
INSERT INTO public.prestamo (id_prestamo, id_ejemplar, id_socio, id_empleado_prestamo, fecha_prestamo, fecha_limite, fecha_devolucion, id_empleado_devolucion, estado_prestamo) OVERRIDING SYSTEM VALUE VALUES (119, 143, 46, 15, '2025-07-21', '2026-06-23', NULL, NULL, 'Prestado');
INSERT INTO public.prestamo (id_prestamo, id_ejemplar, id_socio, id_empleado_prestamo, fecha_prestamo, fecha_limite, fecha_devolucion, id_empleado_devolucion, estado_prestamo) OVERRIDING SYSTEM VALUE VALUES (120, 25, 95, 1, '2025-12-12', '2025-12-27', '2025-12-17', 11, 'Devuelto');
INSERT INTO public.prestamo (id_prestamo, id_ejemplar, id_socio, id_empleado_prestamo, fecha_prestamo, fecha_limite, fecha_devolucion, id_empleado_devolucion, estado_prestamo) OVERRIDING SYSTEM VALUE VALUES (121, 213, 3, 15, '2025-10-08', '2025-10-23', '2025-10-14', NULL, 'Devuelto');
INSERT INTO public.prestamo (id_prestamo, id_ejemplar, id_socio, id_empleado_prestamo, fecha_prestamo, fecha_limite, fecha_devolucion, id_empleado_devolucion, estado_prestamo) OVERRIDING SYSTEM VALUE VALUES (122, 96, 89, 15, '2025-02-23', '2026-06-23', NULL, NULL, 'Prestado');
INSERT INTO public.prestamo (id_prestamo, id_ejemplar, id_socio, id_empleado_prestamo, fecha_prestamo, fecha_limite, fecha_devolucion, id_empleado_devolucion, estado_prestamo) OVERRIDING SYSTEM VALUE VALUES (123, 48, 58, 5, '2025-08-13', '2025-08-28', '2025-08-27', 15, 'Devuelto');
INSERT INTO public.prestamo (id_prestamo, id_ejemplar, id_socio, id_empleado_prestamo, fecha_prestamo, fecha_limite, fecha_devolucion, id_empleado_devolucion, estado_prestamo) OVERRIDING SYSTEM VALUE VALUES (124, 105, 63, 9, '2025-07-17', '2026-06-23', NULL, NULL, 'Prestado');
INSERT INTO public.prestamo (id_prestamo, id_ejemplar, id_socio, id_empleado_prestamo, fecha_prestamo, fecha_limite, fecha_devolucion, id_empleado_devolucion, estado_prestamo) OVERRIDING SYSTEM VALUE VALUES (125, 176, 98, 12, '2025-09-01', '2025-09-16', '2025-09-02', 4, 'Devuelto');
INSERT INTO public.prestamo (id_prestamo, id_ejemplar, id_socio, id_empleado_prestamo, fecha_prestamo, fecha_limite, fecha_devolucion, id_empleado_devolucion, estado_prestamo) OVERRIDING SYSTEM VALUE VALUES (126, 55, 7, 4, '2025-11-22', '2026-06-23', NULL, NULL, 'Prestado');
INSERT INTO public.prestamo (id_prestamo, id_ejemplar, id_socio, id_empleado_prestamo, fecha_prestamo, fecha_limite, fecha_devolucion, id_empleado_devolucion, estado_prestamo) OVERRIDING SYSTEM VALUE VALUES (127, 18, 75, 9, '2025-10-04', '2026-06-23', NULL, NULL, 'Prestado');
INSERT INTO public.prestamo (id_prestamo, id_ejemplar, id_socio, id_empleado_prestamo, fecha_prestamo, fecha_limite, fecha_devolucion, id_empleado_devolucion, estado_prestamo) OVERRIDING SYSTEM VALUE VALUES (128, 46, 5, 10, '2024-03-20', '2024-04-04', '2024-03-30', 7, 'Devuelto');
INSERT INTO public.prestamo (id_prestamo, id_ejemplar, id_socio, id_empleado_prestamo, fecha_prestamo, fecha_limite, fecha_devolucion, id_empleado_devolucion, estado_prestamo) OVERRIDING SYSTEM VALUE VALUES (129, 196, 59, 9, '2024-06-12', '2026-06-23', NULL, NULL, 'Prestado');
INSERT INTO public.prestamo (id_prestamo, id_ejemplar, id_socio, id_empleado_prestamo, fecha_prestamo, fecha_limite, fecha_devolucion, id_empleado_devolucion, estado_prestamo) OVERRIDING SYSTEM VALUE VALUES (130, 107, 73, 4, '2024-11-04', '2026-06-23', NULL, NULL, 'Prestado');
INSERT INTO public.prestamo (id_prestamo, id_ejemplar, id_socio, id_empleado_prestamo, fecha_prestamo, fecha_limite, fecha_devolucion, id_empleado_devolucion, estado_prestamo) OVERRIDING SYSTEM VALUE VALUES (131, 285, 53, 7, '2026-03-24', '2026-05-30', NULL, NULL, 'Vencido');
INSERT INTO public.prestamo (id_prestamo, id_ejemplar, id_socio, id_empleado_prestamo, fecha_prestamo, fecha_limite, fecha_devolucion, id_empleado_devolucion, estado_prestamo) OVERRIDING SYSTEM VALUE VALUES (132, 154, 8, 2, '2026-03-12', '2026-05-27', NULL, NULL, 'Vencido');
INSERT INTO public.prestamo (id_prestamo, id_ejemplar, id_socio, id_empleado_prestamo, fecha_prestamo, fecha_limite, fecha_devolucion, id_empleado_devolucion, estado_prestamo) OVERRIDING SYSTEM VALUE VALUES (133, 25, 85, 3, '2024-02-01', '2024-02-16', '2024-02-15', 9, 'Devuelto');
INSERT INTO public.prestamo (id_prestamo, id_ejemplar, id_socio, id_empleado_prestamo, fecha_prestamo, fecha_limite, fecha_devolucion, id_empleado_devolucion, estado_prestamo) OVERRIDING SYSTEM VALUE VALUES (134, 53, 69, 7, '2026-02-26', '2026-04-11', NULL, NULL, 'Vencido');
INSERT INTO public.prestamo (id_prestamo, id_ejemplar, id_socio, id_empleado_prestamo, fecha_prestamo, fecha_limite, fecha_devolucion, id_empleado_devolucion, estado_prestamo) OVERRIDING SYSTEM VALUE VALUES (135, 196, 1, 15, '2026-04-13', '2026-05-28', NULL, NULL, 'Vencido');
INSERT INTO public.prestamo (id_prestamo, id_ejemplar, id_socio, id_empleado_prestamo, fecha_prestamo, fecha_limite, fecha_devolucion, id_empleado_devolucion, estado_prestamo) OVERRIDING SYSTEM VALUE VALUES (136, 262, 78, 5, '2026-02-01', '2026-04-25', NULL, NULL, 'Vencido');
INSERT INTO public.prestamo (id_prestamo, id_ejemplar, id_socio, id_empleado_prestamo, fecha_prestamo, fecha_limite, fecha_devolucion, id_empleado_devolucion, estado_prestamo) OVERRIDING SYSTEM VALUE VALUES (137, 288, 27, 10, '2026-04-18', '2026-05-02', NULL, NULL, 'Vencido');
INSERT INTO public.prestamo (id_prestamo, id_ejemplar, id_socio, id_empleado_prestamo, fecha_prestamo, fecha_limite, fecha_devolucion, id_empleado_devolucion, estado_prestamo) OVERRIDING SYSTEM VALUE VALUES (138, 92, 78, 7, '2026-02-04', '2026-06-01', NULL, 1, 'Vencido');
INSERT INTO public.prestamo (id_prestamo, id_ejemplar, id_socio, id_empleado_prestamo, fecha_prestamo, fecha_limite, fecha_devolucion, id_empleado_devolucion, estado_prestamo) OVERRIDING SYSTEM VALUE VALUES (139, 47, 31, 14, '2025-01-31', '2025-02-15', '2025-02-03', 11, 'Devuelto');
INSERT INTO public.prestamo (id_prestamo, id_ejemplar, id_socio, id_empleado_prestamo, fecha_prestamo, fecha_limite, fecha_devolucion, id_empleado_devolucion, estado_prestamo) OVERRIDING SYSTEM VALUE VALUES (140, 236, 8, 1, '2026-01-18', '2026-02-02', NULL, NULL, 'Vencido');
INSERT INTO public.prestamo (id_prestamo, id_ejemplar, id_socio, id_empleado_prestamo, fecha_prestamo, fecha_limite, fecha_devolucion, id_empleado_devolucion, estado_prestamo) OVERRIDING SYSTEM VALUE VALUES (141, 28, 90, 11, '2026-03-13', '2026-03-28', NULL, NULL, 'Vencido');
INSERT INTO public.prestamo (id_prestamo, id_ejemplar, id_socio, id_empleado_prestamo, fecha_prestamo, fecha_limite, fecha_devolucion, id_empleado_devolucion, estado_prestamo) OVERRIDING SYSTEM VALUE VALUES (142, 37, 75, 7, '2026-04-29', '2026-05-13', NULL, NULL, 'Vencido');
INSERT INTO public.prestamo (id_prestamo, id_ejemplar, id_socio, id_empleado_prestamo, fecha_prestamo, fecha_limite, fecha_devolucion, id_empleado_devolucion, estado_prestamo) OVERRIDING SYSTEM VALUE VALUES (143, 92, 26, 8, '2024-06-30', '2024-07-15', '2024-07-14', 5, 'Devuelto');
INSERT INTO public.prestamo (id_prestamo, id_ejemplar, id_socio, id_empleado_prestamo, fecha_prestamo, fecha_limite, fecha_devolucion, id_empleado_devolucion, estado_prestamo) OVERRIDING SYSTEM VALUE VALUES (144, 230, 18, 15, '2026-04-17', '2026-05-01', NULL, NULL, 'Vencido');
INSERT INTO public.prestamo (id_prestamo, id_ejemplar, id_socio, id_empleado_prestamo, fecha_prestamo, fecha_limite, fecha_devolucion, id_empleado_devolucion, estado_prestamo) OVERRIDING SYSTEM VALUE VALUES (145, 48, 26, 15, '2026-02-16', '2026-03-31', NULL, NULL, 'Vencido');
INSERT INTO public.prestamo (id_prestamo, id_ejemplar, id_socio, id_empleado_prestamo, fecha_prestamo, fecha_limite, fecha_devolucion, id_empleado_devolucion, estado_prestamo) OVERRIDING SYSTEM VALUE VALUES (146, 287, 4, 5, '2025-02-03', '2025-02-18', '2025-02-15', 9, 'Devuelto');
INSERT INTO public.prestamo (id_prestamo, id_ejemplar, id_socio, id_empleado_prestamo, fecha_prestamo, fecha_limite, fecha_devolucion, id_empleado_devolucion, estado_prestamo) OVERRIDING SYSTEM VALUE VALUES (147, 66, 19, 9, '2026-02-03', '2026-03-18', NULL, NULL, 'Vencido');
INSERT INTO public.prestamo (id_prestamo, id_ejemplar, id_socio, id_empleado_prestamo, fecha_prestamo, fecha_limite, fecha_devolucion, id_empleado_devolucion, estado_prestamo) OVERRIDING SYSTEM VALUE VALUES (148, 273, 72, 4, '2026-02-01', '2026-04-16', NULL, NULL, 'Vencido');
INSERT INTO public.prestamo (id_prestamo, id_ejemplar, id_socio, id_empleado_prestamo, fecha_prestamo, fecha_limite, fecha_devolucion, id_empleado_devolucion, estado_prestamo) OVERRIDING SYSTEM VALUE VALUES (149, 204, 53, 14, '2026-02-17', '2026-05-02', NULL, NULL, 'Vencido');
INSERT INTO public.prestamo (id_prestamo, id_ejemplar, id_socio, id_empleado_prestamo, fecha_prestamo, fecha_limite, fecha_devolucion, id_empleado_devolucion, estado_prestamo) OVERRIDING SYSTEM VALUE VALUES (150, 159, 59, 1, '2026-02-01', '2026-02-16', NULL, NULL, 'Vencido');
INSERT INTO public.prestamo (id_prestamo, id_ejemplar, id_socio, id_empleado_prestamo, fecha_prestamo, fecha_limite, fecha_devolucion, id_empleado_devolucion, estado_prestamo) OVERRIDING SYSTEM VALUE VALUES (151, 21, 8, 14, '2026-03-28', '2026-04-13', NULL, NULL, 'Vencido');
INSERT INTO public.prestamo (id_prestamo, id_ejemplar, id_socio, id_empleado_prestamo, fecha_prestamo, fecha_limite, fecha_devolucion, id_empleado_devolucion, estado_prestamo) OVERRIDING SYSTEM VALUE VALUES (152, 289, 69, 7, '2025-02-03', '2025-02-18', '2025-02-16', 10, 'Devuelto');
INSERT INTO public.prestamo (id_prestamo, id_ejemplar, id_socio, id_empleado_prestamo, fecha_prestamo, fecha_limite, fecha_devolucion, id_empleado_devolucion, estado_prestamo) OVERRIDING SYSTEM VALUE VALUES (153, 252, 82, 6, '2026-04-11', '2026-04-26', NULL, NULL, 'Vencido');
INSERT INTO public.prestamo (id_prestamo, id_ejemplar, id_socio, id_empleado_prestamo, fecha_prestamo, fecha_limite, fecha_devolucion, id_empleado_devolucion, estado_prestamo) OVERRIDING SYSTEM VALUE VALUES (154, 247, 2, 1, '2026-02-19', '2026-03-05', NULL, NULL, 'Vencido');
INSERT INTO public.prestamo (id_prestamo, id_ejemplar, id_socio, id_empleado_prestamo, fecha_prestamo, fecha_limite, fecha_devolucion, id_empleado_devolucion, estado_prestamo) OVERRIDING SYSTEM VALUE VALUES (155, 75, 1, 15, '2026-02-24', '2026-04-08', NULL, NULL, 'Vencido');
INSERT INTO public.prestamo (id_prestamo, id_ejemplar, id_socio, id_empleado_prestamo, fecha_prestamo, fecha_limite, fecha_devolucion, id_empleado_devolucion, estado_prestamo) OVERRIDING SYSTEM VALUE VALUES (156, 281, 94, 11, '2026-02-07', '2026-03-22', NULL, NULL, 'Vencido');
INSERT INTO public.prestamo (id_prestamo, id_ejemplar, id_socio, id_empleado_prestamo, fecha_prestamo, fecha_limite, fecha_devolucion, id_empleado_devolucion, estado_prestamo) OVERRIDING SYSTEM VALUE VALUES (157, 17, 90, 7, '2026-04-30', '2026-05-15', NULL, NULL, 'Vencido');
INSERT INTO public.prestamo (id_prestamo, id_ejemplar, id_socio, id_empleado_prestamo, fecha_prestamo, fecha_limite, fecha_devolucion, id_empleado_devolucion, estado_prestamo) OVERRIDING SYSTEM VALUE VALUES (158, 154, 36, 10, '2026-03-22', '2026-04-06', NULL, NULL, 'Vencido');
INSERT INTO public.prestamo (id_prestamo, id_ejemplar, id_socio, id_empleado_prestamo, fecha_prestamo, fecha_limite, fecha_devolucion, id_empleado_devolucion, estado_prestamo) OVERRIDING SYSTEM VALUE VALUES (159, 64, 15, 2, '2026-02-20', '2026-04-04', NULL, NULL, 'Vencido');
INSERT INTO public.prestamo (id_prestamo, id_ejemplar, id_socio, id_empleado_prestamo, fecha_prestamo, fecha_limite, fecha_devolucion, id_empleado_devolucion, estado_prestamo) OVERRIDING SYSTEM VALUE VALUES (160, 204, 47, 10, '2026-03-22', '2026-05-06', NULL, NULL, 'Vencido');
INSERT INTO public.prestamo (id_prestamo, id_ejemplar, id_socio, id_empleado_prestamo, fecha_prestamo, fecha_limite, fecha_devolucion, id_empleado_devolucion, estado_prestamo) OVERRIDING SYSTEM VALUE VALUES (161, 38, 17, 14, '2026-04-23', '2026-05-07', NULL, NULL, 'Vencido');
INSERT INTO public.prestamo (id_prestamo, id_ejemplar, id_socio, id_empleado_prestamo, fecha_prestamo, fecha_limite, fecha_devolucion, id_empleado_devolucion, estado_prestamo) OVERRIDING SYSTEM VALUE VALUES (162, 43, 13, 1, '2026-03-11', '2026-03-26', NULL, 2, 'Vencido');
INSERT INTO public.prestamo (id_prestamo, id_ejemplar, id_socio, id_empleado_prestamo, fecha_prestamo, fecha_limite, fecha_devolucion, id_empleado_devolucion, estado_prestamo) OVERRIDING SYSTEM VALUE VALUES (163, 11, 4, 10, '2026-03-11', '2026-04-26', NULL, NULL, 'Vencido');
INSERT INTO public.prestamo (id_prestamo, id_ejemplar, id_socio, id_empleado_prestamo, fecha_prestamo, fecha_limite, fecha_devolucion, id_empleado_devolucion, estado_prestamo) OVERRIDING SYSTEM VALUE VALUES (164, 298, 37, 14, '2026-02-26', '2026-04-11', NULL, NULL, 'Vencido');
INSERT INTO public.prestamo (id_prestamo, id_ejemplar, id_socio, id_empleado_prestamo, fecha_prestamo, fecha_limite, fecha_devolucion, id_empleado_devolucion, estado_prestamo) OVERRIDING SYSTEM VALUE VALUES (165, 80, 92, 14, '2026-04-23', '2026-05-08', NULL, 1, 'Vencido');
INSERT INTO public.prestamo (id_prestamo, id_ejemplar, id_socio, id_empleado_prestamo, fecha_prestamo, fecha_limite, fecha_devolucion, id_empleado_devolucion, estado_prestamo) OVERRIDING SYSTEM VALUE VALUES (166, 254, 4, 4, '2026-01-17', '2026-02-01', NULL, 1, 'Vencido');
INSERT INTO public.prestamo (id_prestamo, id_ejemplar, id_socio, id_empleado_prestamo, fecha_prestamo, fecha_limite, fecha_devolucion, id_empleado_devolucion, estado_prestamo) OVERRIDING SYSTEM VALUE VALUES (167, 133, 56, 6, '2025-03-02', '2025-03-17', '2025-03-05', 14, 'Devuelto');
INSERT INTO public.prestamo (id_prestamo, id_ejemplar, id_socio, id_empleado_prestamo, fecha_prestamo, fecha_limite, fecha_devolucion, id_empleado_devolucion, estado_prestamo) OVERRIDING SYSTEM VALUE VALUES (168, 24, 52, 12, '2026-03-15', '2026-03-30', NULL, NULL, 'Vencido');
INSERT INTO public.prestamo (id_prestamo, id_ejemplar, id_socio, id_empleado_prestamo, fecha_prestamo, fecha_limite, fecha_devolucion, id_empleado_devolucion, estado_prestamo) OVERRIDING SYSTEM VALUE VALUES (169, 239, 62, 7, '2025-11-28', '2025-12-13', '2025-12-01', 10, 'Devuelto');
INSERT INTO public.prestamo (id_prestamo, id_ejemplar, id_socio, id_empleado_prestamo, fecha_prestamo, fecha_limite, fecha_devolucion, id_empleado_devolucion, estado_prestamo) OVERRIDING SYSTEM VALUE VALUES (170, 229, 56, 8, '2026-03-23', '2026-04-07', NULL, NULL, 'Vencido');
INSERT INTO public.prestamo (id_prestamo, id_ejemplar, id_socio, id_empleado_prestamo, fecha_prestamo, fecha_limite, fecha_devolucion, id_empleado_devolucion, estado_prestamo) OVERRIDING SYSTEM VALUE VALUES (171, 21, 67, 9, '2026-03-26', '2026-05-10', NULL, NULL, 'Vencido');
INSERT INTO public.prestamo (id_prestamo, id_ejemplar, id_socio, id_empleado_prestamo, fecha_prestamo, fecha_limite, fecha_devolucion, id_empleado_devolucion, estado_prestamo) OVERRIDING SYSTEM VALUE VALUES (172, 183, 69, 7, '2026-02-15', '2026-04-30', NULL, NULL, 'Vencido');
INSERT INTO public.prestamo (id_prestamo, id_ejemplar, id_socio, id_empleado_prestamo, fecha_prestamo, fecha_limite, fecha_devolucion, id_empleado_devolucion, estado_prestamo) OVERRIDING SYSTEM VALUE VALUES (173, 109, 29, 9, '2026-01-02', '2026-01-17', NULL, NULL, 'Vencido');
INSERT INTO public.prestamo (id_prestamo, id_ejemplar, id_socio, id_empleado_prestamo, fecha_prestamo, fecha_limite, fecha_devolucion, id_empleado_devolucion, estado_prestamo) OVERRIDING SYSTEM VALUE VALUES (174, 116, 79, 13, '2025-04-01', '2025-04-16', '2025-04-06', NULL, 'Devuelto');
INSERT INTO public.prestamo (id_prestamo, id_ejemplar, id_socio, id_empleado_prestamo, fecha_prestamo, fecha_limite, fecha_devolucion, id_empleado_devolucion, estado_prestamo) OVERRIDING SYSTEM VALUE VALUES (175, 277, 85, 11, '2026-04-16', '2026-04-30', NULL, NULL, 'Vencido');
INSERT INTO public.prestamo (id_prestamo, id_ejemplar, id_socio, id_empleado_prestamo, fecha_prestamo, fecha_limite, fecha_devolucion, id_empleado_devolucion, estado_prestamo) OVERRIDING SYSTEM VALUE VALUES (176, 132, 87, 10, '2026-04-15', '2026-04-30', NULL, NULL, 'Vencido');
INSERT INTO public.prestamo (id_prestamo, id_ejemplar, id_socio, id_empleado_prestamo, fecha_prestamo, fecha_limite, fecha_devolucion, id_empleado_devolucion, estado_prestamo) OVERRIDING SYSTEM VALUE VALUES (177, 219, 81, 12, '2026-04-27', '2026-05-12', NULL, NULL, 'Vencido');
INSERT INTO public.prestamo (id_prestamo, id_ejemplar, id_socio, id_empleado_prestamo, fecha_prestamo, fecha_limite, fecha_devolucion, id_empleado_devolucion, estado_prestamo) OVERRIDING SYSTEM VALUE VALUES (178, 238, 42, 3, '2026-01-20', '2026-02-05', NULL, NULL, 'Vencido');
INSERT INTO public.prestamo (id_prestamo, id_ejemplar, id_socio, id_empleado_prestamo, fecha_prestamo, fecha_limite, fecha_devolucion, id_empleado_devolucion, estado_prestamo) OVERRIDING SYSTEM VALUE VALUES (179, 231, 50, 9, '2026-01-19', '2026-02-03', NULL, NULL, 'Vencido');
INSERT INTO public.prestamo (id_prestamo, id_ejemplar, id_socio, id_empleado_prestamo, fecha_prestamo, fecha_limite, fecha_devolucion, id_empleado_devolucion, estado_prestamo) OVERRIDING SYSTEM VALUE VALUES (180, 22, 73, 10, '2025-08-15', '2025-08-30', '2025-08-21', 15, 'Devuelto');
INSERT INTO public.prestamo (id_prestamo, id_ejemplar, id_socio, id_empleado_prestamo, fecha_prestamo, fecha_limite, fecha_devolucion, id_empleado_devolucion, estado_prestamo) OVERRIDING SYSTEM VALUE VALUES (181, 181, 5, 10, '2024-08-22', '2024-09-06', '2024-09-02', 5, 'Devuelto');
INSERT INTO public.prestamo (id_prestamo, id_ejemplar, id_socio, id_empleado_prestamo, fecha_prestamo, fecha_limite, fecha_devolucion, id_empleado_devolucion, estado_prestamo) OVERRIDING SYSTEM VALUE VALUES (182, 170, 35, 9, '2026-02-09', '2026-02-24', NULL, NULL, 'Vencido');
INSERT INTO public.prestamo (id_prestamo, id_ejemplar, id_socio, id_empleado_prestamo, fecha_prestamo, fecha_limite, fecha_devolucion, id_empleado_devolucion, estado_prestamo) OVERRIDING SYSTEM VALUE VALUES (183, 248, 86, 7, '2026-02-09', '2026-02-24', NULL, NULL, 'Vencido');
INSERT INTO public.prestamo (id_prestamo, id_ejemplar, id_socio, id_empleado_prestamo, fecha_prestamo, fecha_limite, fecha_devolucion, id_empleado_devolucion, estado_prestamo) OVERRIDING SYSTEM VALUE VALUES (184, 208, 14, 11, '2026-01-14', '2026-04-29', NULL, NULL, 'Vencido');
INSERT INTO public.prestamo (id_prestamo, id_ejemplar, id_socio, id_empleado_prestamo, fecha_prestamo, fecha_limite, fecha_devolucion, id_empleado_devolucion, estado_prestamo) OVERRIDING SYSTEM VALUE VALUES (185, 118, 76, 12, '2026-02-02', '2026-03-17', NULL, NULL, 'Vencido');
INSERT INTO public.prestamo (id_prestamo, id_ejemplar, id_socio, id_empleado_prestamo, fecha_prestamo, fecha_limite, fecha_devolucion, id_empleado_devolucion, estado_prestamo) OVERRIDING SYSTEM VALUE VALUES (186, 172, 31, 7, '2024-07-08', '2024-07-23', '2024-07-17', NULL, 'Devuelto');
INSERT INTO public.prestamo (id_prestamo, id_ejemplar, id_socio, id_empleado_prestamo, fecha_prestamo, fecha_limite, fecha_devolucion, id_empleado_devolucion, estado_prestamo) OVERRIDING SYSTEM VALUE VALUES (187, 52, 18, 14, '2025-12-21', '2026-01-05', '2025-12-29', 3, 'Devuelto');
INSERT INTO public.prestamo (id_prestamo, id_ejemplar, id_socio, id_empleado_prestamo, fecha_prestamo, fecha_limite, fecha_devolucion, id_empleado_devolucion, estado_prestamo) OVERRIDING SYSTEM VALUE VALUES (188, 134, 25, 1, '2026-02-21', '2026-05-05', NULL, NULL, 'Vencido');
INSERT INTO public.prestamo (id_prestamo, id_ejemplar, id_socio, id_empleado_prestamo, fecha_prestamo, fecha_limite, fecha_devolucion, id_empleado_devolucion, estado_prestamo) OVERRIDING SYSTEM VALUE VALUES (189, 61, 58, 5, '2026-01-01', '2026-04-16', NULL, NULL, 'Vencido');
INSERT INTO public.prestamo (id_prestamo, id_ejemplar, id_socio, id_empleado_prestamo, fecha_prestamo, fecha_limite, fecha_devolucion, id_empleado_devolucion, estado_prestamo) OVERRIDING SYSTEM VALUE VALUES (190, 17, 50, 14, '2026-03-26', '2026-04-10', NULL, NULL, 'Vencido');
INSERT INTO public.prestamo (id_prestamo, id_ejemplar, id_socio, id_empleado_prestamo, fecha_prestamo, fecha_limite, fecha_devolucion, id_empleado_devolucion, estado_prestamo) OVERRIDING SYSTEM VALUE VALUES (191, 8, 4, 12, '2026-01-05', '2026-02-20', NULL, NULL, 'Vencido');
INSERT INTO public.prestamo (id_prestamo, id_ejemplar, id_socio, id_empleado_prestamo, fecha_prestamo, fecha_limite, fecha_devolucion, id_empleado_devolucion, estado_prestamo) OVERRIDING SYSTEM VALUE VALUES (192, 32, 49, 14, '2026-03-08', '2026-03-23', NULL, NULL, 'Vencido');
INSERT INTO public.prestamo (id_prestamo, id_ejemplar, id_socio, id_empleado_prestamo, fecha_prestamo, fecha_limite, fecha_devolucion, id_empleado_devolucion, estado_prestamo) OVERRIDING SYSTEM VALUE VALUES (193, 150, 41, 15, '2026-03-24', '2026-04-08', NULL, 10, 'Vencido');
INSERT INTO public.prestamo (id_prestamo, id_ejemplar, id_socio, id_empleado_prestamo, fecha_prestamo, fecha_limite, fecha_devolucion, id_empleado_devolucion, estado_prestamo) OVERRIDING SYSTEM VALUE VALUES (194, 205, 24, 8, '2026-02-24', '2026-04-09', NULL, NULL, 'Vencido');
INSERT INTO public.prestamo (id_prestamo, id_ejemplar, id_socio, id_empleado_prestamo, fecha_prestamo, fecha_limite, fecha_devolucion, id_empleado_devolucion, estado_prestamo) OVERRIDING SYSTEM VALUE VALUES (195, 47, 22, 9, '2024-04-17', '2024-05-02', '2024-04-18', 14, 'Devuelto');
INSERT INTO public.prestamo (id_prestamo, id_ejemplar, id_socio, id_empleado_prestamo, fecha_prestamo, fecha_limite, fecha_devolucion, id_empleado_devolucion, estado_prestamo) OVERRIDING SYSTEM VALUE VALUES (196, 207, 98, 7, '2026-02-08', '2026-02-23', NULL, NULL, 'Vencido');
INSERT INTO public.prestamo (id_prestamo, id_ejemplar, id_socio, id_empleado_prestamo, fecha_prestamo, fecha_limite, fecha_devolucion, id_empleado_devolucion, estado_prestamo) OVERRIDING SYSTEM VALUE VALUES (197, 85, 79, 12, '2026-03-17', '2026-04-02', NULL, NULL, 'Vencido');
INSERT INTO public.prestamo (id_prestamo, id_ejemplar, id_socio, id_empleado_prestamo, fecha_prestamo, fecha_limite, fecha_devolucion, id_empleado_devolucion, estado_prestamo) OVERRIDING SYSTEM VALUE VALUES (198, 64, 100, 9, '2026-02-02', '2026-02-17', NULL, NULL, 'Vencido');
INSERT INTO public.prestamo (id_prestamo, id_ejemplar, id_socio, id_empleado_prestamo, fecha_prestamo, fecha_limite, fecha_devolucion, id_empleado_devolucion, estado_prestamo) OVERRIDING SYSTEM VALUE VALUES (199, 282, 16, 4, '2026-01-19', '2026-02-03', NULL, NULL, 'Vencido');
INSERT INTO public.prestamo (id_prestamo, id_ejemplar, id_socio, id_empleado_prestamo, fecha_prestamo, fecha_limite, fecha_devolucion, id_empleado_devolucion, estado_prestamo) OVERRIDING SYSTEM VALUE VALUES (200, 283, 89, 15, '2026-03-22', '2026-05-06', NULL, 4, 'Vencido');
INSERT INTO public.prestamo (id_prestamo, id_ejemplar, id_socio, id_empleado_prestamo, fecha_prestamo, fecha_limite, fecha_devolucion, id_empleado_devolucion, estado_prestamo) OVERRIDING SYSTEM VALUE VALUES (201, 296, 82, 2, '2026-04-12', '2026-04-27', '2026-04-25', 15, 'Devuelto');
INSERT INTO public.prestamo (id_prestamo, id_ejemplar, id_socio, id_empleado_prestamo, fecha_prestamo, fecha_limite, fecha_devolucion, id_empleado_devolucion, estado_prestamo) OVERRIDING SYSTEM VALUE VALUES (202, 91, 58, 3, '2026-05-15', '2026-06-23', NULL, NULL, 'Prestado');
INSERT INTO public.prestamo (id_prestamo, id_ejemplar, id_socio, id_empleado_prestamo, fecha_prestamo, fecha_limite, fecha_devolucion, id_empleado_devolucion, estado_prestamo) OVERRIDING SYSTEM VALUE VALUES (203, 197, 9, 2, '2026-03-24', '2026-04-08', '2026-04-05', 14, 'Devuelto');
INSERT INTO public.prestamo (id_prestamo, id_ejemplar, id_socio, id_empleado_prestamo, fecha_prestamo, fecha_limite, fecha_devolucion, id_empleado_devolucion, estado_prestamo) OVERRIDING SYSTEM VALUE VALUES (204, 168, 58, 11, '2026-02-10', '2026-02-25', NULL, NULL, 'Vencido');
INSERT INTO public.prestamo (id_prestamo, id_ejemplar, id_socio, id_empleado_prestamo, fecha_prestamo, fecha_limite, fecha_devolucion, id_empleado_devolucion, estado_prestamo) OVERRIDING SYSTEM VALUE VALUES (205, 280, 58, 3, '2026-06-02', '2026-06-23', NULL, NULL, 'Prestado');
INSERT INTO public.prestamo (id_prestamo, id_ejemplar, id_socio, id_empleado_prestamo, fecha_prestamo, fecha_limite, fecha_devolucion, id_empleado_devolucion, estado_prestamo) OVERRIDING SYSTEM VALUE VALUES (206, 47, 65, 4, '2026-04-02', '2026-04-17', '2026-04-15', 4, 'Devuelto');
INSERT INTO public.prestamo (id_prestamo, id_ejemplar, id_socio, id_empleado_prestamo, fecha_prestamo, fecha_limite, fecha_devolucion, id_empleado_devolucion, estado_prestamo) OVERRIDING SYSTEM VALUE VALUES (207, 260, 44, 3, '2026-05-18', '2026-06-23', NULL, NULL, 'Prestado');
INSERT INTO public.prestamo (id_prestamo, id_ejemplar, id_socio, id_empleado_prestamo, fecha_prestamo, fecha_limite, fecha_devolucion, id_empleado_devolucion, estado_prestamo) OVERRIDING SYSTEM VALUE VALUES (208, 147, 22, 5, '2026-03-21', '2026-04-05', '2026-04-03', 2, 'Devuelto');
INSERT INTO public.prestamo (id_prestamo, id_ejemplar, id_socio, id_empleado_prestamo, fecha_prestamo, fecha_limite, fecha_devolucion, id_empleado_devolucion, estado_prestamo) OVERRIDING SYSTEM VALUE VALUES (209, 37, 21, 10, '2026-05-08', '2026-05-23', '2026-05-20', 15, 'Devuelto');
INSERT INTO public.prestamo (id_prestamo, id_ejemplar, id_socio, id_empleado_prestamo, fecha_prestamo, fecha_limite, fecha_devolucion, id_empleado_devolucion, estado_prestamo) OVERRIDING SYSTEM VALUE VALUES (210, 99, 16, 2, '2026-06-01', '2026-06-23', NULL, NULL, 'Prestado');
INSERT INTO public.prestamo (id_prestamo, id_ejemplar, id_socio, id_empleado_prestamo, fecha_prestamo, fecha_limite, fecha_devolucion, id_empleado_devolucion, estado_prestamo) OVERRIDING SYSTEM VALUE VALUES (211, 25, 38, 8, '2026-04-11', '2026-04-26', '2026-04-22', 8, 'Devuelto');
INSERT INTO public.prestamo (id_prestamo, id_ejemplar, id_socio, id_empleado_prestamo, fecha_prestamo, fecha_limite, fecha_devolucion, id_empleado_devolucion, estado_prestamo) OVERRIDING SYSTEM VALUE VALUES (212, 187, 14, 6, '2026-03-10', '2026-03-25', '2026-03-22', 6, 'Devuelto');
INSERT INTO public.prestamo (id_prestamo, id_ejemplar, id_socio, id_empleado_prestamo, fecha_prestamo, fecha_limite, fecha_devolucion, id_empleado_devolucion, estado_prestamo) OVERRIDING SYSTEM VALUE VALUES (213, 193, 63, 4, '2026-05-16', '2026-06-23', NULL, NULL, 'Prestado');
INSERT INTO public.prestamo (id_prestamo, id_ejemplar, id_socio, id_empleado_prestamo, fecha_prestamo, fecha_limite, fecha_devolucion, id_empleado_devolucion, estado_prestamo) OVERRIDING SYSTEM VALUE VALUES (214, 9, 14, 4, '2026-04-01', '2026-04-16', '2026-04-14', 4, 'Devuelto');
INSERT INTO public.prestamo (id_prestamo, id_ejemplar, id_socio, id_empleado_prestamo, fecha_prestamo, fecha_limite, fecha_devolucion, id_empleado_devolucion, estado_prestamo) OVERRIDING SYSTEM VALUE VALUES (215, 81, 98, 7, '2026-05-06', '2026-05-21', '2026-05-19', 12, 'Devuelto');
INSERT INTO public.prestamo (id_prestamo, id_ejemplar, id_socio, id_empleado_prestamo, fecha_prestamo, fecha_limite, fecha_devolucion, id_empleado_devolucion, estado_prestamo) OVERRIDING SYSTEM VALUE VALUES (216, 122, 5, 2, '2026-01-15', '2026-01-30', NULL, NULL, 'Vencido');
INSERT INTO public.prestamo (id_prestamo, id_ejemplar, id_socio, id_empleado_prestamo, fecha_prestamo, fecha_limite, fecha_devolucion, id_empleado_devolucion, estado_prestamo) OVERRIDING SYSTEM VALUE VALUES (217, 278, 34, 2, '2026-05-27', '2026-06-11', '2026-06-10', 9, 'Devuelto');
INSERT INTO public.prestamo (id_prestamo, id_ejemplar, id_socio, id_empleado_prestamo, fecha_prestamo, fecha_limite, fecha_devolucion, id_empleado_devolucion, estado_prestamo) OVERRIDING SYSTEM VALUE VALUES (218, 87, 46, 3, '2026-04-21', '2026-05-06', '2026-05-03', 6, 'Devuelto');
INSERT INTO public.prestamo (id_prestamo, id_ejemplar, id_socio, id_empleado_prestamo, fecha_prestamo, fecha_limite, fecha_devolucion, id_empleado_devolucion, estado_prestamo) OVERRIDING SYSTEM VALUE VALUES (219, 115, 46, 5, '2026-05-22', '2026-06-06', '2026-06-03', 6, 'Devuelto');
INSERT INTO public.prestamo (id_prestamo, id_ejemplar, id_socio, id_empleado_prestamo, fecha_prestamo, fecha_limite, fecha_devolucion, id_empleado_devolucion, estado_prestamo) OVERRIDING SYSTEM VALUE VALUES (220, 194, 86, 8, '2026-06-10', '2026-06-25', NULL, NULL, 'Prestado');
INSERT INTO public.prestamo (id_prestamo, id_ejemplar, id_socio, id_empleado_prestamo, fecha_prestamo, fecha_limite, fecha_devolucion, id_empleado_devolucion, estado_prestamo) OVERRIDING SYSTEM VALUE VALUES (221, 294, 38, 10, '2026-03-04', '2026-03-19', '2026-03-18', 10, 'Devuelto');
INSERT INTO public.prestamo (id_prestamo, id_ejemplar, id_socio, id_empleado_prestamo, fecha_prestamo, fecha_limite, fecha_devolucion, id_empleado_devolucion, estado_prestamo) OVERRIDING SYSTEM VALUE VALUES (222, 279, 48, 8, '2026-05-26', '2026-06-23', NULL, NULL, 'Prestado');
INSERT INTO public.prestamo (id_prestamo, id_ejemplar, id_socio, id_empleado_prestamo, fecha_prestamo, fecha_limite, fecha_devolucion, id_empleado_devolucion, estado_prestamo) OVERRIDING SYSTEM VALUE VALUES (223, 117, 96, 1, '2026-04-01', '2026-04-16', '2026-04-12', 1, 'Devuelto');
INSERT INTO public.prestamo (id_prestamo, id_ejemplar, id_socio, id_empleado_prestamo, fecha_prestamo, fecha_limite, fecha_devolucion, id_empleado_devolucion, estado_prestamo) OVERRIDING SYSTEM VALUE VALUES (224, 166, 19, 6, '2026-05-02', '2026-05-17', '2026-05-09', 14, 'Devuelto');
INSERT INTO public.prestamo (id_prestamo, id_ejemplar, id_socio, id_empleado_prestamo, fecha_prestamo, fecha_limite, fecha_devolucion, id_empleado_devolucion, estado_prestamo) OVERRIDING SYSTEM VALUE VALUES (225, 16, 55, 2, '2026-06-05', '2026-06-20', NULL, NULL, 'Prestado');
INSERT INTO public.prestamo (id_prestamo, id_ejemplar, id_socio, id_empleado_prestamo, fecha_prestamo, fecha_limite, fecha_devolucion, id_empleado_devolucion, estado_prestamo) OVERRIDING SYSTEM VALUE VALUES (226, 214, 46, 7, '2026-05-13', '2026-05-28', '2026-05-26', 7, 'Devuelto');
INSERT INTO public.prestamo (id_prestamo, id_ejemplar, id_socio, id_empleado_prestamo, fecha_prestamo, fecha_limite, fecha_devolucion, id_empleado_devolucion, estado_prestamo) OVERRIDING SYSTEM VALUE VALUES (227, 103, 52, 1, '2026-03-22', '2026-04-06', '2026-04-01', 1, 'Devuelto');
INSERT INTO public.prestamo (id_prestamo, id_ejemplar, id_socio, id_empleado_prestamo, fecha_prestamo, fecha_limite, fecha_devolucion, id_empleado_devolucion, estado_prestamo) OVERRIDING SYSTEM VALUE VALUES (228, 38, 26, 7, '2026-06-12', '2026-06-27', NULL, NULL, 'Prestado');
INSERT INTO public.prestamo (id_prestamo, id_ejemplar, id_socio, id_empleado_prestamo, fecha_prestamo, fecha_limite, fecha_devolucion, id_empleado_devolucion, estado_prestamo) OVERRIDING SYSTEM VALUE VALUES (229, 71, 60, 15, '2026-04-10', '2026-04-25', '2026-04-15', 11, 'Devuelto');
INSERT INTO public.prestamo (id_prestamo, id_ejemplar, id_socio, id_empleado_prestamo, fecha_prestamo, fecha_limite, fecha_devolucion, id_empleado_devolucion, estado_prestamo) OVERRIDING SYSTEM VALUE VALUES (230, 139, 39, 9, '2026-04-01', '2026-04-16', '2026-04-15', 6, 'Devuelto');
INSERT INTO public.prestamo (id_prestamo, id_ejemplar, id_socio, id_empleado_prestamo, fecha_prestamo, fecha_limite, fecha_devolucion, id_empleado_devolucion, estado_prestamo) OVERRIDING SYSTEM VALUE VALUES (231, 7, 34, 3, '2026-05-01', '2026-05-16', '2026-05-12', 3, 'Devuelto');
INSERT INTO public.prestamo (id_prestamo, id_ejemplar, id_socio, id_empleado_prestamo, fecha_prestamo, fecha_limite, fecha_devolucion, id_empleado_devolucion, estado_prestamo) OVERRIDING SYSTEM VALUE VALUES (232, 97, 90, 4, '2026-06-03', '2026-06-18', NULL, NULL, 'Prestado');
INSERT INTO public.prestamo (id_prestamo, id_ejemplar, id_socio, id_empleado_prestamo, fecha_prestamo, fecha_limite, fecha_devolucion, id_empleado_devolucion, estado_prestamo) OVERRIDING SYSTEM VALUE VALUES (233, 152, 5, 7, '2026-05-23', '2026-06-07', '2026-06-05', 7, 'Devuelto');
INSERT INTO public.prestamo (id_prestamo, id_ejemplar, id_socio, id_empleado_prestamo, fecha_prestamo, fecha_limite, fecha_devolucion, id_empleado_devolucion, estado_prestamo) OVERRIDING SYSTEM VALUE VALUES (234, 74, 13, 11, '2026-05-26', '2026-06-10', '2026-06-04', 13, 'Devuelto');
INSERT INTO public.prestamo (id_prestamo, id_ejemplar, id_socio, id_empleado_prestamo, fecha_prestamo, fecha_limite, fecha_devolucion, id_empleado_devolucion, estado_prestamo) OVERRIDING SYSTEM VALUE VALUES (235, 196, 27, 6, '2026-06-15', '2026-06-30', NULL, NULL, 'Prestado');
INSERT INTO public.prestamo (id_prestamo, id_ejemplar, id_socio, id_empleado_prestamo, fecha_prestamo, fecha_limite, fecha_devolucion, id_empleado_devolucion, estado_prestamo) OVERRIDING SYSTEM VALUE VALUES (236, 103, 15, 6, '2026-05-28', '2026-06-12', '2026-06-11', 7, 'Devuelto');
INSERT INTO public.prestamo (id_prestamo, id_ejemplar, id_socio, id_empleado_prestamo, fecha_prestamo, fecha_limite, fecha_devolucion, id_empleado_devolucion, estado_prestamo) OVERRIDING SYSTEM VALUE VALUES (237, 109, 62, 4, '2026-05-07', '2026-05-22', '2026-05-20', 4, 'Devuelto');
INSERT INTO public.prestamo (id_prestamo, id_ejemplar, id_socio, id_empleado_prestamo, fecha_prestamo, fecha_limite, fecha_devolucion, id_empleado_devolucion, estado_prestamo) OVERRIDING SYSTEM VALUE VALUES (238, 174, 36, 5, '2026-05-14', '2026-05-29', '2026-05-27', 5, 'Devuelto');
INSERT INTO public.prestamo (id_prestamo, id_ejemplar, id_socio, id_empleado_prestamo, fecha_prestamo, fecha_limite, fecha_devolucion, id_empleado_devolucion, estado_prestamo) OVERRIDING SYSTEM VALUE VALUES (239, 72, 74, 7, '2026-06-11', '2026-06-26', NULL, NULL, 'Prestado');
INSERT INTO public.prestamo (id_prestamo, id_ejemplar, id_socio, id_empleado_prestamo, fecha_prestamo, fecha_limite, fecha_devolucion, id_empleado_devolucion, estado_prestamo) OVERRIDING SYSTEM VALUE VALUES (240, 108, 1, 3, '2026-04-30', '2026-05-14', '2026-05-05', 10, 'Devuelto');
INSERT INTO public.prestamo (id_prestamo, id_ejemplar, id_socio, id_empleado_prestamo, fecha_prestamo, fecha_limite, fecha_devolucion, id_empleado_devolucion, estado_prestamo) OVERRIDING SYSTEM VALUE VALUES (241, 61, 4, 5, '2026-05-13', '2026-05-28', '2026-05-26', 5, 'Devuelto');
INSERT INTO public.prestamo (id_prestamo, id_ejemplar, id_socio, id_empleado_prestamo, fecha_prestamo, fecha_limite, fecha_devolucion, id_empleado_devolucion, estado_prestamo) OVERRIDING SYSTEM VALUE VALUES (242, 230, 100, 9, '2026-06-02', '2026-06-17', '2026-06-16', 9, 'Devuelto');
INSERT INTO public.prestamo (id_prestamo, id_ejemplar, id_socio, id_empleado_prestamo, fecha_prestamo, fecha_limite, fecha_devolucion, id_empleado_devolucion, estado_prestamo) OVERRIDING SYSTEM VALUE VALUES (243, 274, 38, 1, '2026-05-19', '2026-06-03', '2026-06-01', 1, 'Devuelto');
INSERT INTO public.prestamo (id_prestamo, id_ejemplar, id_socio, id_empleado_prestamo, fecha_prestamo, fecha_limite, fecha_devolucion, id_empleado_devolucion, estado_prestamo) OVERRIDING SYSTEM VALUE VALUES (244, 123, 20, 6, '2026-06-12', '2026-06-27', NULL, NULL, 'Prestado');
INSERT INTO public.prestamo (id_prestamo, id_ejemplar, id_socio, id_empleado_prestamo, fecha_prestamo, fecha_limite, fecha_devolucion, id_empleado_devolucion, estado_prestamo) OVERRIDING SYSTEM VALUE VALUES (245, 112, 79, 13, '2026-05-28', '2026-06-12', '2026-06-10', 13, 'Devuelto');
INSERT INTO public.prestamo (id_prestamo, id_ejemplar, id_socio, id_empleado_prestamo, fecha_prestamo, fecha_limite, fecha_devolucion, id_empleado_devolucion, estado_prestamo) OVERRIDING SYSTEM VALUE VALUES (246, 280, 21, 3, '2026-05-24', '2026-06-08', '2026-06-06', 3, 'Devuelto');
INSERT INTO public.prestamo (id_prestamo, id_ejemplar, id_socio, id_empleado_prestamo, fecha_prestamo, fecha_limite, fecha_devolucion, id_empleado_devolucion, estado_prestamo) OVERRIDING SYSTEM VALUE VALUES (247, 80, 74, 10, '2026-06-14', '2026-06-29', NULL, NULL, 'Prestado');
INSERT INTO public.prestamo (id_prestamo, id_ejemplar, id_socio, id_empleado_prestamo, fecha_prestamo, fecha_limite, fecha_devolucion, id_empleado_devolucion, estado_prestamo) OVERRIDING SYSTEM VALUE VALUES (248, 277, 52, 9, '2026-04-09', '2026-04-24', '2026-04-22', 9, 'Devuelto');
INSERT INTO public.prestamo (id_prestamo, id_ejemplar, id_socio, id_empleado_prestamo, fecha_prestamo, fecha_limite, fecha_devolucion, id_empleado_devolucion, estado_prestamo) OVERRIDING SYSTEM VALUE VALUES (249, 181, 48, 14, '2026-05-26', '2026-06-10', '2026-06-08', 14, 'Devuelto');
INSERT INTO public.prestamo (id_prestamo, id_ejemplar, id_socio, id_empleado_prestamo, fecha_prestamo, fecha_limite, fecha_devolucion, id_empleado_devolucion, estado_prestamo) OVERRIDING SYSTEM VALUE VALUES (250, 147, 4, 14, '2026-01-30', '2026-02-14', NULL, NULL, 'Vencido');
INSERT INTO public.prestamo (id_prestamo, id_ejemplar, id_socio, id_empleado_prestamo, fecha_prestamo, fecha_limite, fecha_devolucion, id_empleado_devolucion, estado_prestamo) OVERRIDING SYSTEM VALUE VALUES (251, 2, 49, 2, '2026-05-27', '2026-06-11', '2026-06-09', 2, 'Devuelto');
INSERT INTO public.prestamo (id_prestamo, id_ejemplar, id_socio, id_empleado_prestamo, fecha_prestamo, fecha_limite, fecha_devolucion, id_empleado_devolucion, estado_prestamo) OVERRIDING SYSTEM VALUE VALUES (252, 264, 40, 11, '2026-06-14', '2026-06-29', NULL, NULL, 'Prestado');
INSERT INTO public.prestamo (id_prestamo, id_ejemplar, id_socio, id_empleado_prestamo, fecha_prestamo, fecha_limite, fecha_devolucion, id_empleado_devolucion, estado_prestamo) OVERRIDING SYSTEM VALUE VALUES (253, 168, 58, 4, '2026-06-07', '2026-06-22', '2026-06-21', 8, 'Devuelto');
INSERT INTO public.prestamo (id_prestamo, id_ejemplar, id_socio, id_empleado_prestamo, fecha_prestamo, fecha_limite, fecha_devolucion, id_empleado_devolucion, estado_prestamo) OVERRIDING SYSTEM VALUE VALUES (254, 28, 42, 14, '2026-05-19', '2026-06-03', '2026-06-02', 11, 'Devuelto');
INSERT INTO public.prestamo (id_prestamo, id_ejemplar, id_socio, id_empleado_prestamo, fecha_prestamo, fecha_limite, fecha_devolucion, id_empleado_devolucion, estado_prestamo) OVERRIDING SYSTEM VALUE VALUES (255, 212, 93, 1, '2026-04-18', '2026-05-03', '2026-05-01', 6, 'Devuelto');
INSERT INTO public.prestamo (id_prestamo, id_ejemplar, id_socio, id_empleado_prestamo, fecha_prestamo, fecha_limite, fecha_devolucion, id_empleado_devolucion, estado_prestamo) OVERRIDING SYSTEM VALUE VALUES (256, 80, 34, 13, '2026-05-22', '2026-06-06', '2026-06-04', 13, 'Devuelto');
INSERT INTO public.prestamo (id_prestamo, id_ejemplar, id_socio, id_empleado_prestamo, fecha_prestamo, fecha_limite, fecha_devolucion, id_empleado_devolucion, estado_prestamo) OVERRIDING SYSTEM VALUE VALUES (257, 114, 5, 15, '2026-05-27', '2026-06-11', '2026-05-30', 6, 'Devuelto');
INSERT INTO public.prestamo (id_prestamo, id_ejemplar, id_socio, id_empleado_prestamo, fecha_prestamo, fecha_limite, fecha_devolucion, id_empleado_devolucion, estado_prestamo) OVERRIDING SYSTEM VALUE VALUES (258, 263, 85, 14, '2026-06-01', '2026-06-16', '2026-06-03', 4, 'Devuelto');
INSERT INTO public.prestamo (id_prestamo, id_ejemplar, id_socio, id_empleado_prestamo, fecha_prestamo, fecha_limite, fecha_devolucion, id_empleado_devolucion, estado_prestamo) OVERRIDING SYSTEM VALUE VALUES (259, 245, 38, 12, '2026-05-11', '2026-05-26', '2026-05-24', 12, 'Devuelto');
INSERT INTO public.prestamo (id_prestamo, id_ejemplar, id_socio, id_empleado_prestamo, fecha_prestamo, fecha_limite, fecha_devolucion, id_empleado_devolucion, estado_prestamo) OVERRIDING SYSTEM VALUE VALUES (260, 201, 13, 2, '2026-05-03', '2026-05-18', '2026-05-15', 2, 'Devuelto');
INSERT INTO public.prestamo (id_prestamo, id_ejemplar, id_socio, id_empleado_prestamo, fecha_prestamo, fecha_limite, fecha_devolucion, id_empleado_devolucion, estado_prestamo) OVERRIDING SYSTEM VALUE VALUES (261, 227, 57, 6, '2026-04-02', '2026-04-17', '2026-04-14', 6, 'Devuelto');
INSERT INTO public.prestamo (id_prestamo, id_ejemplar, id_socio, id_empleado_prestamo, fecha_prestamo, fecha_limite, fecha_devolucion, id_empleado_devolucion, estado_prestamo) OVERRIDING SYSTEM VALUE VALUES (262, 28, 34, 14, '2026-05-14', '2026-05-29', '2026-05-27', 14, 'Devuelto');
INSERT INTO public.prestamo (id_prestamo, id_ejemplar, id_socio, id_empleado_prestamo, fecha_prestamo, fecha_limite, fecha_devolucion, id_empleado_devolucion, estado_prestamo) OVERRIDING SYSTEM VALUE VALUES (263, 226, 42, 8, '2026-03-23', '2026-04-07', '2026-03-25', 6, 'Devuelto');
INSERT INTO public.prestamo (id_prestamo, id_ejemplar, id_socio, id_empleado_prestamo, fecha_prestamo, fecha_limite, fecha_devolucion, id_empleado_devolucion, estado_prestamo) OVERRIDING SYSTEM VALUE VALUES (264, 192, 6, 2, '2026-05-03', '2026-05-18', '2026-05-16', 2, 'Devuelto');
INSERT INTO public.prestamo (id_prestamo, id_ejemplar, id_socio, id_empleado_prestamo, fecha_prestamo, fecha_limite, fecha_devolucion, id_empleado_devolucion, estado_prestamo) OVERRIDING SYSTEM VALUE VALUES (265, 8, 8, 11, '2026-04-25', '2026-05-10', '2026-05-08', 11, 'Devuelto');
INSERT INTO public.prestamo (id_prestamo, id_ejemplar, id_socio, id_empleado_prestamo, fecha_prestamo, fecha_limite, fecha_devolucion, id_empleado_devolucion, estado_prestamo) OVERRIDING SYSTEM VALUE VALUES (266, 8, 94, 6, '2026-06-02', '2026-06-17', NULL, NULL, 'Prestado');
INSERT INTO public.prestamo (id_prestamo, id_ejemplar, id_socio, id_empleado_prestamo, fecha_prestamo, fecha_limite, fecha_devolucion, id_empleado_devolucion, estado_prestamo) OVERRIDING SYSTEM VALUE VALUES (267, 164, 86, 4, '2026-05-04', '2026-05-19', '2026-05-17', 4, 'Devuelto');
INSERT INTO public.prestamo (id_prestamo, id_ejemplar, id_socio, id_empleado_prestamo, fecha_prestamo, fecha_limite, fecha_devolucion, id_empleado_devolucion, estado_prestamo) OVERRIDING SYSTEM VALUE VALUES (268, 20, 64, 9, '2026-05-30', '2026-06-14', '2026-06-12', 9, 'Devuelto');
INSERT INTO public.prestamo (id_prestamo, id_ejemplar, id_socio, id_empleado_prestamo, fecha_prestamo, fecha_limite, fecha_devolucion, id_empleado_devolucion, estado_prestamo) OVERRIDING SYSTEM VALUE VALUES (269, 54, 68, 3, '2026-05-06', '2026-05-21', '2026-05-17', 7, 'Devuelto');
INSERT INTO public.prestamo (id_prestamo, id_ejemplar, id_socio, id_empleado_prestamo, fecha_prestamo, fecha_limite, fecha_devolucion, id_empleado_devolucion, estado_prestamo) OVERRIDING SYSTEM VALUE VALUES (270, 153, 32, 9, '2026-05-16', '2026-05-31', '2026-05-29', 9, 'Devuelto');
INSERT INTO public.prestamo (id_prestamo, id_ejemplar, id_socio, id_empleado_prestamo, fecha_prestamo, fecha_limite, fecha_devolucion, id_empleado_devolucion, estado_prestamo) OVERRIDING SYSTEM VALUE VALUES (271, 137, 13, 1, '2026-02-24', '2026-03-10', NULL, NULL, 'Vencido');
INSERT INTO public.prestamo (id_prestamo, id_ejemplar, id_socio, id_empleado_prestamo, fecha_prestamo, fecha_limite, fecha_devolucion, id_empleado_devolucion, estado_prestamo) OVERRIDING SYSTEM VALUE VALUES (272, 13, 75, 13, '2026-05-16', '2026-05-31', '2026-05-30', 11, 'Devuelto');
INSERT INTO public.prestamo (id_prestamo, id_ejemplar, id_socio, id_empleado_prestamo, fecha_prestamo, fecha_limite, fecha_devolucion, id_empleado_devolucion, estado_prestamo) OVERRIDING SYSTEM VALUE VALUES (273, 121, 68, 1, '2026-05-11', '2026-05-26', '2026-05-15', 5, 'Devuelto');
INSERT INTO public.prestamo (id_prestamo, id_ejemplar, id_socio, id_empleado_prestamo, fecha_prestamo, fecha_limite, fecha_devolucion, id_empleado_devolucion, estado_prestamo) OVERRIDING SYSTEM VALUE VALUES (274, 277, 72, 8, '2026-05-23', '2026-06-07', '2026-06-05', 8, 'Devuelto');
INSERT INTO public.prestamo (id_prestamo, id_ejemplar, id_socio, id_empleado_prestamo, fecha_prestamo, fecha_limite, fecha_devolucion, id_empleado_devolucion, estado_prestamo) OVERRIDING SYSTEM VALUE VALUES (275, 69, 41, 1, '2026-05-03', '2026-05-18', '2026-05-16', 1, 'Devuelto');
INSERT INTO public.prestamo (id_prestamo, id_ejemplar, id_socio, id_empleado_prestamo, fecha_prestamo, fecha_limite, fecha_devolucion, id_empleado_devolucion, estado_prestamo) OVERRIDING SYSTEM VALUE VALUES (276, 205, 96, 4, '2026-04-23', '2026-05-08', '2026-05-06', 4, 'Devuelto');
INSERT INTO public.prestamo (id_prestamo, id_ejemplar, id_socio, id_empleado_prestamo, fecha_prestamo, fecha_limite, fecha_devolucion, id_empleado_devolucion, estado_prestamo) OVERRIDING SYSTEM VALUE VALUES (277, 91, 14, 6, '2026-04-08', '2026-04-23', '2026-04-21', 6, 'Devuelto');
INSERT INTO public.prestamo (id_prestamo, id_ejemplar, id_socio, id_empleado_prestamo, fecha_prestamo, fecha_limite, fecha_devolucion, id_empleado_devolucion, estado_prestamo) OVERRIDING SYSTEM VALUE VALUES (278, 125, 94, 9, '2026-05-19', '2026-06-03', '2026-06-01', 9, 'Devuelto');
INSERT INTO public.prestamo (id_prestamo, id_ejemplar, id_socio, id_empleado_prestamo, fecha_prestamo, fecha_limite, fecha_devolucion, id_empleado_devolucion, estado_prestamo) OVERRIDING SYSTEM VALUE VALUES (279, 8, 72, 14, '2026-05-05', '2026-05-20', '2026-05-18', 14, 'Devuelto');
INSERT INTO public.prestamo (id_prestamo, id_ejemplar, id_socio, id_empleado_prestamo, fecha_prestamo, fecha_limite, fecha_devolucion, id_empleado_devolucion, estado_prestamo) OVERRIDING SYSTEM VALUE VALUES (280, 169, 82, 14, '2026-04-26', '2026-05-11', '2026-05-09', 14, 'Devuelto');
INSERT INTO public.prestamo (id_prestamo, id_ejemplar, id_socio, id_empleado_prestamo, fecha_prestamo, fecha_limite, fecha_devolucion, id_empleado_devolucion, estado_prestamo) OVERRIDING SYSTEM VALUE VALUES (281, 276, 14, 3, '2026-04-13', '2026-04-28', '2026-04-26', 3, 'Devuelto');
INSERT INTO public.prestamo (id_prestamo, id_ejemplar, id_socio, id_empleado_prestamo, fecha_prestamo, fecha_limite, fecha_devolucion, id_empleado_devolucion, estado_prestamo) OVERRIDING SYSTEM VALUE VALUES (282, 85, 84, 8, '2026-05-15', '2026-05-30', '2026-05-26', 12, 'Devuelto');
INSERT INTO public.prestamo (id_prestamo, id_ejemplar, id_socio, id_empleado_prestamo, fecha_prestamo, fecha_limite, fecha_devolucion, id_empleado_devolucion, estado_prestamo) OVERRIDING SYSTEM VALUE VALUES (283, 84, 95, 5, '2026-05-10', '2026-05-25', '2026-05-23', 5, 'Devuelto');
INSERT INTO public.prestamo (id_prestamo, id_ejemplar, id_socio, id_empleado_prestamo, fecha_prestamo, fecha_limite, fecha_devolucion, id_empleado_devolucion, estado_prestamo) OVERRIDING SYSTEM VALUE VALUES (284, 255, 87, 5, '2026-04-25', '2026-05-09', '2026-05-07', 5, 'Devuelto');
INSERT INTO public.prestamo (id_prestamo, id_ejemplar, id_socio, id_empleado_prestamo, fecha_prestamo, fecha_limite, fecha_devolucion, id_empleado_devolucion, estado_prestamo) OVERRIDING SYSTEM VALUE VALUES (285, 156, 35, 6, '2026-05-27', '2026-06-11', '2026-06-09', 6, 'Devuelto');
INSERT INTO public.prestamo (id_prestamo, id_ejemplar, id_socio, id_empleado_prestamo, fecha_prestamo, fecha_limite, fecha_devolucion, id_empleado_devolucion, estado_prestamo) OVERRIDING SYSTEM VALUE VALUES (286, 99, 84, 7, '2026-04-15', '2026-04-30', '2026-04-28', 7, 'Devuelto');
INSERT INTO public.prestamo (id_prestamo, id_ejemplar, id_socio, id_empleado_prestamo, fecha_prestamo, fecha_limite, fecha_devolucion, id_empleado_devolucion, estado_prestamo) OVERRIDING SYSTEM VALUE VALUES (287, 127, 41, 2, '2026-05-10', '2026-05-25', '2026-05-23', 2, 'Devuelto');
INSERT INTO public.prestamo (id_prestamo, id_ejemplar, id_socio, id_empleado_prestamo, fecha_prestamo, fecha_limite, fecha_devolucion, id_empleado_devolucion, estado_prestamo) OVERRIDING SYSTEM VALUE VALUES (288, 68, 40, 3, '2026-05-15', '2026-05-30', '2026-05-28', 3, 'Devuelto');
INSERT INTO public.prestamo (id_prestamo, id_ejemplar, id_socio, id_empleado_prestamo, fecha_prestamo, fecha_limite, fecha_devolucion, id_empleado_devolucion, estado_prestamo) OVERRIDING SYSTEM VALUE VALUES (289, 133, 61, 2, '2026-06-14', '2026-06-29', NULL, NULL, 'Prestado');
INSERT INTO public.prestamo (id_prestamo, id_ejemplar, id_socio, id_empleado_prestamo, fecha_prestamo, fecha_limite, fecha_devolucion, id_empleado_devolucion, estado_prestamo) OVERRIDING SYSTEM VALUE VALUES (290, 232, 17, 4, '2026-06-10', '2026-06-25', NULL, NULL, 'Prestado');
INSERT INTO public.prestamo (id_prestamo, id_ejemplar, id_socio, id_empleado_prestamo, fecha_prestamo, fecha_limite, fecha_devolucion, id_empleado_devolucion, estado_prestamo) OVERRIDING SYSTEM VALUE VALUES (291, 258, 42, 12, '2026-05-13', '2026-05-28', '2026-05-23', 15, 'Devuelto');
INSERT INTO public.prestamo (id_prestamo, id_ejemplar, id_socio, id_empleado_prestamo, fecha_prestamo, fecha_limite, fecha_devolucion, id_empleado_devolucion, estado_prestamo) OVERRIDING SYSTEM VALUE VALUES (292, 237, 10, 11, '2026-04-11', '2026-04-26', '2026-04-24', 4, 'Devuelto');
INSERT INTO public.prestamo (id_prestamo, id_ejemplar, id_socio, id_empleado_prestamo, fecha_prestamo, fecha_limite, fecha_devolucion, id_empleado_devolucion, estado_prestamo) OVERRIDING SYSTEM VALUE VALUES (293, 225, 63, 8, '2026-06-01', '2026-06-16', NULL, NULL, 'Prestado');
INSERT INTO public.prestamo (id_prestamo, id_ejemplar, id_socio, id_empleado_prestamo, fecha_prestamo, fecha_limite, fecha_devolucion, id_empleado_devolucion, estado_prestamo) OVERRIDING SYSTEM VALUE VALUES (294, 108, 31, 9, '2026-04-10', '2026-04-25', '2026-04-22', 9, 'Devuelto');
INSERT INTO public.prestamo (id_prestamo, id_ejemplar, id_socio, id_empleado_prestamo, fecha_prestamo, fecha_limite, fecha_devolucion, id_empleado_devolucion, estado_prestamo) OVERRIDING SYSTEM VALUE VALUES (295, 230, 66, 3, '2026-05-25', '2026-06-09', '2026-05-28', 10, 'Devuelto');
INSERT INTO public.prestamo (id_prestamo, id_ejemplar, id_socio, id_empleado_prestamo, fecha_prestamo, fecha_limite, fecha_devolucion, id_empleado_devolucion, estado_prestamo) OVERRIDING SYSTEM VALUE VALUES (296, 24, 76, 5, '2026-06-15', '2026-06-30', NULL, NULL, 'Prestado');
INSERT INTO public.prestamo (id_prestamo, id_ejemplar, id_socio, id_empleado_prestamo, fecha_prestamo, fecha_limite, fecha_devolucion, id_empleado_devolucion, estado_prestamo) OVERRIDING SYSTEM VALUE VALUES (297, 256, 53, 8, '2026-05-16', '2026-06-01', '2026-05-29', 8, 'Devuelto');
INSERT INTO public.prestamo (id_prestamo, id_ejemplar, id_socio, id_empleado_prestamo, fecha_prestamo, fecha_limite, fecha_devolucion, id_empleado_devolucion, estado_prestamo) OVERRIDING SYSTEM VALUE VALUES (298, 139, 40, 9, '2026-05-23', '2026-06-08', '2026-06-06', 4, 'Devuelto');
INSERT INTO public.prestamo (id_prestamo, id_ejemplar, id_socio, id_empleado_prestamo, fecha_prestamo, fecha_limite, fecha_devolucion, id_empleado_devolucion, estado_prestamo) OVERRIDING SYSTEM VALUE VALUES (299, 117, 54, 3, '2026-05-06', '2026-05-21', '2026-05-19', 3, 'Devuelto');
INSERT INTO public.prestamo (id_prestamo, id_ejemplar, id_socio, id_empleado_prestamo, fecha_prestamo, fecha_limite, fecha_devolucion, id_empleado_devolucion, estado_prestamo) OVERRIDING SYSTEM VALUE VALUES (300, 33, 82, 13, '2026-04-27', '2026-05-12', '2026-05-10', 13, 'Devuelto');
INSERT INTO public.prestamo (id_prestamo, id_ejemplar, id_socio, id_empleado_prestamo, fecha_prestamo, fecha_limite, fecha_devolucion, id_empleado_devolucion, estado_prestamo) OVERRIDING SYSTEM VALUE VALUES (301, 77, 74, 2, '2026-04-14', '2026-04-29', '2026-04-27', 2, 'Devuelto');
INSERT INTO public.prestamo (id_prestamo, id_ejemplar, id_socio, id_empleado_prestamo, fecha_prestamo, fecha_limite, fecha_devolucion, id_empleado_devolucion, estado_prestamo) OVERRIDING SYSTEM VALUE VALUES (302, 250, 46, 8, '2026-05-22', '2026-06-06', '2026-06-05', 10, 'Devuelto');
INSERT INTO public.prestamo (id_prestamo, id_ejemplar, id_socio, id_empleado_prestamo, fecha_prestamo, fecha_limite, fecha_devolucion, id_empleado_devolucion, estado_prestamo) OVERRIDING SYSTEM VALUE VALUES (303, 211, 63, 8, '2026-06-13', '2026-06-28', NULL, NULL, 'Prestado');
INSERT INTO public.prestamo (id_prestamo, id_ejemplar, id_socio, id_empleado_prestamo, fecha_prestamo, fecha_limite, fecha_devolucion, id_empleado_devolucion, estado_prestamo) OVERRIDING SYSTEM VALUE VALUES (304, 208, 70, 7, '2026-05-03', '2026-05-18', '2026-05-04', 8, 'Devuelto');
INSERT INTO public.prestamo (id_prestamo, id_ejemplar, id_socio, id_empleado_prestamo, fecha_prestamo, fecha_limite, fecha_devolucion, id_empleado_devolucion, estado_prestamo) OVERRIDING SYSTEM VALUE VALUES (305, 298, 42, 11, '2026-05-27', '2026-06-11', '2026-06-09', 11, 'Devuelto');
INSERT INTO public.prestamo (id_prestamo, id_ejemplar, id_socio, id_empleado_prestamo, fecha_prestamo, fecha_limite, fecha_devolucion, id_empleado_devolucion, estado_prestamo) OVERRIDING SYSTEM VALUE VALUES (306, 148, 33, 10, '2026-04-04', '2026-04-19', '2026-04-17', 10, 'Devuelto');
INSERT INTO public.prestamo (id_prestamo, id_ejemplar, id_socio, id_empleado_prestamo, fecha_prestamo, fecha_limite, fecha_devolucion, id_empleado_devolucion, estado_prestamo) OVERRIDING SYSTEM VALUE VALUES (307, 170, 82, 4, '2026-05-10', '2026-05-25', '2026-05-23', 4, 'Devuelto');
INSERT INTO public.prestamo (id_prestamo, id_ejemplar, id_socio, id_empleado_prestamo, fecha_prestamo, fecha_limite, fecha_devolucion, id_empleado_devolucion, estado_prestamo) OVERRIDING SYSTEM VALUE VALUES (308, 193, 88, 2, '2026-05-07', '2026-05-22', '2026-05-20', 2, 'Devuelto');
INSERT INTO public.prestamo (id_prestamo, id_ejemplar, id_socio, id_empleado_prestamo, fecha_prestamo, fecha_limite, fecha_devolucion, id_empleado_devolucion, estado_prestamo) OVERRIDING SYSTEM VALUE VALUES (309, 128, 41, 10, '2026-05-04', '2026-05-19', '2026-05-07', 6, 'Devuelto');
INSERT INTO public.prestamo (id_prestamo, id_ejemplar, id_socio, id_empleado_prestamo, fecha_prestamo, fecha_limite, fecha_devolucion, id_empleado_devolucion, estado_prestamo) OVERRIDING SYSTEM VALUE VALUES (310, 221, 20, 13, '2026-06-01', '2026-06-16', '2026-06-14', 13, 'Devuelto');
INSERT INTO public.prestamo (id_prestamo, id_ejemplar, id_socio, id_empleado_prestamo, fecha_prestamo, fecha_limite, fecha_devolucion, id_empleado_devolucion, estado_prestamo) OVERRIDING SYSTEM VALUE VALUES (311, 45, 62, 14, '2026-05-07', '2026-05-22', '2026-05-20', 14, 'Devuelto');
INSERT INTO public.prestamo (id_prestamo, id_ejemplar, id_socio, id_empleado_prestamo, fecha_prestamo, fecha_limite, fecha_devolucion, id_empleado_devolucion, estado_prestamo) OVERRIDING SYSTEM VALUE VALUES (312, 190, 97, 12, '2026-03-17', '2026-04-01', '2026-03-29', 12, 'Devuelto');
INSERT INTO public.prestamo (id_prestamo, id_ejemplar, id_socio, id_empleado_prestamo, fecha_prestamo, fecha_limite, fecha_devolucion, id_empleado_devolucion, estado_prestamo) OVERRIDING SYSTEM VALUE VALUES (313, 168, 21, 10, '2026-02-27', '2026-03-13', NULL, NULL, 'Vencido');
INSERT INTO public.prestamo (id_prestamo, id_ejemplar, id_socio, id_empleado_prestamo, fecha_prestamo, fecha_limite, fecha_devolucion, id_empleado_devolucion, estado_prestamo) OVERRIDING SYSTEM VALUE VALUES (314, 272, 48, 12, '2026-05-15', '2026-06-23', NULL, NULL, 'Prestado');
INSERT INTO public.prestamo (id_prestamo, id_ejemplar, id_socio, id_empleado_prestamo, fecha_prestamo, fecha_limite, fecha_devolucion, id_empleado_devolucion, estado_prestamo) OVERRIDING SYSTEM VALUE VALUES (315, 42, 19, 4, '2026-05-10', '2026-05-25', '2026-05-23', 4, 'Devuelto');
INSERT INTO public.prestamo (id_prestamo, id_ejemplar, id_socio, id_empleado_prestamo, fecha_prestamo, fecha_limite, fecha_devolucion, id_empleado_devolucion, estado_prestamo) OVERRIDING SYSTEM VALUE VALUES (316, 118, 55, 2, '2026-06-02', '2026-06-17', NULL, NULL, 'Prestado');
INSERT INTO public.prestamo (id_prestamo, id_ejemplar, id_socio, id_empleado_prestamo, fecha_prestamo, fecha_limite, fecha_devolucion, id_empleado_devolucion, estado_prestamo) OVERRIDING SYSTEM VALUE VALUES (317, 203, 88, 7, '2026-04-12', '2026-04-27', '2026-04-25', 7, 'Devuelto');
INSERT INTO public.prestamo (id_prestamo, id_ejemplar, id_socio, id_empleado_prestamo, fecha_prestamo, fecha_limite, fecha_devolucion, id_empleado_devolucion, estado_prestamo) OVERRIDING SYSTEM VALUE VALUES (318, 89, 41, 1, '2026-03-05', '2026-03-20', NULL, NULL, 'Vencido');
INSERT INTO public.prestamo (id_prestamo, id_ejemplar, id_socio, id_empleado_prestamo, fecha_prestamo, fecha_limite, fecha_devolucion, id_empleado_devolucion, estado_prestamo) OVERRIDING SYSTEM VALUE VALUES (319, 144, 23, 6, '2026-05-20', '2026-06-04', '2026-06-02', 6, 'Devuelto');
INSERT INTO public.prestamo (id_prestamo, id_ejemplar, id_socio, id_empleado_prestamo, fecha_prestamo, fecha_limite, fecha_devolucion, id_empleado_devolucion, estado_prestamo) OVERRIDING SYSTEM VALUE VALUES (320, 299, 12, 11, '2026-06-10', '2026-06-25', NULL, NULL, 'Prestado');
INSERT INTO public.prestamo (id_prestamo, id_ejemplar, id_socio, id_empleado_prestamo, fecha_prestamo, fecha_limite, fecha_devolucion, id_empleado_devolucion, estado_prestamo) OVERRIDING SYSTEM VALUE VALUES (321, 15, 67, 3, '2026-05-14', '2026-05-29', '2026-05-28', 9, 'Devuelto');
INSERT INTO public.prestamo (id_prestamo, id_ejemplar, id_socio, id_empleado_prestamo, fecha_prestamo, fecha_limite, fecha_devolucion, id_empleado_devolucion, estado_prestamo) OVERRIDING SYSTEM VALUE VALUES (322, 178, 34, 15, '2026-05-11', '2026-05-26', '2026-05-24', 15, 'Devuelto');
INSERT INTO public.prestamo (id_prestamo, id_ejemplar, id_socio, id_empleado_prestamo, fecha_prestamo, fecha_limite, fecha_devolucion, id_empleado_devolucion, estado_prestamo) OVERRIDING SYSTEM VALUE VALUES (323, 222, 9, 8, '2026-06-05', '2026-06-20', NULL, NULL, 'Prestado');
INSERT INTO public.prestamo (id_prestamo, id_ejemplar, id_socio, id_empleado_prestamo, fecha_prestamo, fecha_limite, fecha_devolucion, id_empleado_devolucion, estado_prestamo) OVERRIDING SYSTEM VALUE VALUES (324, 66, 80, 10, '2026-04-22', '2026-05-07', '2026-05-05', 10, 'Devuelto');
INSERT INTO public.prestamo (id_prestamo, id_ejemplar, id_socio, id_empleado_prestamo, fecha_prestamo, fecha_limite, fecha_devolucion, id_empleado_devolucion, estado_prestamo) OVERRIDING SYSTEM VALUE VALUES (325, 131, 45, 5, '2026-05-18', '2026-06-02', '2026-06-01', 5, 'Devuelto');
INSERT INTO public.prestamo (id_prestamo, id_ejemplar, id_socio, id_empleado_prestamo, fecha_prestamo, fecha_limite, fecha_devolucion, id_empleado_devolucion, estado_prestamo) OVERRIDING SYSTEM VALUE VALUES (326, 241, 71, 12, '2026-06-12', '2026-06-27', NULL, NULL, 'Prestado');
INSERT INTO public.prestamo (id_prestamo, id_ejemplar, id_socio, id_empleado_prestamo, fecha_prestamo, fecha_limite, fecha_devolucion, id_empleado_devolucion, estado_prestamo) OVERRIDING SYSTEM VALUE VALUES (327, 50, 3, 2, '2026-05-01', '2026-05-16', '2026-05-14', 2, 'Devuelto');
INSERT INTO public.prestamo (id_prestamo, id_ejemplar, id_socio, id_empleado_prestamo, fecha_prestamo, fecha_limite, fecha_devolucion, id_empleado_devolucion, estado_prestamo) OVERRIDING SYSTEM VALUE VALUES (328, 185, 99, 14, '2026-05-24', '2026-06-08', '2026-06-06', 14, 'Devuelto');
INSERT INTO public.prestamo (id_prestamo, id_ejemplar, id_socio, id_empleado_prestamo, fecha_prestamo, fecha_limite, fecha_devolucion, id_empleado_devolucion, estado_prestamo) OVERRIDING SYSTEM VALUE VALUES (329, 210, 64, 1, '2026-06-14', '2026-06-29', NULL, NULL, 'Prestado');
INSERT INTO public.prestamo (id_prestamo, id_ejemplar, id_socio, id_empleado_prestamo, fecha_prestamo, fecha_limite, fecha_devolucion, id_empleado_devolucion, estado_prestamo) OVERRIDING SYSTEM VALUE VALUES (330, 93, 17, 9, '2026-04-19', '2026-05-04', '2026-05-02', 9, 'Devuelto');
INSERT INTO public.prestamo (id_prestamo, id_ejemplar, id_socio, id_empleado_prestamo, fecha_prestamo, fecha_limite, fecha_devolucion, id_empleado_devolucion, estado_prestamo) OVERRIDING SYSTEM VALUE VALUES (331, 275, 53, 6, '2026-05-15', '2026-05-30', '2026-05-29', 6, 'Devuelto');
INSERT INTO public.prestamo (id_prestamo, id_ejemplar, id_socio, id_empleado_prestamo, fecha_prestamo, fecha_limite, fecha_devolucion, id_empleado_devolucion, estado_prestamo) OVERRIDING SYSTEM VALUE VALUES (332, 102, 38, 3, '2026-06-08', '2026-06-23', NULL, NULL, 'Prestado');
INSERT INTO public.prestamo (id_prestamo, id_ejemplar, id_socio, id_empleado_prestamo, fecha_prestamo, fecha_limite, fecha_devolucion, id_empleado_devolucion, estado_prestamo) OVERRIDING SYSTEM VALUE VALUES (333, 14, 29, 13, '2026-05-09', '2026-05-24', '2026-05-22', 13, 'Devuelto');
INSERT INTO public.prestamo (id_prestamo, id_ejemplar, id_socio, id_empleado_prestamo, fecha_prestamo, fecha_limite, fecha_devolucion, id_empleado_devolucion, estado_prestamo) OVERRIDING SYSTEM VALUE VALUES (334, 160, 81, 8, '2026-05-26', '2026-06-10', '2026-06-09', 8, 'Devuelto');
INSERT INTO public.prestamo (id_prestamo, id_ejemplar, id_socio, id_empleado_prestamo, fecha_prestamo, fecha_limite, fecha_devolucion, id_empleado_devolucion, estado_prestamo) OVERRIDING SYSTEM VALUE VALUES (335, 239, 44, 4, '2026-06-03', '2026-06-18', NULL, NULL, 'Prestado');
INSERT INTO public.prestamo (id_prestamo, id_ejemplar, id_socio, id_empleado_prestamo, fecha_prestamo, fecha_limite, fecha_devolucion, id_empleado_devolucion, estado_prestamo) OVERRIDING SYSTEM VALUE VALUES (336, 73, 50, 10, '2026-05-12', '2026-05-27', '2026-05-24', 10, 'Devuelto');
INSERT INTO public.prestamo (id_prestamo, id_ejemplar, id_socio, id_empleado_prestamo, fecha_prestamo, fecha_limite, fecha_devolucion, id_empleado_devolucion, estado_prestamo) OVERRIDING SYSTEM VALUE VALUES (337, 182, 92, 12, '2026-05-22', '2026-06-06', '2026-06-04', 12, 'Devuelto');
INSERT INTO public.prestamo (id_prestamo, id_ejemplar, id_socio, id_empleado_prestamo, fecha_prestamo, fecha_limite, fecha_devolucion, id_empleado_devolucion, estado_prestamo) OVERRIDING SYSTEM VALUE VALUES (338, 266, 6, 2, '2026-06-11', '2026-06-26', NULL, NULL, 'Prestado');
INSERT INTO public.prestamo (id_prestamo, id_ejemplar, id_socio, id_empleado_prestamo, fecha_prestamo, fecha_limite, fecha_devolucion, id_empleado_devolucion, estado_prestamo) OVERRIDING SYSTEM VALUE VALUES (339, 49, 73, 14, '2026-04-28', '2026-05-13', '2026-05-11', 14, 'Devuelto');
INSERT INTO public.prestamo (id_prestamo, id_ejemplar, id_socio, id_empleado_prestamo, fecha_prestamo, fecha_limite, fecha_devolucion, id_empleado_devolucion, estado_prestamo) OVERRIDING SYSTEM VALUE VALUES (340, 135, 15, 7, '2026-05-17', '2026-06-01', '2026-05-30', 7, 'Devuelto');
INSERT INTO public.prestamo (id_prestamo, id_ejemplar, id_socio, id_empleado_prestamo, fecha_prestamo, fecha_limite, fecha_devolucion, id_empleado_devolucion, estado_prestamo) OVERRIDING SYSTEM VALUE VALUES (341, 218, 59, 9, '2026-06-13', '2026-06-28', NULL, NULL, 'Prestado');
INSERT INTO public.prestamo (id_prestamo, id_ejemplar, id_socio, id_empleado_prestamo, fecha_prestamo, fecha_limite, fecha_devolucion, id_empleado_devolucion, estado_prestamo) OVERRIDING SYSTEM VALUE VALUES (342, 58, 87, 5, '2026-05-04', '2026-05-19', '2026-05-16', 5, 'Devuelto');
INSERT INTO public.prestamo (id_prestamo, id_ejemplar, id_socio, id_empleado_prestamo, fecha_prestamo, fecha_limite, fecha_devolucion, id_empleado_devolucion, estado_prestamo) OVERRIDING SYSTEM VALUE VALUES (343, 162, 33, 13, '2026-05-25', '2026-06-09', '2026-06-08', 13, 'Devuelto');
INSERT INTO public.prestamo (id_prestamo, id_ejemplar, id_socio, id_empleado_prestamo, fecha_prestamo, fecha_limite, fecha_devolucion, id_empleado_devolucion, estado_prestamo) OVERRIDING SYSTEM VALUE VALUES (344, 251, 62, 1, '2026-06-06', '2026-06-21', NULL, NULL, 'Prestado');
INSERT INTO public.prestamo (id_prestamo, id_ejemplar, id_socio, id_empleado_prestamo, fecha_prestamo, fecha_limite, fecha_devolucion, id_empleado_devolucion, estado_prestamo) OVERRIDING SYSTEM VALUE VALUES (345, 104, 21, 6, '2026-04-15', '2026-04-30', '2026-04-28', 6, 'Devuelto');
INSERT INTO public.prestamo (id_prestamo, id_ejemplar, id_socio, id_empleado_prestamo, fecha_prestamo, fecha_limite, fecha_devolucion, id_empleado_devolucion, estado_prestamo) OVERRIDING SYSTEM VALUE VALUES (346, 191, 77, 8, '2026-05-13', '2026-05-28', '2026-05-27', 8, 'Devuelto');
INSERT INTO public.prestamo (id_prestamo, id_ejemplar, id_socio, id_empleado_prestamo, fecha_prestamo, fecha_limite, fecha_devolucion, id_empleado_devolucion, estado_prestamo) OVERRIDING SYSTEM VALUE VALUES (347, 283, 40, 3, '2026-06-15', '2026-06-30', NULL, NULL, 'Prestado');
INSERT INTO public.prestamo (id_prestamo, id_ejemplar, id_socio, id_empleado_prestamo, fecha_prestamo, fecha_limite, fecha_devolucion, id_empleado_devolucion, estado_prestamo) OVERRIDING SYSTEM VALUE VALUES (348, 22, 95, 10, '2026-05-02', '2026-05-17', '2026-05-15', 10, 'Devuelto');
INSERT INTO public.prestamo (id_prestamo, id_ejemplar, id_socio, id_empleado_prestamo, fecha_prestamo, fecha_limite, fecha_devolucion, id_empleado_devolucion, estado_prestamo) OVERRIDING SYSTEM VALUE VALUES (349, 129, 14, 12, '2026-05-29', '2026-06-13', '2026-06-11', 12, 'Devuelto');
INSERT INTO public.prestamo (id_prestamo, id_ejemplar, id_socio, id_empleado_prestamo, fecha_prestamo, fecha_limite, fecha_devolucion, id_empleado_devolucion, estado_prestamo) OVERRIDING SYSTEM VALUE VALUES (350, 206, 52, 4, '2026-06-04', '2026-06-19', NULL, NULL, 'Prestado');
INSERT INTO public.prestamo (id_prestamo, id_ejemplar, id_socio, id_empleado_prestamo, fecha_prestamo, fecha_limite, fecha_devolucion, id_empleado_devolucion, estado_prestamo) OVERRIDING SYSTEM VALUE VALUES (351, 79, 83, 14, '2026-04-20', '2026-05-05', '2026-05-02', 14, 'Devuelto');
INSERT INTO public.prestamo (id_prestamo, id_ejemplar, id_socio, id_empleado_prestamo, fecha_prestamo, fecha_limite, fecha_devolucion, id_empleado_devolucion, estado_prestamo) OVERRIDING SYSTEM VALUE VALUES (352, 154, 26, 7, '2026-05-16', '2026-05-31', '2026-05-29', 7, 'Devuelto');
INSERT INTO public.prestamo (id_prestamo, id_ejemplar, id_socio, id_empleado_prestamo, fecha_prestamo, fecha_limite, fecha_devolucion, id_empleado_devolucion, estado_prestamo) OVERRIDING SYSTEM VALUE VALUES (353, 246, 69, 11, '2026-06-11', '2026-06-26', NULL, NULL, 'Prestado');
INSERT INTO public.prestamo (id_prestamo, id_ejemplar, id_socio, id_empleado_prestamo, fecha_prestamo, fecha_limite, fecha_devolucion, id_empleado_devolucion, estado_prestamo) OVERRIDING SYSTEM VALUE VALUES (354, 39, 91, 2, '2026-05-07', '2026-05-22', '2026-05-20', 2, 'Devuelto');
INSERT INTO public.prestamo (id_prestamo, id_ejemplar, id_socio, id_empleado_prestamo, fecha_prestamo, fecha_limite, fecha_devolucion, id_empleado_devolucion, estado_prestamo) OVERRIDING SYSTEM VALUE VALUES (355, 116, 36, 5, '2026-05-27', '2026-06-11', '2026-06-10', 5, 'Devuelto');
INSERT INTO public.prestamo (id_prestamo, id_ejemplar, id_socio, id_empleado_prestamo, fecha_prestamo, fecha_limite, fecha_devolucion, id_empleado_devolucion, estado_prestamo) OVERRIDING SYSTEM VALUE VALUES (356, 219, 58, 9, '2026-06-01', '2026-06-16', '2026-06-15', 9, 'Devuelto');
INSERT INTO public.prestamo (id_prestamo, id_ejemplar, id_socio, id_empleado_prestamo, fecha_prestamo, fecha_limite, fecha_devolucion, id_empleado_devolucion, estado_prestamo) OVERRIDING SYSTEM VALUE VALUES (357, 96, 4, 13, '2026-04-10', '2026-04-25', '2026-04-23', 13, 'Devuelto');
INSERT INTO public.prestamo (id_prestamo, id_ejemplar, id_socio, id_empleado_prestamo, fecha_prestamo, fecha_limite, fecha_devolucion, id_empleado_devolucion, estado_prestamo) OVERRIDING SYSTEM VALUE VALUES (358, 172, 72, 1, '2026-05-22', '2026-06-06', '2026-06-04', 1, 'Devuelto');
INSERT INTO public.prestamo (id_prestamo, id_ejemplar, id_socio, id_empleado_prestamo, fecha_prestamo, fecha_limite, fecha_devolucion, id_empleado_devolucion, estado_prestamo) OVERRIDING SYSTEM VALUE VALUES (359, 261, 30, 6, '2026-06-12', '2026-06-27', NULL, NULL, 'Prestado');
INSERT INTO public.prestamo (id_prestamo, id_ejemplar, id_socio, id_empleado_prestamo, fecha_prestamo, fecha_limite, fecha_devolucion, id_empleado_devolucion, estado_prestamo) OVERRIDING SYSTEM VALUE VALUES (360, 5, 84, 8, '2026-05-03', '2026-05-18', '2026-05-15', 8, 'Devuelto');
INSERT INTO public.prestamo (id_prestamo, id_ejemplar, id_socio, id_empleado_prestamo, fecha_prestamo, fecha_limite, fecha_devolucion, id_empleado_devolucion, estado_prestamo) OVERRIDING SYSTEM VALUE VALUES (361, 111, 48, 3, '2026-05-28', '2026-06-12', '2026-06-10', 3, 'Devuelto');
INSERT INTO public.prestamo (id_prestamo, id_ejemplar, id_socio, id_empleado_prestamo, fecha_prestamo, fecha_limite, fecha_devolucion, id_empleado_devolucion, estado_prestamo) OVERRIDING SYSTEM VALUE VALUES (362, 198, 10, 15, '2026-06-05', '2026-06-20', NULL, NULL, 'Prestado');
INSERT INTO public.prestamo (id_prestamo, id_ejemplar, id_socio, id_empleado_prestamo, fecha_prestamo, fecha_limite, fecha_devolucion, id_empleado_devolucion, estado_prestamo) OVERRIDING SYSTEM VALUE VALUES (363, 62, 63, 10, '2026-04-18', '2026-05-03', '2026-05-01', 10, 'Devuelto');
INSERT INTO public.prestamo (id_prestamo, id_ejemplar, id_socio, id_empleado_prestamo, fecha_prestamo, fecha_limite, fecha_devolucion, id_empleado_devolucion, estado_prestamo) OVERRIDING SYSTEM VALUE VALUES (364, 138, 97, 12, '2026-05-14', '2026-05-29', '2026-05-26', 12, 'Devuelto');
INSERT INTO public.prestamo (id_prestamo, id_ejemplar, id_socio, id_empleado_prestamo, fecha_prestamo, fecha_limite, fecha_devolucion, id_empleado_devolucion, estado_prestamo) OVERRIDING SYSTEM VALUE VALUES (365, 231, 22, 4, '2026-06-13', '2026-06-28', NULL, NULL, 'Prestado');
INSERT INTO public.prestamo (id_prestamo, id_ejemplar, id_socio, id_empleado_prestamo, fecha_prestamo, fecha_limite, fecha_devolucion, id_empleado_devolucion, estado_prestamo) OVERRIDING SYSTEM VALUE VALUES (366, 27, 56, 14, '2026-05-01', '2026-05-16', '2026-05-14', 14, 'Devuelto');
INSERT INTO public.prestamo (id_prestamo, id_ejemplar, id_socio, id_empleado_prestamo, fecha_prestamo, fecha_limite, fecha_devolucion, id_empleado_devolucion, estado_prestamo) OVERRIDING SYSTEM VALUE VALUES (367, 120, 89, 7, '2026-05-24', '2026-06-08', '2026-06-07', 7, 'Devuelto');
INSERT INTO public.prestamo (id_prestamo, id_ejemplar, id_socio, id_empleado_prestamo, fecha_prestamo, fecha_limite, fecha_devolucion, id_empleado_devolucion, estado_prestamo) OVERRIDING SYSTEM VALUE VALUES (368, 204, 35, 11, '2026-06-07', '2026-06-22', NULL, NULL, 'Prestado');
INSERT INTO public.prestamo (id_prestamo, id_ejemplar, id_socio, id_empleado_prestamo, fecha_prestamo, fecha_limite, fecha_devolucion, id_empleado_devolucion, estado_prestamo) OVERRIDING SYSTEM VALUE VALUES (369, 70, 79, 2, '2026-04-26', '2026-05-11', '2026-05-09', 2, 'Devuelto');
INSERT INTO public.prestamo (id_prestamo, id_ejemplar, id_socio, id_empleado_prestamo, fecha_prestamo, fecha_limite, fecha_devolucion, id_empleado_devolucion, estado_prestamo) OVERRIDING SYSTEM VALUE VALUES (370, 149, 13, 5, '2026-05-19', '2026-06-03', '2026-06-01', 5, 'Devuelto');
INSERT INTO public.prestamo (id_prestamo, id_ejemplar, id_socio, id_empleado_prestamo, fecha_prestamo, fecha_limite, fecha_devolucion, id_empleado_devolucion, estado_prestamo) OVERRIDING SYSTEM VALUE VALUES (371, 245, 47, 9, '2026-06-09', '2026-06-24', NULL, NULL, 'Prestado');
INSERT INTO public.prestamo (id_prestamo, id_ejemplar, id_socio, id_empleado_prestamo, fecha_prestamo, fecha_limite, fecha_devolucion, id_empleado_devolucion, estado_prestamo) OVERRIDING SYSTEM VALUE VALUES (372, 34, 61, 13, '2026-05-06', '2026-05-21', '2026-05-18', 13, 'Devuelto');
INSERT INTO public.prestamo (id_prestamo, id_ejemplar, id_socio, id_empleado_prestamo, fecha_prestamo, fecha_limite, fecha_devolucion, id_empleado_devolucion, estado_prestamo) OVERRIDING SYSTEM VALUE VALUES (373, 107, 2, 1, '2026-05-21', '2026-06-05', '2026-06-04', 1, 'Devuelto');
INSERT INTO public.prestamo (id_prestamo, id_ejemplar, id_socio, id_empleado_prestamo, fecha_prestamo, fecha_limite, fecha_devolucion, id_empleado_devolucion, estado_prestamo) OVERRIDING SYSTEM VALUE VALUES (374, 214, 43, 6, '2026-06-14', '2026-06-29', NULL, NULL, 'Prestado');
INSERT INTO public.prestamo (id_prestamo, id_ejemplar, id_socio, id_empleado_prestamo, fecha_prestamo, fecha_limite, fecha_devolucion, id_empleado_devolucion, estado_prestamo) OVERRIDING SYSTEM VALUE VALUES (375, 88, 75, 8, '2026-04-11', '2026-04-26', '2026-04-24', 8, 'Devuelto');
INSERT INTO public.prestamo (id_prestamo, id_ejemplar, id_socio, id_empleado_prestamo, fecha_prestamo, fecha_limite, fecha_devolucion, id_empleado_devolucion, estado_prestamo) OVERRIDING SYSTEM VALUE VALUES (376, 163, 18, 3, '2026-05-23', '2026-06-07', '2026-06-05', 3, 'Devuelto');
INSERT INTO public.prestamo (id_prestamo, id_ejemplar, id_socio, id_empleado_prestamo, fecha_prestamo, fecha_limite, fecha_devolucion, id_empleado_devolucion, estado_prestamo) OVERRIDING SYSTEM VALUE VALUES (377, 257, 51, 15, '2026-06-03', '2026-06-18', NULL, NULL, 'Prestado');
INSERT INTO public.prestamo (id_prestamo, id_ejemplar, id_socio, id_empleado_prestamo, fecha_prestamo, fecha_limite, fecha_devolucion, id_empleado_devolucion, estado_prestamo) OVERRIDING SYSTEM VALUE VALUES (378, 11, 85, 10, '2026-05-02', '2026-05-17', '2026-05-14', 10, 'Devuelto');
INSERT INTO public.prestamo (id_prestamo, id_ejemplar, id_socio, id_empleado_prestamo, fecha_prestamo, fecha_limite, fecha_devolucion, id_empleado_devolucion, estado_prestamo) OVERRIDING SYSTEM VALUE VALUES (379, 113, 27, 12, '2026-05-26', '2026-06-10', '2026-06-08', 12, 'Devuelto');
INSERT INTO public.prestamo (id_prestamo, id_ejemplar, id_socio, id_empleado_prestamo, fecha_prestamo, fecha_limite, fecha_devolucion, id_empleado_devolucion, estado_prestamo) OVERRIDING SYSTEM VALUE VALUES (380, 194, 60, 4, '2026-06-12', '2026-06-27', NULL, NULL, 'Prestado');
INSERT INTO public.prestamo (id_prestamo, id_ejemplar, id_socio, id_empleado_prestamo, fecha_prestamo, fecha_limite, fecha_devolucion, id_empleado_devolucion, estado_prestamo) OVERRIDING SYSTEM VALUE VALUES (381, 56, 94, 14, '2026-04-14', '2026-04-29', '2026-04-26', 14, 'Devuelto');
INSERT INTO public.prestamo (id_prestamo, id_ejemplar, id_socio, id_empleado_prestamo, fecha_prestamo, fecha_limite, fecha_devolucion, id_empleado_devolucion, estado_prestamo) OVERRIDING SYSTEM VALUE VALUES (382, 141, 11, 7, '2026-05-15', '2026-05-30', '2026-05-28', 7, 'Devuelto');
INSERT INTO public.prestamo (id_prestamo, id_ejemplar, id_socio, id_empleado_prestamo, fecha_prestamo, fecha_limite, fecha_devolucion, id_empleado_devolucion, estado_prestamo) OVERRIDING SYSTEM VALUE VALUES (383, 226, 44, 11, '2026-06-01', '2026-06-16', '2026-06-15', 11, 'Devuelto');
INSERT INTO public.prestamo (id_prestamo, id_ejemplar, id_socio, id_empleado_prestamo, fecha_prestamo, fecha_limite, fecha_devolucion, id_empleado_devolucion, estado_prestamo) OVERRIDING SYSTEM VALUE VALUES (384, 76, 78, 2, '2026-04-29', '2026-05-14', '2026-05-12', 2, 'Devuelto');
INSERT INTO public.prestamo (id_prestamo, id_ejemplar, id_socio, id_empleado_prestamo, fecha_prestamo, fecha_limite, fecha_devolucion, id_empleado_devolucion, estado_prestamo) OVERRIDING SYSTEM VALUE VALUES (385, 151, 24, 5, '2026-05-18', '2026-06-02', '2026-05-31', 5, 'Devuelto');
INSERT INTO public.prestamo (id_prestamo, id_ejemplar, id_socio, id_empleado_prestamo, fecha_prestamo, fecha_limite, fecha_devolucion, id_empleado_devolucion, estado_prestamo) OVERRIDING SYSTEM VALUE VALUES (386, 248, 66, 9, '2026-06-11', '2026-06-26', NULL, NULL, 'Prestado');
INSERT INTO public.prestamo (id_prestamo, id_ejemplar, id_socio, id_empleado_prestamo, fecha_prestamo, fecha_limite, fecha_devolucion, id_empleado_devolucion, estado_prestamo) OVERRIDING SYSTEM VALUE VALUES (387, 43, 99, 13, '2026-05-05', '2026-05-20', '2026-05-19', 13, 'Devuelto');
INSERT INTO public.prestamo (id_prestamo, id_ejemplar, id_socio, id_empleado_prestamo, fecha_prestamo, fecha_limite, fecha_devolucion, id_empleado_devolucion, estado_prestamo) OVERRIDING SYSTEM VALUE VALUES (388, 126, 31, 1, '2026-05-20', '2026-06-04', '2026-06-02', 1, 'Devuelto');
INSERT INTO public.prestamo (id_prestamo, id_ejemplar, id_socio, id_empleado_prestamo, fecha_prestamo, fecha_limite, fecha_devolucion, id_empleado_devolucion, estado_prestamo) OVERRIDING SYSTEM VALUE VALUES (389, 215, 65, 6, '2026-06-06', '2026-06-21', NULL, NULL, 'Prestado');
INSERT INTO public.prestamo (id_prestamo, id_ejemplar, id_socio, id_empleado_prestamo, fecha_prestamo, fecha_limite, fecha_devolucion, id_empleado_devolucion, estado_prestamo) OVERRIDING SYSTEM VALUE VALUES (390, 92, 8, 8, '2026-04-24', '2026-05-09', '2026-05-06', 8, 'Devuelto');
INSERT INTO public.prestamo (id_prestamo, id_ejemplar, id_socio, id_empleado_prestamo, fecha_prestamo, fecha_limite, fecha_devolucion, id_empleado_devolucion, estado_prestamo) OVERRIDING SYSTEM VALUE VALUES (391, 169, 42, 3, '2026-05-22', '2026-06-06', '2026-06-04', 3, 'Devuelto');
INSERT INTO public.prestamo (id_prestamo, id_ejemplar, id_socio, id_empleado_prestamo, fecha_prestamo, fecha_limite, fecha_devolucion, id_empleado_devolucion, estado_prestamo) OVERRIDING SYSTEM VALUE VALUES (392, 269, 74, 15, '2026-06-15', '2026-06-30', NULL, NULL, 'Prestado');
INSERT INTO public.prestamo (id_prestamo, id_ejemplar, id_socio, id_empleado_prestamo, fecha_prestamo, fecha_limite, fecha_devolucion, id_empleado_devolucion, estado_prestamo) OVERRIDING SYSTEM VALUE VALUES (393, 21, 16, 10, '2026-05-03', '2026-05-18', '2026-05-16', 10, 'Devuelto');
INSERT INTO public.prestamo (id_prestamo, id_ejemplar, id_socio, id_empleado_prestamo, fecha_prestamo, fecha_limite, fecha_devolucion, id_empleado_devolucion, estado_prestamo) OVERRIDING SYSTEM VALUE VALUES (394, 105, 50, 12, '2026-05-25', '2026-06-09', '2026-06-07', 12, 'Devuelto');
INSERT INTO public.prestamo (id_prestamo, id_ejemplar, id_socio, id_empleado_prestamo, fecha_prestamo, fecha_limite, fecha_devolucion, id_empleado_devolucion, estado_prestamo) OVERRIDING SYSTEM VALUE VALUES (395, 199, 82, 4, '2026-06-04', '2026-06-19', NULL, NULL, 'Prestado');
INSERT INTO public.prestamo (id_prestamo, id_ejemplar, id_socio, id_empleado_prestamo, fecha_prestamo, fecha_limite, fecha_devolucion, id_empleado_devolucion, estado_prestamo) OVERRIDING SYSTEM VALUE VALUES (396, 65, 23, 14, '2026-04-17', '2026-05-02', '2026-04-30', 14, 'Devuelto');
INSERT INTO public.prestamo (id_prestamo, id_ejemplar, id_socio, id_empleado_prestamo, fecha_prestamo, fecha_limite, fecha_devolucion, id_empleado_devolucion, estado_prestamo) OVERRIDING SYSTEM VALUE VALUES (397, 142, 57, 7, '2026-05-19', '2026-06-03', '2026-05-31', 7, 'Devuelto');
INSERT INTO public.prestamo (id_prestamo, id_ejemplar, id_socio, id_empleado_prestamo, fecha_prestamo, fecha_limite, fecha_devolucion, id_empleado_devolucion, estado_prestamo) OVERRIDING SYSTEM VALUE VALUES (398, 233, 91, 11, '2026-06-13', '2026-06-28', NULL, NULL, 'Prestado');
INSERT INTO public.prestamo (id_prestamo, id_ejemplar, id_socio, id_empleado_prestamo, fecha_prestamo, fecha_limite, fecha_devolucion, id_empleado_devolucion, estado_prestamo) OVERRIDING SYSTEM VALUE VALUES (399, 32, 33, 2, '2026-05-02', '2026-05-17', '2026-05-15', 2, 'Devuelto');
INSERT INTO public.prestamo (id_prestamo, id_ejemplar, id_socio, id_empleado_prestamo, fecha_prestamo, fecha_limite, fecha_devolucion, id_empleado_devolucion, estado_prestamo) OVERRIDING SYSTEM VALUE VALUES (400, 114, 69, 5, '2026-05-24', '2026-06-08', '2026-06-06', 5, 'Devuelto');
INSERT INTO public.prestamo (id_prestamo, id_ejemplar, id_socio, id_empleado_prestamo, fecha_prestamo, fecha_limite, fecha_devolucion, id_empleado_devolucion, estado_prestamo) OVERRIDING SYSTEM VALUE VALUES (401, 209, 5, 9, '2026-06-08', '2026-06-23', NULL, NULL, 'Prestado');
INSERT INTO public.prestamo (id_prestamo, id_ejemplar, id_socio, id_empleado_prestamo, fecha_prestamo, fecha_limite, fecha_devolucion, id_empleado_devolucion, estado_prestamo) OVERRIDING SYSTEM VALUE VALUES (402, 81, 39, 13, '2026-04-21', '2026-05-06', '2026-05-04', 13, 'Devuelto');
INSERT INTO public.prestamo (id_prestamo, id_ejemplar, id_socio, id_empleado_prestamo, fecha_prestamo, fecha_limite, fecha_devolucion, id_empleado_devolucion, estado_prestamo) OVERRIDING SYSTEM VALUE VALUES (403, 158, 71, 1, '2026-05-16', '2026-05-31', '2026-05-29', 1, 'Devuelto');
INSERT INTO public.prestamo (id_prestamo, id_ejemplar, id_socio, id_empleado_prestamo, fecha_prestamo, fecha_limite, fecha_devolucion, id_empleado_devolucion, estado_prestamo) OVERRIDING SYSTEM VALUE VALUES (404, 252, 12, 6, '2026-06-10', '2026-06-25', NULL, NULL, 'Prestado');
INSERT INTO public.prestamo (id_prestamo, id_ejemplar, id_socio, id_empleado_prestamo, fecha_prestamo, fecha_limite, fecha_devolucion, id_empleado_devolucion, estado_prestamo) OVERRIDING SYSTEM VALUE VALUES (405, 12, 46, 8, '2026-05-04', '2026-05-19', '2026-05-17', 8, 'Devuelto');
INSERT INTO public.prestamo (id_prestamo, id_ejemplar, id_socio, id_empleado_prestamo, fecha_prestamo, fecha_limite, fecha_devolucion, id_empleado_devolucion, estado_prestamo) OVERRIDING SYSTEM VALUE VALUES (406, 110, 80, 3, '2026-05-27', '2026-06-11', '2026-06-09', 3, 'Devuelto');
INSERT INTO public.prestamo (id_prestamo, id_ejemplar, id_socio, id_empleado_prestamo, fecha_prestamo, fecha_limite, fecha_devolucion, id_empleado_devolucion, estado_prestamo) OVERRIDING SYSTEM VALUE VALUES (407, 192, 17, 15, '2026-06-03', '2026-06-18', NULL, NULL, 'Prestado');
INSERT INTO public.prestamo (id_prestamo, id_ejemplar, id_socio, id_empleado_prestamo, fecha_prestamo, fecha_limite, fecha_devolucion, id_empleado_devolucion, estado_prestamo) OVERRIDING SYSTEM VALUE VALUES (408, 59, 53, 10, '2026-04-15', '2026-04-30', '2026-04-28', 10, 'Devuelto');
INSERT INTO public.prestamo (id_prestamo, id_ejemplar, id_socio, id_empleado_prestamo, fecha_prestamo, fecha_limite, fecha_devolucion, id_empleado_devolucion, estado_prestamo) OVERRIDING SYSTEM VALUE VALUES (409, 136, 85, 12, '2026-05-22', '2026-06-06', '2026-06-05', 12, 'Devuelto');
INSERT INTO public.prestamo (id_prestamo, id_ejemplar, id_socio, id_empleado_prestamo, fecha_prestamo, fecha_limite, fecha_devolucion, id_empleado_devolucion, estado_prestamo) OVERRIDING SYSTEM VALUE VALUES (410, 229, 29, 4, '2026-06-14', '2026-06-29', NULL, NULL, 'Prestado');
INSERT INTO public.prestamo (id_prestamo, id_ejemplar, id_socio, id_empleado_prestamo, fecha_prestamo, fecha_limite, fecha_devolucion, id_empleado_devolucion, estado_prestamo) OVERRIDING SYSTEM VALUE VALUES (411, 26, 61, 14, '2026-05-01', '2026-05-16', '2026-05-14', 14, 'Devuelto');
INSERT INTO public.prestamo (id_prestamo, id_ejemplar, id_socio, id_empleado_prestamo, fecha_prestamo, fecha_limite, fecha_devolucion, id_empleado_devolucion, estado_prestamo) OVERRIDING SYSTEM VALUE VALUES (412, 119, 93, 7, '2026-05-23', '2026-06-07', '2026-06-05', 7, 'Devuelto');
INSERT INTO public.prestamo (id_prestamo, id_ejemplar, id_socio, id_empleado_prestamo, fecha_prestamo, fecha_limite, fecha_devolucion, id_empleado_devolucion, estado_prestamo) OVERRIDING SYSTEM VALUE VALUES (413, 201, 38, 11, '2026-06-02', '2026-06-17', NULL, NULL, 'Prestado');
INSERT INTO public.prestamo (id_prestamo, id_ejemplar, id_socio, id_empleado_prestamo, fecha_prestamo, fecha_limite, fecha_devolucion, id_empleado_devolucion, estado_prestamo) OVERRIDING SYSTEM VALUE VALUES (414, 67, 72, 2, '2026-04-28', '2026-05-13', '2026-05-10', 2, 'Devuelto');
INSERT INTO public.prestamo (id_prestamo, id_ejemplar, id_socio, id_empleado_prestamo, fecha_prestamo, fecha_limite, fecha_devolucion, id_empleado_devolucion, estado_prestamo) OVERRIDING SYSTEM VALUE VALUES (415, 146, 10, 5, '2026-05-19', '2026-06-03', '2026-06-02', 5, 'Devuelto');
INSERT INTO public.prestamo (id_prestamo, id_ejemplar, id_socio, id_empleado_prestamo, fecha_prestamo, fecha_limite, fecha_devolucion, id_empleado_devolucion, estado_prestamo) OVERRIDING SYSTEM VALUE VALUES (416, 240, 44, 9, '2026-06-11', '2026-06-26', NULL, NULL, 'Prestado');
INSERT INTO public.prestamo (id_prestamo, id_ejemplar, id_socio, id_empleado_prestamo, fecha_prestamo, fecha_limite, fecha_devolucion, id_empleado_devolucion, estado_prestamo) OVERRIDING SYSTEM VALUE VALUES (417, 31, 78, 13, '2026-05-05', '2026-05-20', '2026-05-18', 13, 'Devuelto');
INSERT INTO public.prestamo (id_prestamo, id_ejemplar, id_socio, id_empleado_prestamo, fecha_prestamo, fecha_limite, fecha_devolucion, id_empleado_devolucion, estado_prestamo) OVERRIDING SYSTEM VALUE VALUES (418, 106, 24, 1, '2026-02-10', '2026-02-25', NULL, NULL, 'Vencido'); 
INSERT INTO public.prestamo (id_prestamo, id_ejemplar, id_socio, id_empleado_prestamo, fecha_prestamo, fecha_limite, fecha_devolucion, id_empleado_devolucion, estado_prestamo) OVERRIDING SYSTEM VALUE VALUES (419, 211, 56, 6, '2026-05-28', '2026-06-12', '2026-06-10', 6, 'Devuelto');
INSERT INTO public.prestamo (id_prestamo, id_ejemplar, id_socio, id_empleado_prestamo, fecha_prestamo, fecha_limite, fecha_devolucion, id_empleado_devolucion, estado_prestamo) OVERRIDING SYSTEM VALUE VALUES (420, 86, 90, 8, '2026-06-06', '2026-06-21', NULL, NULL, 'Prestado');
INSERT INTO public.prestamo (id_prestamo, id_ejemplar, id_socio, id_empleado_prestamo, fecha_prestamo, fecha_limite, fecha_devolucion, id_empleado_devolucion, estado_prestamo) OVERRIDING SYSTEM VALUE VALUES (421, 161, 32, 3, '2026-05-14', '2026-05-29', '2026-05-27', 3, 'Devuelto');
INSERT INTO public.prestamo (id_prestamo, id_ejemplar, id_socio, id_empleado_prestamo, fecha_prestamo, fecha_limite, fecha_devolucion, id_empleado_devolucion, estado_prestamo) OVERRIDING SYSTEM VALUE VALUES (422, 255, 64, 15, '2026-05-26', '2026-06-10', '2026-06-08', 15, 'Devuelto');
INSERT INTO public.prestamo (id_prestamo, id_ejemplar, id_socio, id_empleado_prestamo, fecha_prestamo, fecha_limite, fecha_devolucion, id_empleado_devolucion, estado_prestamo) OVERRIDING SYSTEM VALUE VALUES (423, 9, 2, 10, '2026-06-15', '2026-06-30', NULL, NULL, 'Prestado');
INSERT INTO public.prestamo (id_prestamo, id_ejemplar, id_socio, id_empleado_prestamo, fecha_prestamo, fecha_limite, fecha_devolucion, id_empleado_devolucion, estado_prestamo) OVERRIDING SYSTEM VALUE VALUES (424, 112, 36, 12, '2026-05-02', '2026-05-17', '2026-05-15', 12, 'Devuelto');
INSERT INTO public.prestamo (id_prestamo, id_ejemplar, id_socio, id_empleado_prestamo, fecha_prestamo, fecha_limite, fecha_devolucion, id_empleado_devolucion, estado_prestamo) OVERRIDING SYSTEM VALUE VALUES (425, 193, 70, 4, '2026-05-24', '2026-06-08', '2026-06-07', 4, 'Devuelto');
INSERT INTO public.prestamo (id_prestamo, id_ejemplar, id_socio, id_empleado_prestamo, fecha_prestamo, fecha_limite, fecha_devolucion, id_empleado_devolucion, estado_prestamo) OVERRIDING SYSTEM VALUE VALUES (426, 54, 14, 14, '2026-06-01', '2026-06-16', '2026-06-15', 14, 'Devuelto');
INSERT INTO public.prestamo (id_prestamo, id_ejemplar, id_socio, id_empleado_prestamo, fecha_prestamo, fecha_limite, fecha_devolucion, id_empleado_devolucion, estado_prestamo) OVERRIDING SYSTEM VALUE VALUES (427, 139, 48, 7, '2026-05-11', '2026-05-26', '2026-05-23', 7, 'Devuelto');
INSERT INTO public.prestamo (id_prestamo, id_ejemplar, id_socio, id_empleado_prestamo, fecha_prestamo, fecha_limite, fecha_devolucion, id_empleado_devolucion, estado_prestamo) OVERRIDING SYSTEM VALUE VALUES (428, 224, 82, 11, '2026-05-29', '2026-06-13', '2026-06-12', 11, 'Devuelto');
INSERT INTO public.prestamo (id_prestamo, id_ejemplar, id_socio, id_empleado_prestamo, fecha_prestamo, fecha_limite, fecha_devolucion, id_empleado_devolucion, estado_prestamo) OVERRIDING SYSTEM VALUE VALUES (429, 74, 26, 2, '2026-06-12', '2026-06-27', NULL, NULL, 'Prestado');
INSERT INTO public.prestamo (id_prestamo, id_ejemplar, id_socio, id_empleado_prestamo, fecha_prestamo, fecha_limite, fecha_devolucion, id_empleado_devolucion, estado_prestamo) OVERRIDING SYSTEM VALUE VALUES (430, 147, 60, 5, '2026-04-30', '2026-05-15', '2026-05-12', 5, 'Devuelto');
INSERT INTO public.prestamo (id_prestamo, id_ejemplar, id_socio, id_empleado_prestamo, fecha_prestamo, fecha_limite, fecha_devolucion, id_empleado_devolucion, estado_prestamo) OVERRIDING SYSTEM VALUE VALUES (431, 242, 94, 9, '2026-05-20', '2026-06-04', '2026-06-02', 9, 'Devuelto');
INSERT INTO public.prestamo (id_prestamo, id_ejemplar, id_socio, id_empleado_prestamo, fecha_prestamo, fecha_limite, fecha_devolucion, id_empleado_devolucion, estado_prestamo) OVERRIDING SYSTEM VALUE VALUES (432, 40, 37, 13, '2026-06-07', '2026-06-22', NULL, NULL, 'Prestado');
INSERT INTO public.prestamo (id_prestamo, id_ejemplar, id_socio, id_empleado_prestamo, fecha_prestamo, fecha_limite, fecha_devolucion, id_empleado_devolucion, estado_prestamo) OVERRIDING SYSTEM VALUE VALUES (433, 123, 71, 1, '2026-05-15', '2026-05-30', '2026-05-28', 1, 'Devuelto');
INSERT INTO public.prestamo (id_prestamo, id_ejemplar, id_socio, id_empleado_prestamo, fecha_prestamo, fecha_limite, fecha_devolucion, id_empleado_devolucion, estado_prestamo) OVERRIDING SYSTEM VALUE VALUES (434, 212, 15, 6, '2026-05-25', '2026-06-09', '2026-06-08', 6, 'Devuelto');
INSERT INTO public.prestamo (id_prestamo, id_ejemplar, id_socio, id_empleado_prestamo, fecha_prestamo, fecha_limite, fecha_devolucion, id_empleado_devolucion, estado_prestamo) OVERRIDING SYSTEM VALUE VALUES (435, 95, 49, 8, '2026-06-13', '2026-06-28', NULL, NULL, 'Prestado');
INSERT INTO public.prestamo (id_prestamo, id_ejemplar, id_socio, id_empleado_prestamo, fecha_prestamo, fecha_limite, fecha_devolucion, id_empleado_devolucion, estado_prestamo) OVERRIDING SYSTEM VALUE VALUES (436, 170, 83, 3, '2026-05-04', '2026-05-19', '2026-05-16', 3, 'Devuelto');
INSERT INTO public.prestamo (id_prestamo, id_ejemplar, id_socio, id_empleado_prestamo, fecha_prestamo, fecha_limite, fecha_devolucion, id_empleado_devolucion, estado_prestamo) OVERRIDING SYSTEM VALUE VALUES (437, 264, 27, 15, '2026-05-26', '2026-06-10', '2026-06-09', 15, 'Devuelto');
INSERT INTO public.prestamo (id_prestamo, id_ejemplar, id_socio, id_empleado_prestamo, fecha_prestamo, fecha_limite, fecha_devolucion, id_empleado_devolucion, estado_prestamo) OVERRIDING SYSTEM VALUE VALUES (438, 20, 61, 4, '2026-06-04', '2026-06-19', NULL, NULL, 'Prestado');
INSERT INTO public.prestamo (id_prestamo, id_ejemplar, id_socio, id_empleado_prestamo, fecha_prestamo, fecha_limite, fecha_devolucion, id_empleado_devolucion, estado_prestamo) OVERRIDING SYSTEM VALUE VALUES (439, 101, 95, 14, '2026-04-18', '2026-05-03', '2026-05-01', 14, 'Devuelto');
INSERT INTO public.prestamo (id_prestamo, id_ejemplar, id_socio, id_empleado_prestamo, fecha_prestamo, fecha_limite, fecha_devolucion, id_empleado_devolucion, estado_prestamo) OVERRIDING SYSTEM VALUE VALUES (440, 186, 39, 7, '2026-05-19', '2026-06-03', '2026-06-01', 7, 'Devuelto');
INSERT INTO public.prestamo (id_prestamo, id_ejemplar, id_socio, id_empleado_prestamo, fecha_prestamo, fecha_limite, fecha_devolucion, id_empleado_devolucion, estado_prestamo) OVERRIDING SYSTEM VALUE VALUES (441, 279, 73, 11, '2026-06-14', '2026-06-29', NULL, NULL, 'Prestado');
INSERT INTO public.prestamo (id_prestamo, id_ejemplar, id_socio, id_empleado_prestamo, fecha_prestamo, fecha_limite, fecha_devolucion, id_empleado_devolucion, estado_prestamo) OVERRIDING SYSTEM VALUE VALUES (442, 62, 11, 2, '2026-05-07', '2026-05-22', '2026-05-20', 2, 'Devuelto');
INSERT INTO public.prestamo (id_prestamo, id_ejemplar, id_socio, id_empleado_prestamo, fecha_prestamo, fecha_limite, fecha_devolucion, id_empleado_devolucion, estado_prestamo) OVERRIDING SYSTEM VALUE VALUES (443, 137, 45, 5, '2026-05-24', '2026-06-08', '2026-06-07', 5, 'Devuelto');
INSERT INTO public.prestamo (id_prestamo, id_ejemplar, id_socio, id_empleado_prestamo, fecha_prestamo, fecha_limite, fecha_devolucion, id_empleado_devolucion, estado_prestamo) OVERRIDING SYSTEM VALUE VALUES (444, 230, 89, 9, '2026-06-09', '2026-06-24', NULL, NULL, 'Prestado');
INSERT INTO public.prestamo (id_prestamo, id_ejemplar, id_socio, id_empleado_prestamo, fecha_prestamo, fecha_limite, fecha_devolucion, id_empleado_devolucion, estado_prestamo) OVERRIDING SYSTEM VALUE VALUES (445, 78, 23, 13, '2026-04-20', '2026-05-05', '2026-05-03', 13, 'Devuelto');
INSERT INTO public.prestamo (id_prestamo, id_ejemplar, id_socio, id_empleado_prestamo, fecha_prestamo, fecha_limite, fecha_devolucion, id_empleado_devolucion, estado_prestamo) OVERRIDING SYSTEM VALUE VALUES (446, 152, 57, 1, '2026-05-16', '2026-05-31', '2026-05-30', 1, 'Devuelto');
INSERT INTO public.prestamo (id_prestamo, id_ejemplar, id_socio, id_empleado_prestamo, fecha_prestamo, fecha_limite, fecha_devolucion, id_empleado_devolucion, estado_prestamo) OVERRIDING SYSTEM VALUE VALUES (447, 247, 91, 6, '2026-06-11', '2026-06-26', NULL, NULL, 'Prestado');
INSERT INTO public.prestamo (id_prestamo, id_ejemplar, id_socio, id_empleado_prestamo, fecha_prestamo, fecha_limite, fecha_devolucion, id_empleado_devolucion, estado_prestamo) OVERRIDING SYSTEM VALUE VALUES (448, 16, 33, 8, '2026-05-01', '2026-05-16', '2026-05-13', 8, 'Devuelto');
INSERT INTO public.prestamo (id_prestamo, id_ejemplar, id_socio, id_empleado_prestamo, fecha_prestamo, fecha_limite, fecha_devolucion, id_empleado_devolucion, estado_prestamo) OVERRIDING SYSTEM VALUE VALUES (449, 108, 67, 3, '2026-05-22', '2026-06-06', '2026-06-05', 3, 'Devuelto');
INSERT INTO public.prestamo (id_prestamo, id_ejemplar, id_socio, id_empleado_prestamo, fecha_prestamo, fecha_limite, fecha_devolucion, id_empleado_devolucion, estado_prestamo) OVERRIDING SYSTEM VALUE VALUES (450, 202, 5, 15, '2026-06-03', '2026-06-18', NULL, NULL, 'Prestado');
INSERT INTO public.prestamo (id_prestamo, id_ejemplar, id_socio, id_empleado_prestamo, fecha_prestamo, fecha_limite, fecha_devolucion, id_empleado_devolucion, estado_prestamo) OVERRIDING SYSTEM VALUE VALUES (451, 52, 39, 10, '2026-04-12', '2026-04-27', '2026-04-25', 10, 'Devuelto');
INSERT INTO public.prestamo (id_prestamo, id_ejemplar, id_socio, id_empleado_prestamo, fecha_prestamo, fecha_limite, fecha_devolucion, id_empleado_devolucion, estado_prestamo) OVERRIDING SYSTEM VALUE VALUES (452, 133, 71, 12, '2026-05-14', '2026-05-29', '2026-05-27', 12, 'Devuelto');
INSERT INTO public.prestamo (id_prestamo, id_ejemplar, id_socio, id_empleado_prestamo, fecha_prestamo, fecha_limite, fecha_devolucion, id_empleado_devolucion, estado_prestamo) OVERRIDING SYSTEM VALUE VALUES (453, 227, 12, 4, '2026-06-14', '2026-06-29', NULL, NULL, 'Prestado');
INSERT INTO public.prestamo (id_prestamo, id_ejemplar, id_socio, id_empleado_prestamo, fecha_prestamo, fecha_limite, fecha_devolucion, id_empleado_devolucion, estado_prestamo) OVERRIDING SYSTEM VALUE VALUES (454, 25, 46, 14, '2026-05-02', '2026-05-17', '2026-05-15', 14, 'Devuelto');
INSERT INTO public.prestamo (id_prestamo, id_ejemplar, id_socio, id_empleado_prestamo, fecha_prestamo, fecha_limite, fecha_devolucion, id_empleado_devolucion, estado_prestamo) OVERRIDING SYSTEM VALUE VALUES (455, 117, 80, 7, '2026-05-24', '2026-06-08', '2026-06-07', 7, 'Devuelto');
INSERT INTO public.prestamo (id_prestamo, id_ejemplar, id_socio, id_empleado_prestamo, fecha_prestamo, fecha_limite, fecha_devolucion, id_empleado_devolucion, estado_prestamo) OVERRIDING SYSTEM VALUE VALUES (456, 197, 18, 11, '2026-06-01', '2026-06-16', '2026-06-15', 11, 'Devuelto');
INSERT INTO public.prestamo (id_prestamo, id_ejemplar, id_socio, id_empleado_prestamo, fecha_prestamo, fecha_limite, fecha_devolucion, id_empleado_devolucion, estado_prestamo) OVERRIDING SYSTEM VALUE VALUES (457, 71, 52, 2, '2026-04-29', '2026-05-14', '2026-05-11', 2, 'Devuelto');
INSERT INTO public.prestamo (id_prestamo, id_ejemplar, id_socio, id_empleado_prestamo, fecha_prestamo, fecha_limite, fecha_devolucion, id_empleado_devolucion, estado_prestamo) OVERRIDING SYSTEM VALUE VALUES (458, 148, 86, 5, '2026-05-19', '2026-06-03', '2026-06-01', 5, 'Devuelto');
INSERT INTO public.prestamo (id_prestamo, id_ejemplar, id_socio, id_empleado_prestamo, fecha_prestamo, fecha_limite, fecha_devolucion, id_empleado_devolucion, estado_prestamo) OVERRIDING SYSTEM VALUE VALUES (459, 238, 20, 9, '2026-06-11', '2026-06-26', NULL, NULL, 'Prestado');
INSERT INTO public.prestamo (id_prestamo, id_ejemplar, id_socio, id_empleado_prestamo, fecha_prestamo, fecha_limite, fecha_devolucion, id_empleado_devolucion, estado_prestamo) OVERRIDING SYSTEM VALUE VALUES (460, 38, 54, 13, '2026-05-04', '2026-05-19', '2026-05-16', 13, 'Devuelto');
INSERT INTO public.prestamo (id_prestamo, id_ejemplar, id_socio, id_empleado_prestamo, fecha_prestamo, fecha_limite, fecha_devolucion, id_empleado_devolucion, estado_prestamo) OVERRIDING SYSTEM VALUE VALUES (461, 122, 88, 1, '2026-05-25', '2026-06-09', '2026-06-08', 1, 'Devuelto');
INSERT INTO public.prestamo (id_prestamo, id_ejemplar, id_socio, id_empleado_prestamo, fecha_prestamo, fecha_limite, fecha_devolucion, id_empleado_devolucion, estado_prestamo) OVERRIDING SYSTEM VALUE VALUES (462, 217, 22, 6, '2026-06-07', '2026-06-22', NULL, NULL, 'Prestado');
INSERT INTO public.prestamo (id_prestamo, id_ejemplar, id_socio, id_empleado_prestamo, fecha_prestamo, fecha_limite, fecha_devolucion, id_empleado_devolucion, estado_prestamo) OVERRIDING SYSTEM VALUE VALUES (463, 87, 56, 8, '2026-04-10', '2026-04-25', '2026-04-22', 8, 'Devuelto');
INSERT INTO public.prestamo (id_prestamo, id_ejemplar, id_socio, id_empleado_prestamo, fecha_prestamo, fecha_limite, fecha_devolucion, id_empleado_devolucion, estado_prestamo) OVERRIDING SYSTEM VALUE VALUES (464, 166, 90, 3, '2026-05-23', '2026-06-07', '2026-06-06', 3, 'Devuelto');
INSERT INTO public.prestamo (id_prestamo, id_ejemplar, id_socio, id_empleado_prestamo, fecha_prestamo, fecha_limite, fecha_devolucion, id_empleado_devolucion, estado_prestamo) OVERRIDING SYSTEM VALUE VALUES (465, 260, 32, 15, '2026-06-15', '2026-06-30', NULL, NULL, 'Prestado');
INSERT INTO public.prestamo (id_prestamo, id_ejemplar, id_socio, id_empleado_prestamo, fecha_prestamo, fecha_limite, fecha_devolucion, id_empleado_devolucion, estado_prestamo) OVERRIDING SYSTEM VALUE VALUES (466, 7, 66, 10, '2026-05-02', '2026-05-17', '2026-05-14', 10, 'Devuelto');
INSERT INTO public.prestamo (id_prestamo, id_ejemplar, id_socio, id_empleado_prestamo, fecha_prestamo, fecha_limite, fecha_devolucion, id_empleado_devolucion, estado_prestamo) OVERRIDING SYSTEM VALUE VALUES (467, 99, 100, 12, '2026-05-26', '2026-06-10', '2026-06-09', 12, 'Devuelto');
INSERT INTO public.prestamo (id_prestamo, id_ejemplar, id_socio, id_empleado_prestamo, fecha_prestamo, fecha_limite, fecha_devolucion, id_empleado_devolucion, estado_prestamo) OVERRIDING SYSTEM VALUE VALUES (468, 181, 42, 4, '2026-06-03', '2026-06-18', NULL, NULL, 'Prestado');
INSERT INTO public.prestamo (id_prestamo, id_ejemplar, id_socio, id_empleado_prestamo, fecha_prestamo, fecha_limite, fecha_devolucion, id_empleado_devolucion, estado_prestamo) OVERRIDING SYSTEM VALUE VALUES (469, 47, 76, 14, '2026-04-16', '2026-05-01', '2026-04-29', 14, 'Devuelto');
INSERT INTO public.prestamo (id_prestamo, id_ejemplar, id_socio, id_empleado_prestamo, fecha_prestamo, fecha_limite, fecha_devolucion, id_empleado_devolucion, estado_prestamo) OVERRIDING SYSTEM VALUE VALUES (470, 127, 14, 7, '2026-05-18', '2026-06-02', '2026-05-31', 7, 'Devuelto');
INSERT INTO public.prestamo (id_prestamo, id_ejemplar, id_socio, id_empleado_prestamo, fecha_prestamo, fecha_limite, fecha_devolucion, id_empleado_devolucion, estado_prestamo) OVERRIDING SYSTEM VALUE VALUES (471, 213, 48, 11, '2026-06-13', '2026-06-28', NULL, NULL, 'Prestado');
INSERT INTO public.prestamo (id_prestamo, id_ejemplar, id_socio, id_empleado_prestamo, fecha_prestamo, fecha_limite, fecha_devolucion, id_empleado_devolucion, estado_prestamo) OVERRIDING SYSTEM VALUE VALUES (472, 13, 82, 2, '2026-05-05', '2026-05-20', '2026-05-19', 2, 'Devuelto');
INSERT INTO public.prestamo (id_prestamo, id_ejemplar, id_socio, id_empleado_prestamo, fecha_prestamo, fecha_limite, fecha_devolucion, id_empleado_devolucion, estado_prestamo) OVERRIDING SYSTEM VALUE VALUES (473, 91, 26, 5, '2026-01-22', '2026-02-06', NULL, NULL, 'Vencido');
INSERT INTO public.prestamo (id_prestamo, id_ejemplar, id_socio, id_empleado_prestamo, fecha_prestamo, fecha_limite, fecha_devolucion, id_empleado_devolucion, estado_prestamo) OVERRIDING SYSTEM VALUE VALUES (474, 174, 60, 9, '2026-05-27', '2026-06-11', '2026-06-09', 9, 'Devuelto');
INSERT INTO public.prestamo (id_prestamo, id_ejemplar, id_socio, id_empleado_prestamo, fecha_prestamo, fecha_limite, fecha_devolucion, id_empleado_devolucion, estado_prestamo) OVERRIDING SYSTEM VALUE VALUES (475, 274, 94, 13, '2026-06-08', '2026-06-23', NULL, NULL, 'Prestado');
INSERT INTO public.prestamo (id_prestamo, id_ejemplar, id_socio, id_empleado_prestamo, fecha_prestamo, fecha_limite, fecha_devolucion, id_empleado_devolucion, estado_prestamo) OVERRIDING SYSTEM VALUE VALUES (476, 37, 31, 1, '2026-04-21', '2026-05-06', '2026-05-05', 1, 'Devuelto');
INSERT INTO public.prestamo (id_prestamo, id_ejemplar, id_socio, id_empleado_prestamo, fecha_prestamo, fecha_limite, fecha_devolucion, id_empleado_devolucion, estado_prestamo) OVERRIDING SYSTEM VALUE VALUES (477, 115, 65, 6, '2026-05-17', '2026-06-01', '2026-05-30', 6, 'Devuelto');
INSERT INTO public.prestamo (id_prestamo, id_ejemplar, id_socio, id_empleado_prestamo, fecha_prestamo, fecha_limite, fecha_devolucion, id_empleado_devolucion, estado_prestamo) OVERRIDING SYSTEM VALUE VALUES (478, 205, 9, 8, '2026-06-10', '2026-06-25', NULL, NULL, 'Prestado');
INSERT INTO public.prestamo (id_prestamo, id_ejemplar, id_socio, id_empleado_prestamo, fecha_prestamo, fecha_limite, fecha_devolucion, id_empleado_devolucion, estado_prestamo) OVERRIDING SYSTEM VALUE VALUES (479, 57, 43, 3, '2026-05-01', '2026-05-16', '2026-05-14', 3, 'Devuelto');
INSERT INTO public.prestamo (id_prestamo, id_ejemplar, id_socio, id_empleado_prestamo, fecha_prestamo, fecha_limite, fecha_devolucion, id_empleado_devolucion, estado_prestamo) OVERRIDING SYSTEM VALUE VALUES (480, 131, 77, 15, '2026-05-23', '2026-06-07', '2026-06-05', 15, 'Devuelto');
INSERT INTO public.prestamo (id_prestamo, id_ejemplar, id_socio, id_empleado_prestamo, fecha_prestamo, fecha_limite, fecha_devolucion, id_empleado_devolucion, estado_prestamo) OVERRIDING SYSTEM VALUE VALUES (481, 225, 13, 10, '2026-06-14', '2026-06-29', NULL, NULL, 'Prestado');
INSERT INTO public.prestamo (id_prestamo, id_ejemplar, id_socio, id_empleado_prestamo, fecha_prestamo, fecha_limite, fecha_devolucion, id_empleado_devolucion, estado_prestamo) OVERRIDING SYSTEM VALUE VALUES (482, 8, 47, 12, '2026-04-18', '2026-05-03', '2026-05-01', 12, 'Devuelto');
INSERT INTO public.prestamo (id_prestamo, id_ejemplar, id_socio, id_empleado_prestamo, fecha_prestamo, fecha_limite, fecha_devolucion, id_empleado_devolucion, estado_prestamo) OVERRIDING SYSTEM VALUE VALUES (483, 85, 81, 4, '2026-05-20', '2026-06-04', '2026-06-02', 4, 'Devuelto');
INSERT INTO public.prestamo (id_prestamo, id_ejemplar, id_socio, id_empleado_prestamo, fecha_prestamo, fecha_limite, fecha_devolucion, id_empleado_devolucion, estado_prestamo) OVERRIDING SYSTEM VALUE VALUES (484, 182, 11, 14, '2026-06-06', '2026-06-21', NULL, NULL, 'Prestado');
INSERT INTO public.prestamo (id_prestamo, id_ejemplar, id_socio, id_empleado_prestamo, fecha_prestamo, fecha_limite, fecha_devolucion, id_empleado_devolucion, estado_prestamo) OVERRIDING SYSTEM VALUE VALUES (485, 41, 45, 7, '2026-05-06', '2026-05-21', '2026-05-19', 7, 'Devuelto');
INSERT INTO public.prestamo (id_prestamo, id_ejemplar, id_socio, id_empleado_prestamo, fecha_prestamo, fecha_limite, fecha_devolucion, id_empleado_devolucion, estado_prestamo) OVERRIDING SYSTEM VALUE VALUES (486, 120, 79, 11, '2026-05-25', '2026-06-09', '2026-06-08', 11, 'Devuelto');
INSERT INTO public.prestamo (id_prestamo, id_ejemplar, id_socio, id_empleado_prestamo, fecha_prestamo, fecha_limite, fecha_devolucion, id_empleado_devolucion, estado_prestamo) OVERRIDING SYSTEM VALUE VALUES (487, 210, 19, 2, '2026-06-12', '2026-06-27', NULL, NULL, 'Prestado');
INSERT INTO public.prestamo (id_prestamo, id_ejemplar, id_socio, id_empleado_prestamo, fecha_prestamo, fecha_limite, fecha_devolucion, id_empleado_devolucion, estado_prestamo) OVERRIDING SYSTEM VALUE VALUES (488, 69, 53, 5, '2026-04-30', '2026-05-15', '2026-05-13', 5, 'Devuelto');
INSERT INTO public.prestamo (id_prestamo, id_ejemplar, id_socio, id_empleado_prestamo, fecha_prestamo, fecha_limite, fecha_devolucion, id_empleado_devolucion, estado_prestamo) OVERRIDING SYSTEM VALUE VALUES (489, 144, 87, 9, '2026-05-21', '2026-06-05', '2026-06-03', 9, 'Devuelto');
INSERT INTO public.prestamo (id_prestamo, id_ejemplar, id_socio, id_empleado_prestamo, fecha_prestamo, fecha_limite, fecha_devolucion, id_empleado_devolucion, estado_prestamo) OVERRIDING SYSTEM VALUE VALUES (490, 241, 23, 13, '2026-06-04', '2026-06-19', NULL, NULL, 'Prestado');
INSERT INTO public.prestamo (id_prestamo, id_ejemplar, id_socio, id_empleado_prestamo, fecha_prestamo, fecha_limite, fecha_devolucion, id_empleado_devolucion, estado_prestamo) OVERRIDING SYSTEM VALUE VALUES (491, 14, 57, 1, '2026-05-02', '2026-05-17', '2026-05-14', 1, 'Devuelto');
INSERT INTO public.prestamo (id_prestamo, id_ejemplar, id_socio, id_empleado_prestamo, fecha_prestamo, fecha_limite, fecha_devolucion, id_empleado_devolucion, estado_prestamo) OVERRIDING SYSTEM VALUE VALUES (492, 102, 91, 6, '2026-05-24', '2026-06-08', '2026-06-06', 6, 'Devuelto');
INSERT INTO public.prestamo (id_prestamo, id_ejemplar, id_socio, id_empleado_prestamo, fecha_prestamo, fecha_limite, fecha_devolucion, id_empleado_devolucion, estado_prestamo) OVERRIDING SYSTEM VALUE VALUES (493, 191, 27, 8, '2026-06-13', '2026-06-28', NULL, NULL, 'Prestado');
INSERT INTO public.prestamo (id_prestamo, id_ejemplar, id_socio, id_empleado_prestamo, fecha_prestamo, fecha_limite, fecha_devolucion, id_empleado_devolucion, estado_prestamo) OVERRIDING SYSTEM VALUE VALUES (494, 50, 61, 3, '2026-05-11', '2026-05-26', '2026-05-24', 3, 'Devuelto');
INSERT INTO public.prestamo (id_prestamo, id_ejemplar, id_socio, id_empleado_prestamo, fecha_prestamo, fecha_limite, fecha_devolucion, id_empleado_devolucion, estado_prestamo) OVERRIDING SYSTEM VALUE VALUES (495, 126, 95, 15, '2026-05-27', '2026-06-11', '2026-06-10', 15, 'Devuelto');
INSERT INTO public.prestamo (id_prestamo, id_ejemplar, id_socio, id_empleado_prestamo, fecha_prestamo, fecha_limite, fecha_devolucion, id_empleado_devolucion, estado_prestamo) OVERRIDING SYSTEM VALUE VALUES (496, 218, 35, 10, '2026-06-02', '2026-06-17', '2026-06-17', 10, 'Devuelto');
INSERT INTO public.prestamo (id_prestamo, id_ejemplar, id_socio, id_empleado_prestamo, fecha_prestamo, fecha_limite, fecha_devolucion, id_empleado_devolucion, estado_prestamo) OVERRIDING SYSTEM VALUE VALUES (497, 73, 69, 12, '2026-04-15', '2026-04-30', '2026-04-28', 12, 'Devuelto');
INSERT INTO public.prestamo (id_prestamo, id_ejemplar, id_socio, id_empleado_prestamo, fecha_prestamo, fecha_limite, fecha_devolucion, id_empleado_devolucion, estado_prestamo) OVERRIDING SYSTEM VALUE VALUES (498, 156, 3, 4, '2026-05-18', '2026-06-02', '2026-05-31', 4, 'Devuelto');
INSERT INTO public.prestamo (id_prestamo, id_ejemplar, id_socio, id_empleado_prestamo, fecha_prestamo, fecha_limite, fecha_devolucion, id_empleado_devolucion, estado_prestamo) OVERRIDING SYSTEM VALUE VALUES (499, 251, 37, 14, '2026-06-15', '2026-06-30', NULL, NULL, 'Prestado');
INSERT INTO public.prestamo (id_prestamo, id_ejemplar, id_socio, id_empleado_prestamo, fecha_prestamo, fecha_limite, fecha_devolucion, id_empleado_devolucion, estado_prestamo) OVERRIDING SYSTEM VALUE VALUES (500, 33, 71, 7, '2026-05-12', '2026-05-27', '2026-05-25', 7, 'Devuelto');

--
-- Data for Name: tarifa_multa; Type: TABLE DATA; Schema: public; Owner: postgres
--

INSERT INTO public.tarifa_multa (id_tarifa, descripcion, precio_por_dia) OVERRIDING SYSTEM VALUE VALUES (1, 'Estudiante ', 0.50);
INSERT INTO public.tarifa_multa (id_tarifa, descripcion, precio_por_dia) OVERRIDING SYSTEM VALUE VALUES (2, 'General ', 1.00);


--
-- Data for Name: multa; Type: TABLE DATA; Schema: public; Owner: postgres
--

-- MULTAS DETECTADAS EN EL LOTE 101 - 200 (CORREGIDO DESDE ID 1)
INSERT INTO public.multa (id_multa, id_prestamo, id_tarifa, dias_retraso, monto_total, estado_pago) OVERRIDING SYSTEM VALUE VALUES (1, 131, 2, 19, 19.00, 'Pendiente');
INSERT INTO public.multa (id_multa, id_prestamo, id_tarifa, dias_retraso, monto_total, estado_pago) OVERRIDING SYSTEM VALUE VALUES (2, 132, 2, 22, 22.00, 'Pendiente');
INSERT INTO public.multa (id_multa, id_prestamo, id_tarifa, dias_retraso, monto_total, estado_pago) OVERRIDING SYSTEM VALUE VALUES (3, 134, 2, 68, 68.00, 'Pendiente');
INSERT INTO public.multa (id_multa, id_prestamo, id_tarifa, dias_retraso, monto_total, estado_pago) OVERRIDING SYSTEM VALUE VALUES (4, 135, 2, 21, 21.00, 'Pendiente');
INSERT INTO public.multa (id_multa, id_prestamo, id_tarifa, dias_retraso, monto_total, estado_pago) OVERRIDING SYSTEM VALUE VALUES (5, 136, 2, 54, 54.00, 'Pendiente');
INSERT INTO public.multa (id_multa, id_prestamo, id_tarifa, dias_retraso, monto_total, estado_pago) OVERRIDING SYSTEM VALUE VALUES (6, 137, 2, 47, 47.00, 'Pendiente');
INSERT INTO public.multa (id_multa, id_prestamo, id_tarifa, dias_retraso, monto_total, estado_pago) OVERRIDING SYSTEM VALUE VALUES (7, 138, 2, 17, 17.00, 'Pendiente');
INSERT INTO public.multa (id_multa, id_prestamo, id_tarifa, dias_retraso, monto_total, estado_pago) OVERRIDING SYSTEM VALUE VALUES (8, 140, 2, 136, 136.00, 'Pendiente');
INSERT INTO public.multa (id_multa, id_prestamo, id_tarifa, dias_retraso, monto_total, estado_pago) OVERRIDING SYSTEM VALUE VALUES (9, 141, 2, 82, 82.00, 'Pendiente');
INSERT INTO public.multa (id_multa, id_prestamo, id_tarifa, dias_retraso, monto_total, estado_pago) OVERRIDING SYSTEM VALUE VALUES (10, 142, 2, 36, 36.00, 'Pendiente');
INSERT INTO public.multa (id_multa, id_prestamo, id_tarifa, dias_retraso, monto_total, estado_pago) OVERRIDING SYSTEM VALUE VALUES (11, 144, 2, 48, 48.00, 'Pendiente');
INSERT INTO public.multa (id_multa, id_prestamo, id_tarifa, dias_retraso, monto_total, estado_pago) OVERRIDING SYSTEM VALUE VALUES (12, 145, 2, 79, 79.00, 'Pendiente');
INSERT INTO public.multa (id_multa, id_prestamo, id_tarifa, dias_retraso, monto_total, estado_pago) OVERRIDING SYSTEM VALUE VALUES (13, 147, 2, 92, 92.00, 'Pendiente');
INSERT INTO public.multa (id_multa, id_prestamo, id_tarifa, dias_retraso, monto_total, estado_pago) OVERRIDING SYSTEM VALUE VALUES (14, 148, 2, 63, 63.00, 'Pendiente');
INSERT INTO public.multa (id_multa, id_prestamo, id_tarifa, dias_retraso, monto_total, estado_pago) OVERRIDING SYSTEM VALUE VALUES (15, 149, 2, 47, 47.00, 'Pendiente');
INSERT INTO public.multa (id_multa, id_prestamo, id_tarifa, dias_retraso, monto_total, estado_pago) OVERRIDING SYSTEM VALUE VALUES (16, 150, 2, 122, 122.00, 'Pendiente');
INSERT INTO public.multa (id_multa, id_prestamo, id_tarifa, dias_retraso, monto_total, estado_pago) OVERRIDING SYSTEM VALUE VALUES (17, 151, 2, 66, 66.00, 'Pendiente');
INSERT INTO public.multa (id_multa, id_prestamo, id_tarifa, dias_retraso, monto_total, estado_pago) OVERRIDING SYSTEM VALUE VALUES (18, 153, 2, 53, 53.00, 'Pendiente');
INSERT INTO public.multa (id_multa, id_prestamo, id_tarifa, dias_retraso, monto_total, estado_pago) OVERRIDING SYSTEM VALUE VALUES (19, 154, 2, 105, 105.00, 'Pendiente');
INSERT INTO public.multa (id_multa, id_prestamo, id_tarifa, dias_retraso, monto_total, estado_pago) OVERRIDING SYSTEM VALUE VALUES (20, 155, 2, 71, 71.00, 'Pendiente');
INSERT INTO public.multa (id_multa, id_prestamo, id_tarifa, dias_retraso, monto_total, estado_pago) OVERRIDING SYSTEM VALUE VALUES (21, 156, 2, 88, 88.00, 'Pendiente');
INSERT INTO public.multa (id_multa, id_prestamo, id_tarifa, dias_retraso, monto_total, estado_pago) OVERRIDING SYSTEM VALUE VALUES (22, 157, 2, 34, 34.00, 'Pendiente');
INSERT INTO public.multa (id_multa, id_prestamo, id_tarifa, dias_retraso, monto_total, estado_pago) OVERRIDING SYSTEM VALUE VALUES (23, 158, 2, 73, 73.00, 'Pendiente');
INSERT INTO public.multa (id_multa, id_prestamo, id_tarifa, dias_retraso, monto_total, estado_pago) OVERRIDING SYSTEM VALUE VALUES (24, 159, 2, 75, 75.00, 'Pendiente');
INSERT INTO public.multa (id_multa, id_prestamo, id_tarifa, dias_retraso, monto_total, estado_pago) OVERRIDING SYSTEM VALUE VALUES (25, 160, 2, 43, 43.00, 'Pendiente');
INSERT INTO public.multa (id_multa, id_prestamo, id_tarifa, dias_retraso, monto_total, estado_pago) OVERRIDING SYSTEM VALUE VALUES (26, 161, 2, 42, 42.00, 'Pendiente');
INSERT INTO public.multa (id_multa, id_prestamo, id_tarifa, dias_retraso, monto_total, estado_pago) OVERRIDING SYSTEM VALUE VALUES (27, 162, 2, 84, 84.00, 'Pendiente');
INSERT INTO public.multa (id_multa, id_prestamo, id_tarifa, dias_retraso, monto_total, estado_pago) OVERRIDING SYSTEM VALUE VALUES (28, 163, 2, 53, 53.00, 'Pendiente');
INSERT INTO public.multa (id_multa, id_prestamo, id_tarifa, dias_retraso, monto_total, estado_pago) OVERRIDING SYSTEM VALUE VALUES (29, 164, 2, 68, 68.00, 'Pendiente');
INSERT INTO public.multa (id_multa, id_prestamo, id_tarifa, dias_retraso, monto_total, estado_pago) OVERRIDING SYSTEM VALUE VALUES (30, 165, 2, 41, 41.00, 'Pendiente');
INSERT INTO public.multa (id_multa, id_prestamo, id_tarifa, dias_retraso, monto_total, estado_pago) OVERRIDING SYSTEM VALUE VALUES (31, 166, 2, 137, 137.00, 'Pendiente');
INSERT INTO public.multa (id_multa, id_prestamo, id_tarifa, dias_retraso, monto_total, estado_pago) OVERRIDING SYSTEM VALUE VALUES (32, 168, 2, 80, 80.00, 'Pendiente');
INSERT INTO public.multa (id_multa, id_prestamo, id_tarifa, dias_retraso, monto_total, estado_pago) OVERRIDING SYSTEM VALUE VALUES (33, 170, 2, 72, 72.00, 'Pendiente');
INSERT INTO public.multa (id_multa, id_prestamo, id_tarifa, dias_retraso, monto_total, estado_pago) OVERRIDING SYSTEM VALUE VALUES (34, 171, 2, 39, 39.00, 'Pendiente');
INSERT INTO public.multa (id_multa, id_prestamo, id_tarifa, dias_retraso, monto_total, estado_pago) OVERRIDING SYSTEM VALUE VALUES (35, 172, 2, 49, 49.00, 'Pendiente');
INSERT INTO public.multa (id_multa, id_prestamo, id_tarifa, dias_retraso, monto_total, estado_pago) OVERRIDING SYSTEM VALUE VALUES (36, 173, 2, 153, 153.00, 'Pendiente');
INSERT INTO public.multa (id_multa, id_prestamo, id_tarifa, dias_retraso, monto_total, estado_pago) OVERRIDING SYSTEM VALUE VALUES (37, 175, 2, 48, 48.00, 'Pendiente');
INSERT INTO public.multa (id_multa, id_prestamo, id_tarifa, dias_retraso, monto_total, estado_pago) OVERRIDING SYSTEM VALUE VALUES (38, 176, 2, 49, 49.00, 'Pendiente');
INSERT INTO public.multa (id_multa, id_prestamo, id_tarifa, dias_retraso, monto_total, estado_pago) OVERRIDING SYSTEM VALUE VALUES (39, 177, 2, 37, 37.00, 'Pendiente');
INSERT INTO public.multa (id_multa, id_prestamo, id_tarifa, dias_retraso, monto_total, estado_pago) OVERRIDING SYSTEM VALUE VALUES (40, 178, 2, 133, 133.00, 'Pendiente');
INSERT INTO public.multa (id_multa, id_prestamo, id_tarifa, dias_retraso, monto_total, estado_pago) OVERRIDING SYSTEM VALUE VALUES (41, 179, 2, 135, 135.00, 'Pendiente');
INSERT INTO public.multa (id_multa, id_prestamo, id_tarifa, dias_retraso, monto_total, estado_pago) OVERRIDING SYSTEM VALUE VALUES (42, 182, 2, 114, 114.00, 'Pendiente');
INSERT INTO public.multa (id_multa, id_prestamo, id_tarifa, dias_retraso, monto_total, estado_pago) OVERRIDING SYSTEM VALUE VALUES (43, 183, 2, 114, 114.00, 'Pendiente');
INSERT INTO public.multa (id_multa, id_prestamo, id_tarifa, dias_retraso, monto_total, estado_pago) OVERRIDING SYSTEM VALUE VALUES (44, 184, 2, 50, 50.00, 'Pendiente');
INSERT INTO public.multa (id_multa, id_prestamo, id_tarifa, dias_retraso, monto_total, estado_pago) OVERRIDING SYSTEM VALUE VALUES (45, 185, 2, 93, 93.00, 'Pendiente');
INSERT INTO public.multa (id_multa, id_prestamo, id_tarifa, dias_retraso, monto_total, estado_pago) OVERRIDING SYSTEM VALUE VALUES (46, 188, 2, 44, 44.00, 'Pendiente');
INSERT INTO public.multa (id_multa, id_prestamo, id_tarifa, dias_retraso, monto_total, estado_pago) OVERRIDING SYSTEM VALUE VALUES (47, 189, 2, 63, 63.00, 'Pendiente');
INSERT INTO public.multa (id_multa, id_prestamo, id_tarifa, dias_retraso, monto_total, estado_pago) OVERRIDING SYSTEM VALUE VALUES (48, 190, 2, 69, 69.00, 'Pendiente');
INSERT INTO public.multa (id_multa, id_prestamo, id_tarifa, dias_retraso, monto_total, estado_pago) OVERRIDING SYSTEM VALUE VALUES (49, 191, 2, 118, 118.00, 'Pendiente');
INSERT INTO public.multa (id_multa, id_prestamo, id_tarifa, dias_retraso, monto_total, estado_pago) OVERRIDING SYSTEM VALUE VALUES (50, 192, 2, 87, 87.00, 'Pendiente');
INSERT INTO public.multa (id_multa, id_prestamo, id_tarifa, dias_retraso, monto_total, estado_pago) OVERRIDING SYSTEM VALUE VALUES (51, 193, 2, 71, 71.00, 'Pendiente');
INSERT INTO public.multa (id_multa, id_prestamo, id_tarifa, dias_retraso, monto_total, estado_pago) OVERRIDING SYSTEM VALUE VALUES (52, 194, 2, 70, 70.00, 'Pendiente');
INSERT INTO public.multa (id_multa, id_prestamo, id_tarifa, dias_retraso, monto_total, estado_pago) OVERRIDING SYSTEM VALUE VALUES (53, 196, 2, 115, 115.00, 'Pendiente');
INSERT INTO public.multa (id_multa, id_prestamo, id_tarifa, dias_retraso, monto_total, estado_pago) OVERRIDING SYSTEM VALUE VALUES (54, 197, 2, 77, 77.00, 'Pendiente');
INSERT INTO public.multa (id_multa, id_prestamo, id_tarifa, dias_retraso, monto_total, estado_pago) OVERRIDING SYSTEM VALUE VALUES (55, 198, 2, 121, 121.00, 'Pendiente');
INSERT INTO public.multa (id_multa, id_prestamo, id_tarifa, dias_retraso, monto_total, estado_pago) OVERRIDING SYSTEM VALUE VALUES (56, 199, 2, 135, 135.00, 'Pendiente');
INSERT INTO public.multa (id_multa, id_prestamo, id_tarifa, dias_retraso, monto_total, estado_pago) OVERRIDING SYSTEM VALUE VALUES (57, 200, 2, 43, 43.00, 'Pendiente');
INSERT INTO public.multa (id_multa, id_prestamo, id_tarifa, dias_retraso, monto_total, estado_pago) OVERRIDING SYSTEM VALUE VALUES (58, 313, 2, 97, 97.00, 'Pendiente');
INSERT INTO public.multa (id_multa, id_prestamo, id_tarifa, dias_retraso, monto_total, estado_pago) OVERRIDING SYSTEM VALUE VALUES (59, 318, 2, 90, 90.00, 'Pendiente');
INSERT INTO public.multa (id_multa, id_prestamo, id_tarifa, dias_retraso, monto_total, estado_pago) OVERRIDING SYSTEM VALUE VALUES (60, 418, 2, 113, 113.00, 'Pendiente');
INSERT INTO public.multa (id_multa, id_prestamo, id_tarifa, dias_retraso, monto_total, estado_pago) OVERRIDING SYSTEM VALUE VALUES (61, 473, 2, 132, 132.00, 'Pendiente');

commit;

--
-- Name: autor_id_autor_seq; Type: SEQUENCE SET; Schema: public; Owner: postgres
--

SELECT pg_catalog.setval('public.autor_id_autor_seq', 100, true);


--
-- Name: categoria_id_categoria_seq; Type: SEQUENCE SET; Schema: public; Owner: postgres
--

SELECT pg_catalog.setval('public.categoria_id_categoria_seq', 20, true);


--
-- Name: editorial_id_editorial_seq; Type: SEQUENCE SET; Schema: public; Owner: postgres
--

SELECT pg_catalog.setval('public.editorial_id_editorial_seq', 20, true);


--
-- Name: ejemplar_id_ejemplar_seq; Type: SEQUENCE SET; Schema: public; Owner: postgres
--

SELECT pg_catalog.setval('public.ejemplar_id_ejemplar_seq', 338, true);


--
-- Name: empleado_id_empleado_seq; Type: SEQUENCE SET; Schema: public; Owner: postgres
--

SELECT pg_catalog.setval('public.empleado_id_empleado_seq', 15, true);


--
-- Name: multa_id_multa_seq; Type: SEQUENCE SET; Schema: public; Owner: postgres
--

SELECT pg_catalog.setval('public.multa_id_multa_seq', 70, true);


--
-- Name: prestamo_id_prestamo_seq; Type: SEQUENCE SET; Schema: public; Owner: postgres
--

SELECT pg_catalog.setval('public.prestamo_id_prestamo_seq', 500, true);


--
-- Name: socio_id_socio_seq; Type: SEQUENCE SET; Schema: public; Owner: postgres
--

SELECT pg_catalog.setval('public.socio_id_socio_seq', 100, true);


--
-- Name: tarifa_multa_id_tarifa_seq; Type: SEQUENCE SET; Schema: public; Owner: postgres
--

SELECT pg_catalog.setval('public.tarifa_multa_id_tarifa_seq', 2, true);


--
-- PostgreSQL database dump complete
--

\unrestrict B95m7AKNAcWuVEK62M7Y3HF6D5TDcaDvQbkBzVbeKloH0pVfwmIchuSIR1pcFt1

SET session_replication_role = 'origin';
